2026-04-14T00:35:32.194-04:00  WARN 66083 --- [dsp-demo-project] [HikariPool-1:housekeeper] com.zaxxer.hikari.pool.PoolBase          : HikariPool-1 - Failed to validate connection org.postgresql.jdbc.PgConnection@6eb76e51 (This connection has been closed.). Possibly consider using a shorter maxLifetime value.
2026-04-14T00:35:33.548-04:00  WARN 66083 --- [dsp-demo-project] [HikariPool-1:housekeeper] com.zaxxer.hikari.pool.PoolBase          : HikariPool-1 - Failed to validate connection org.postgresql.jdbc.PgConnection@112fe72e (This connection has been closed.). Possibly consider using a shorter maxLifetime value.
2026-04-14T00:35:33.617-04:00  WARN 66083 --- [dsp-demo-project] [HikariPool-1:housekeeper] com.zaxxer.hikari.pool.HikariPool        : HikariPool-1 - Thread starvation or clock leap detected (housekeeper delta=1h20m16s473ms).
2026-04-14T00:35:35.782-04:00  WARN 66083 --- [dsp-demo-project] [HikariPool-1:housekeeper] com.zaxxer.hikari.pool.PoolBase          : HikariPool-1 - Failed to validate connection org.postgresql.jdbc.PgConnection@3bc2c644 (This connection has been closed.). Possibly consider using a shorter maxLifetime value.
2026-04-14T01:24:13.749-04:00  WARN 66083 --- [dsp-demo-project] [HikariPool-1:housekeeper] com.zaxxer.hikari.pool.PoolBase          : HikariPool-1 - Failed to validate connection org.postgresql.jdbc.PgConnection@69dff98a (This connection has been closed.). Possibly consider using a shorter maxLifetime value.
2026-04-14T01:24:14.672-04:00  WARN 66083 --- [dsp-demo-project] [HikariPool-1:housekeeper] com.zaxxer.hikari.pool.PoolBase          : HikariPool-1 - Failed to validate connection org.postgresql.jdbc.PgConnection@7b3e8267 (This connection has been closed.). Possibly consider using a shorter maxLifetime value.
2026-04-14T01:42:15.804-04:00  WARN 66083 --- [dsp-demo-project] [HikariPool-1:housekeeper] com.zaxxer.hikari.pool.PoolBase          : HikariPool-1 - Failed to validate connection org.postgresql.jdbc.PgConnection@56e39ba2 (This connection has been closed.). Possibly consider using a shorter maxLifetime value.
2026-04-14T02:14:39.355-04:00  WARN 66083 --- [dsp-demo-project] [HikariPool-1:housekeeper] com.zaxxer.hikari.pool.HikariPool        : HikariPool-1 - Thread starvation or clock leap detected (housekeeper delta=1h39m5s738ms).
2026-04-14T02:14:43.532-04:00  WARN 66083 --- [dsp-demo-project] [HikariPool-1:housekeeper] com.zaxxer.hikari.pool.PoolBase          : HikariPool-1 - Failed to validate connection org.postgresql.jdbc.PgConnection@650e4f06 (This connection has been closed.). Possibly consider using a shorter maxLifetime value.
2026-04-14T02:29:55.553-04:00  WARN 66083 --- [dsp-demo-project] [HikariPool-1:housekeeper] com.zaxxer.hikari.pool.PoolBase          : HikariPool-1 - Failed to validate connection org.postgresql.jdbc.PgConnection@20d87c06 (This connection has been closed.). Possibly consider using a shorter maxLifetime value.
2026-04-14T02:46:51.280-04:00  WARN 66083 --- [dsp-demo-project] [HikariPool-1:housekeeper] com.zaxxer.hikari.pool.PoolBase          : HikariPool-1 - Failed to validate connection org.postgresql.jdbc.PgConnection@51150783 (This connection has been closed.). Possibly consider using a shorter maxLifetime value.
2026-04-14T02:46:52.585-04:00  WARN 66083 --- [dsp-demo-project] [HikariPool-1:housekeeper] com.zaxxer.hikari.pool.PoolBase          : HikariPool-1 - Failed to validate connection org.postgresql.jdbc.PgConnection@29acea6c (This connection has been closed.). Possibly consider using a shorter maxLifetime value.
2026-04-14T03:02:34.279-04:00  WARN 66083 --- [dsp-demo-project] [HikariPool-1:housekeeper] com.zaxxer.hikari.pool.HikariPool        : HikariPool-1 - Thread starvation or clock leap detected (housekeeper delta=47m54s923ms).
2026-04-14T04:26:23.837-04:00  WARN 66083 --- [dsp-demo-project] [HikariPool-1:housekeeper] com.zaxxer.hikari.pool.HikariPool        : HikariPool-1 - Thread starvation or clock leap detected (housekeeper delta=1h23m49s559ms).
2026-04-14T04:55:10.734-04:00  WARN 66083 --- [dsp-demo-project] [HikariPool-1:housekeeper] com.zaxxer.hikari.pool.PoolBase          : HikariPool-1 - Failed to validate connection org.postgresql.jdbc.PgConnection@507cd9c5 (This connection has been closed.). Possibly consider using a shorter maxLifetime value.
2026-04-14T04:55:10.904-04:00  WARN 66083 --- [dsp-demo-project] [HikariPool-1:housekeeper] com.zaxxer.hikari.pool.PoolBase          : HikariPool-1 - Failed to validate connection org.postgresql.jdbc.PgConnection@40f248a0 (This connection has been closed.). Possibly consider using a shorter maxLifetime value.
2026-04-14T05:03:27.284-04:00  WARN 66083 --- [dsp-demo-project] [HikariPool-1:housekeeper] com.zaxxer.hikari.pool.PoolBase          : HikariPool-1 - Failed to validate connection org.postgresql.jdbc.PgConnection@e432558 (This connection has been closed.). Possibly consider using a shorter maxLifetime value.
2026-04-14T05:19:23.145-04:00  WARN 66083 --- [dsp-demo-project] [HikariPool-1:housekeeper] com.zaxxer.hikari.pool.HikariPool        : HikariPool-1 - Thread starvation or clock leap detected (housekeeper delta=52m59s308ms).
2026-04-14T05:35:51.574-04:00  WARN 66083 --- [dsp-demo-project] [HikariPool-1:housekeeper] com.zaxxer.hikari.pool.PoolBase          : HikariPool-1 - Failed to validate connection org.postgresql.jdbc.PgConnection@4851630f (This connection has been closed.). Possibly consider using a shorter maxLifetime value.
2026-04-14T05:51:00.587-04:00  WARN 66083 --- [dsp-demo-project] [HikariPool-1:housekeeper] com.zaxxer.hikari.pool.PoolBase          : HikariPool-1 - Failed to validate connection org.postgresql.jdbc.PgConnection@d4a1a06 (This connection has been closed.). Possibly consider using a shorter maxLifetime value.
2026-04-14T05:51:01.059-04:00  WARN 66083 --- [dsp-demo-project] [HikariPool-1:housekeeper] com.zaxxer.hikari.pool.PoolBase          : HikariPool-1 - Failed to validate connection org.postgresql.jdbc.PgConnection@eb3265c (This connection has been closed.). Possibly consider using a shorter maxLifetime value.
2026-04-14T06:21:56.697-04:00  WARN 66083 --- [dsp-demo-project] [HikariPool-1:housekeeper] com.zaxxer.hikari.pool.PoolBase          : HikariPool-1 - Failed to validate connection org.postgresql.jdbc.PgConnection@4d39759e (This connection has been closed.). Possibly consider using a shorter maxLifetime value.
2026-04-14T06:21:57.441-04:00  WARN 66083 --- [dsp-demo-project] [HikariPool-1:housekeeper] com.zaxxer.hikari.pool.PoolBase          : HikariPool-1 - Failed to validate connection org.postgresql.jdbc.PgConnection@2edb3476 (This connection has been closed.). Possibly consider using a shorter maxLifetime value.
2026-04-14T06:21:59.186-04:00  WARN 66083 --- [dsp-demo-project] [HikariPool-1:housekeeper] com.zaxxer.hikari.pool.PoolBase          : HikariPool-1 - Failed to validate connection org.postgresql.jdbc.PgConnection@39cd6637 (This connection has been closed.). Possibly consider using a shorter maxLifetime value.
2026-04-14T06:38:33.919-04:00  WARN 66083 --- [dsp-demo-project] [HikariPool-1:housekeeper] com.zaxxer.hikari.pool.HikariPool        : HikariPool-1 - Thread starvation or clock leap detected (housekeeper delta=1h19m10s773ms).
2026-04-14T06:46:20.179-04:00  WARN 66083 --- [dsp-demo-project] [HikariPool-1:housekeeper] com.zaxxer.hikari.pool.PoolBase          : HikariPool-1 - Failed to validate connection org.postgresql.jdbc.PgConnection@3f5e7115 (This connection has been closed.). Possibly consider using a shorter maxLifetime value.
2026-04-14T07:15:19.930-04:00  WARN 66083 --- [dsp-demo-project] [HikariPool-1:housekeeper] com.zaxxer.hikari.pool.HikariPool        : HikariPool-1 - Thread starvation or clock leap detected (housekeeper delta=36m46s11ms).
2026-04-14T08:36:28.196-04:00  WARN 66083 --- [dsp-demo-project] [HikariPool-1:housekeeper] com.zaxxer.hikari.pool.PoolBase          : HikariPool-1 - Failed to validate connection org.postgresql.jdbc.PgConnection@5f0b90e7 (This connection has been closed.). Possibly consider using a shorter maxLifetime value.
2026-04-14T08:36:31.739-04:00  WARN 66083 --- [dsp-demo-project] [HikariPool-1:housekeeper] com.zaxxer.hikari.pool.HikariPool        : HikariPool-1 - Thread starvation or clock leap detected (housekeeper delta=1h21m11s810ms).
2026-04-14T08:36:32.040-04:00  WARN 66083 --- [dsp-demo-project] [HikariPool-1:housekeeper] com.zaxxer.hikari.pool.PoolBase          : HikariPool-1 - Failed to validate connection org.postgresql.jdbc.PgConnection@41bfb797 (This connection has been closed.). Possibly consider using a shorter maxLifetime value.
2026-04-14T09:23:00.606-04:00  WARN 66083 --- [dsp-demo-project] [HikariPool-1:housekeeper] com.zaxxer.hikari.pool.PoolBase          : HikariPool-1 - Failed to validate connection org.postgresql.jdbc.PgConnection@4af8a264 (This connection has been closed.). Possibly consider using a shorter maxLifetime value.
2026-04-14T09:23:01.031-04:00  WARN 66083 --- [dsp-demo-project] [HikariPool-1:housekeeper] com.zaxxer.hikari.pool.PoolBase          : HikariPool-1 - Failed to validate connection org.postgresql.jdbc.PgConnection@69bdad74 (This connection has been closed.). Possibly consider using a shorter maxLifetime value.
2026-04-14T09:40:50.514-04:00  WARN 66083 --- [dsp-demo-project] [HikariPool-1:housekeeper] com.zaxxer.hikari.pool.PoolBase          : HikariPool-1 - Failed to validate connection org.postgresql.jdbc.PgConnection@5502bcdb (This connection has been closed.). Possibly consider using a shorter maxLifetime value.
2026-04-14T09:56:25.593-04:00  WARN 66083 --- [dsp-demo-project] [HikariPool-1:housekeeper] com.zaxxer.hikari.pool.PoolBase          : HikariPool-1 - Failed to validate connection org.postgresql.jdbc.PgConnection@5ae6df9d (This connection has been closed.). Possibly consider using a shorter maxLifetime value.
2026-04-14T09:56:28.362-04:00  WARN 66083 --- [dsp-demo-project] [HikariPool-1:housekeeper] com.zaxxer.hikari.pool.HikariPool        : HikariPool-1 - Thread starvation or clock leap detected (housekeeper delta=1h19m56s623ms).
2026-04-14T09:58:20.407-04:00  WARN 66083 --- [dsp-demo-project] [HikariPool-1:housekeeper] com.zaxxer.hikari.pool.PoolBase          : HikariPool-1 - Failed to validate connection org.postgresql.jdbc.PgConnection@2f1fe78a (This connection has been closed.). Possibly consider using a shorter maxLifetime value.
2026-04-14T09:58:26.373-04:00  WARN 66083 --- [dsp-demo-project] [HikariPool-1:housekeeper] com.zaxxer.hikari.pool.PoolBase          : HikariPool-1 - Failed to validate connection org.postgresql.jdbc.PgConnection@6b69bcd6 (This connection has been closed.). Possibly consider using a shorter maxLifetime value.
2026-04-14T09:58:28.357-04:00  WARN 66083 --- [dsp-demo-project] [HikariPool-1:housekeeper] com.zaxxer.hikari.pool.PoolBase          : HikariPool-1 - Failed to validate connection org.postgresql.jdbc.PgConnection@576c08cf (This connection has been closed.). Possibly consider using a shorter maxLifetime value.
2026-04-14T09:58:37.143-04:00  WARN 66083 --- [dsp-demo-project] [HikariPool-1:housekeeper] com.zaxxer.hikari.pool.HikariPool        : HikariPool-1 - Thread starvation or clock leap detected (housekeeper delta=2m8s781ms).
2026-04-14T09:58:44.479-04:00  WARN 66083 --- [dsp-demo-project] [HikariPool-1:housekeeper] com.zaxxer.hikari.pool.PoolBase          : HikariPool-1 - Failed to validate connection org.postgresql.jdbc.PgConnection@152b3e9b (This connection has been closed.). Possibly consider using a shorter maxLifetime value.
2026-04-14T09:59:27.560-04:00  WARN 66083 --- [dsp-demo-project] [HikariPool-1:housekeeper] com.zaxxer.hikari.pool.PoolBase          : HikariPool-1 - Failed to validate connection org.postgresql.jdbc.PgConnection@4806d291 (This connection has been closed.). Possibly consider using a shorter maxLifetime value.
2026-04-14T09:59:28.647-04:00  WARN 66083 --- [dsp-demo-project] [HikariPool-1:housekeeper] com.zaxxer.hikari.pool.PoolBase          : HikariPool-1 - Failed to validate connection org.postgresql.jdbc.PgConnection@3308a7a0 (This connection has been closed.). Possibly consider using a shorter maxLifetime value.
2026-04-14T09:59:40.358-04:00  WARN 66083 --- [dsp-demo-project] [HikariPool-1:housekeeper] com.zaxxer.hikari.pool.PoolBase          : HikariPool-1 - Failed to validate connection org.postgresql.jdbc.PgConnection@1553c3ba (This connection has been closed.). Possibly consider using a shorter maxLifetime value.
2026-04-14T09:59:44.039-04:00  WARN 66083 --- [dsp-demo-project] [HikariPool-1:housekeeper] com.zaxxer.hikari.pool.PoolBase          : HikariPool-1 - Failed to validate connection org.postgresql.jdbc.PgConnection@488ee773 (This connection has been closed.). Possibly consider using a shorter maxLifetime value.
2026-04-14T09:59:53.752-04:00  WARN 66083 --- [dsp-demo-project] [HikariPool-1:housekeeper] com.zaxxer.hikari.pool.PoolBase          : HikariPool-1 - Failed to validate connection org.postgresql.jdbc.PgConnection@3ecd6c65 (This connection has been closed.). Possibly consider using a shorter maxLifetime value.
2026-04-14T10:06:17.960-04:00  INFO 66083 --- [dsp-demo-project] [File Watcher] rtingClassPathChangeChangedEventListener : Restarting due to 1 class path change (1 addition, 0 deletions, 0 modifications)
2026-04-14T10:06:17.973-04:00  INFO 66083 --- [dsp-demo-project] [Thread-1] o.s.boot.tomcat.GracefulShutdown         : Commencing graceful shutdown. Waiting for active requests to complete
2026-04-14T10:06:17.980-04:00  INFO 66083 --- [dsp-demo-project] [tomcat-shutdown] o.s.boot.tomcat.GracefulShutdown         : Graceful shutdown complete
2026-04-14T10:06:17.988-04:00  INFO 66083 --- [dsp-demo-project] [Thread-1] j.LocalContainerEntityManagerFactoryBean : Closing JPA EntityManagerFactory for persistence unit 'default'
2026-04-14T10:06:17.993-04:00  INFO 66083 --- [dsp-demo-project] [Thread-1] com.zaxxer.hikari.HikariDataSource       : HikariPool-1 - Shutdown initiated...
2026-04-14T10:06:18.329-04:00  INFO 66083 --- [dsp-demo-project] [Thread-1] com.zaxxer.hikari.HikariDataSource       : HikariPool-1 - Shutdown completed.
2026-04-14T10:06:18.395-04:00  INFO 66083 --- [dsp-demo-project] [restartedMain] c.e.d.DspDemoProjectApplication          : Starting DspDemoProjectApplication using Java 17.0.18 with PID 66083 (/Users/garygz/IdeaProjects/dsp-demo-project/build/classes/java/main started by garygz in /Users/garygz/IdeaProjects/dsp-demo-project)
2026-04-14T10:06:18.395-04:00 DEBUG 66083 --- [dsp-demo-project] [restartedMain] c.e.d.DspDemoProjectApplication          : Running with Spring Boot v4.0.5, Spring v7.0.6
2026-04-14T10:06:18.395-04:00  INFO 66083 --- [dsp-demo-project] [restartedMain] c.e.d.DspDemoProjectApplication          : No active profile set, falling back to 1 default profile: "default"
2026-04-14T10:06:18.460-04:00  INFO 66083 --- [dsp-demo-project] [restartedMain] .s.d.r.c.RepositoryConfigurationDelegate : Bootstrapping Spring Data JPA repositories in DEFAULT mode.
2026-04-14T10:06:18.472-04:00  INFO 66083 --- [dsp-demo-project] [restartedMain] .s.d.r.c.RepositoryConfigurationDelegate : Finished Spring Data repository scanning in 10 ms. Found 1 JPA repository interface.
2026-04-14T10:06:18.513-04:00  INFO 66083 --- [dsp-demo-project] [restartedMain] o.s.boot.tomcat.TomcatWebServer          : Tomcat initialized with port 8080 (http)
2026-04-14T10:06:18.514-04:00  INFO 66083 --- [dsp-demo-project] [restartedMain] o.apache.catalina.core.StandardService   : Starting service [Tomcat]
2026-04-14T10:06:18.514-04:00  INFO 66083 --- [dsp-demo-project] [restartedMain] o.apache.catalina.core.StandardEngine    : Starting Servlet engine: [Apache Tomcat/11.0.20]
2026-04-14T10:06:18.518-04:00  INFO 66083 --- [dsp-demo-project] [restartedMain] b.w.c.s.WebApplicationContextInitializer : Root WebApplicationContext: initialization completed in 122 ms
2026-04-14T10:06:18.534-04:00  INFO 66083 --- [dsp-demo-project] [restartedMain] org.hibernate.orm.jpa                    : HHH008540: Processing PersistenceUnitInfo [name: default]
2026-04-14T10:06:18.549-04:00  INFO 66083 --- [dsp-demo-project] [restartedMain] o.s.o.j.p.SpringPersistenceUnitInfo      : No LoadTimeWeaver setup: ignoring JPA class transformer
2026-04-14T10:06:18.550-04:00  INFO 66083 --- [dsp-demo-project] [restartedMain] com.zaxxer.hikari.HikariDataSource       : HikariPool-2 - Starting...
2026-04-14T10:06:18.971-04:00  INFO 66083 --- [dsp-demo-project] [restartedMain] com.zaxxer.hikari.pool.HikariPool        : HikariPool-2 - Added connection org.postgresql.jdbc.PgConnection@766b9766
2026-04-14T10:06:18.972-04:00  INFO 66083 --- [dsp-demo-project] [restartedMain] com.zaxxer.hikari.HikariDataSource       : HikariPool-2 - Start completed.
2026-04-14T10:06:19.012-04:00  WARN 66083 --- [dsp-demo-project] [restartedMain] org.hibernate.orm.deprecation            : HHH90000025: PostgreSQLDialect does not need to be specified explicitly using 'hibernate.dialect' (remove the property setting and it will be selected by default)
2026-04-14T10:06:19.156-04:00  INFO 66083 --- [dsp-demo-project] [restartedMain] org.hibernate.orm.connections.pooling    : HHH10001005: Database info:
	Database JDBC URL [jdbc:postgresql://dsp-demo-1.cwomfw6wy9rv.us-east-1.rds.amazonaws.com:5432/postgres?sslmode=verify-full&sslrootcert=./global-bundle.pem]
	Database driver: PostgreSQL JDBC Driver
	Database dialect: PostgreSQLDialect
	Database version: 17.6
	Default catalog/schema: postgres/public
	Autocommit mode: undefined/unknown
	Isolation level: READ_COMMITTED [default READ_COMMITTED]
	JDBC fetch size: none
	Pool: DataSourceConnectionProvider
	Minimum pool size: undefined/unknown
	Maximum pool size: undefined/unknown
2026-04-14T10:06:19.202-04:00  INFO 66083 --- [dsp-demo-project] [restartedMain] org.hibernate.orm.core                   : HHH000489: No JTA platform available (set 'hibernate.transaction.jta.platform' to enable JTA platform integration)
2026-04-14T10:06:19.487-04:00  INFO 66083 --- [dsp-demo-project] [restartedMain] j.LocalContainerEntityManagerFactoryBean : Initialized JPA EntityManagerFactory for persistence unit 'default'
2026-04-14T10:06:19.509-04:00  WARN 66083 --- [dsp-demo-project] [restartedMain] JpaBaseConfiguration$JpaWebConfiguration : spring.jpa.open-in-view is enabled by default. Therefore, database queries may be performed during view rendering. Explicitly configure spring.jpa.open-in-view to disable this warning
2026-04-14T10:06:19.535-04:00 DEBUG 66083 --- [dsp-demo-project] [restartedMain] s.w.s.m.m.a.RequestMappingHandlerMapping : 4 mappings in 'requestMappingHandlerMapping'
2026-04-14T10:06:19.541-04:00 DEBUG 66083 --- [dsp-demo-project] [restartedMain] o.s.w.s.handler.SimpleUrlHandlerMapping  : Patterns [/webjars/**, /**] in 'resourceHandlerMapping'
2026-04-14T10:06:19.547-04:00 DEBUG 66083 --- [dsp-demo-project] [restartedMain] s.w.s.m.m.a.RequestMappingHandlerAdapter : ControllerAdvice beans: 0 @ModelAttribute, 0 @InitBinder, 2 RequestBodyAdvice, 1 ResponseBodyAdvice
2026-04-14T10:06:19.551-04:00 DEBUG 66083 --- [dsp-demo-project] [restartedMain] .m.m.a.ExceptionHandlerExceptionResolver : ControllerAdvice beans: 0 @ExceptionHandler, 1 ResponseBodyAdvice
2026-04-14T10:06:19.583-04:00  INFO 66083 --- [dsp-demo-project] [restartedMain] o.s.d.j.r.query.QueryEnhancerFactories   : Hibernate is in classpath; If applicable, HQL parser will be used.
2026-04-14T10:06:19.621-04:00  INFO 66083 --- [dsp-demo-project] [restartedMain] o.s.boot.tomcat.TomcatWebServer          : Tomcat started on port 8080 (http) with context path '/'
2026-04-14T10:06:19.622-04:00  INFO 66083 --- [dsp-demo-project] [restartedMain] c.e.d.DspDemoProjectApplication          : Started DspDemoProjectApplication in 1.239 seconds (process running for 1154.346)
2026-04-14T10:06:19.623-04:00  INFO 66083 --- [dsp-demo-project] [restartedMain] .ConditionEvaluationDeltaLoggingListener : Condition evaluation unchanged
2026-04-14T10:17:27.759-04:00  INFO 66083 --- [dsp-demo-project] [File Watcher] rtingClassPathChangeChangedEventListener : Restarting due to 1 class path change (1 addition, 0 deletions, 0 modifications)
2026-04-14T10:17:27.767-04:00  INFO 66083 --- [dsp-demo-project] [Thread-5] o.s.boot.tomcat.GracefulShutdown         : Commencing graceful shutdown. Waiting for active requests to complete
2026-04-14T10:17:27.769-04:00  INFO 66083 --- [dsp-demo-project] [tomcat-shutdown] o.s.boot.tomcat.GracefulShutdown         : Graceful shutdown complete
2026-04-14T10:17:27.771-04:00  INFO 66083 --- [dsp-demo-project] [Thread-5] j.LocalContainerEntityManagerFactoryBean : Closing JPA EntityManagerFactory for persistence unit 'default'
2026-04-14T10:17:27.772-04:00  INFO 66083 --- [dsp-demo-project] [Thread-5] com.zaxxer.hikari.HikariDataSource       : HikariPool-2 - Shutdown initiated...
2026-04-14T10:17:28.101-04:00  INFO 66083 --- [dsp-demo-project] [Thread-5] com.zaxxer.hikari.HikariDataSource       : HikariPool-2 - Shutdown completed.
2026-04-14T10:17:28.167-04:00  INFO 66083 --- [dsp-demo-project] [restartedMain] c.e.d.DspDemoProjectApplication          : Starting DspDemoProjectApplication using Java 17.0.18 with PID 66083 (/Users/garygz/IdeaProjects/dsp-demo-project/build/classes/java/main started by garygz in /Users/garygz/IdeaProjects/dsp-demo-project)
2026-04-14T10:17:28.167-04:00 DEBUG 66083 --- [dsp-demo-project] [restartedMain] c.e.d.DspDemoProjectApplication          : Running with Spring Boot v4.0.5, Spring v7.0.6
2026-04-14T10:17:28.167-04:00  INFO 66083 --- [dsp-demo-project] [restartedMain] c.e.d.DspDemoProjectApplication          : No active profile set, falling back to 1 default profile: "default"
2026-04-14T10:17:28.219-04:00  INFO 66083 --- [dsp-demo-project] [restartedMain] .s.d.r.c.RepositoryConfigurationDelegate : Bootstrapping Spring Data JPA repositories in DEFAULT mode.
2026-04-14T10:17:28.222-04:00  INFO 66083 --- [dsp-demo-project] [restartedMain] .s.d.r.c.RepositoryConfigurationDelegate : Finished Spring Data repository scanning in 2 ms. Found 2 JPA repository interfaces.
2026-04-14T10:17:28.261-04:00  INFO 66083 --- [dsp-demo-project] [restartedMain] o.s.boot.tomcat.TomcatWebServer          : Tomcat initialized with port 8080 (http)
2026-04-14T10:17:28.262-04:00  INFO 66083 --- [dsp-demo-project] [restartedMain] o.apache.catalina.core.StandardService   : Starting service [Tomcat]
2026-04-14T10:17:28.262-04:00  INFO 66083 --- [dsp-demo-project] [restartedMain] o.apache.catalina.core.StandardEngine    : Starting Servlet engine: [Apache Tomcat/11.0.20]
2026-04-14T10:17:28.267-04:00  INFO 66083 --- [dsp-demo-project] [restartedMain] b.w.c.s.WebApplicationContextInitializer : Root WebApplicationContext: initialization completed in 99 ms
2026-04-14T10:17:28.282-04:00  INFO 66083 --- [dsp-demo-project] [restartedMain] org.hibernate.orm.jpa                    : HHH008540: Processing PersistenceUnitInfo [name: default]
2026-04-14T10:17:28.293-04:00  INFO 66083 --- [dsp-demo-project] [restartedMain] o.s.o.j.p.SpringPersistenceUnitInfo      : No LoadTimeWeaver setup: ignoring JPA class transformer
2026-04-14T10:17:28.294-04:00  INFO 66083 --- [dsp-demo-project] [restartedMain] com.zaxxer.hikari.HikariDataSource       : HikariPool-3 - Starting...
2026-04-14T10:17:28.694-04:00  INFO 66083 --- [dsp-demo-project] [restartedMain] com.zaxxer.hikari.pool.HikariPool        : HikariPool-3 - Added connection org.postgresql.jdbc.PgConnection@5d6565d0
2026-04-14T10:17:28.694-04:00  INFO 66083 --- [dsp-demo-project] [restartedMain] com.zaxxer.hikari.HikariDataSource       : HikariPool-3 - Start completed.
2026-04-14T10:17:28.732-04:00  WARN 66083 --- [dsp-demo-project] [restartedMain] org.hibernate.orm.deprecation            : HHH90000025: PostgreSQLDialect does not need to be specified explicitly using 'hibernate.dialect' (remove the property setting and it will be selected by default)
2026-04-14T10:17:28.873-04:00  INFO 66083 --- [dsp-demo-project] [restartedMain] org.hibernate.orm.connections.pooling    : HHH10001005: Database info:
	Database JDBC URL [jdbc:postgresql://dsp-demo-1.cwomfw6wy9rv.us-east-1.rds.amazonaws.com:5432/postgres?sslmode=verify-full&sslrootcert=./global-bundle.pem]
	Database driver: PostgreSQL JDBC Driver
	Database dialect: PostgreSQLDialect
	Database version: 17.6
	Default catalog/schema: postgres/public
	Autocommit mode: undefined/unknown
	Isolation level: READ_COMMITTED [default READ_COMMITTED]
	JDBC fetch size: none
	Pool: DataSourceConnectionProvider
	Minimum pool size: undefined/unknown
	Maximum pool size: undefined/unknown
2026-04-14T10:17:28.900-04:00  INFO 66083 --- [dsp-demo-project] [restartedMain] org.hibernate.orm.core                   : HHH000489: No JTA platform available (set 'hibernate.transaction.jta.platform' to enable JTA platform integration)
2026-04-14T10:17:29.166-04:00  INFO 66083 --- [dsp-demo-project] [restartedMain] j.LocalContainerEntityManagerFactoryBean : Initialized JPA EntityManagerFactory for persistence unit 'default'
2026-04-14T10:17:29.181-04:00  WARN 66083 --- [dsp-demo-project] [restartedMain] JpaBaseConfiguration$JpaWebConfiguration : spring.jpa.open-in-view is enabled by default. Therefore, database queries may be performed during view rendering. Explicitly configure spring.jpa.open-in-view to disable this warning
2026-04-14T10:17:29.203-04:00 DEBUG 66083 --- [dsp-demo-project] [restartedMain] s.w.s.m.m.a.RequestMappingHandlerMapping : 4 mappings in 'requestMappingHandlerMapping'
2026-04-14T10:17:29.210-04:00 DEBUG 66083 --- [dsp-demo-project] [restartedMain] o.s.w.s.handler.SimpleUrlHandlerMapping  : Patterns [/webjars/**, /**] in 'resourceHandlerMapping'
2026-04-14T10:17:29.213-04:00 DEBUG 66083 --- [dsp-demo-project] [restartedMain] s.w.s.m.m.a.RequestMappingHandlerAdapter : ControllerAdvice beans: 0 @ModelAttribute, 0 @InitBinder, 2 RequestBodyAdvice, 1 ResponseBodyAdvice
2026-04-14T10:17:29.217-04:00 DEBUG 66083 --- [dsp-demo-project] [restartedMain] .m.m.a.ExceptionHandlerExceptionResolver : ControllerAdvice beans: 0 @ExceptionHandler, 1 ResponseBodyAdvice
2026-04-14T10:17:29.249-04:00  INFO 66083 --- [dsp-demo-project] [restartedMain] o.s.boot.tomcat.TomcatWebServer          : Tomcat started on port 8080 (http) with context path '/'
2026-04-14T10:17:29.250-04:00  INFO 66083 --- [dsp-demo-project] [restartedMain] c.e.d.DspDemoProjectApplication          : Started DspDemoProjectApplication in 1.093 seconds (process running for 1823.967)
2026-04-14T10:17:29.250-04:00  INFO 66083 --- [dsp-demo-project] [restartedMain] .ConditionEvaluationDeltaLoggingListener : Condition evaluation unchanged
2026-04-14T10:19:47.427-04:00  INFO 66083 --- [dsp-demo-project] [SpringApplicationShutdownHook] o.s.boot.tomcat.GracefulShutdown         : Commencing graceful shutdown. Waiting for active requests to complete
2026-04-14T10:19:47.430-04:00  INFO 66083 --- [dsp-demo-project] [tomcat-shutdown] o.s.boot.tomcat.GracefulShutdown         : Graceful shutdown complete
2026-04-14T10:19:47.432-04:00  INFO 66083 --- [dsp-demo-project] [SpringApplicationShutdownHook] j.LocalContainerEntityManagerFactoryBean : Closing JPA EntityManagerFactory for persistence unit 'default'
2026-04-14T10:19:47.434-04:00  INFO 66083 --- [dsp-demo-project] [SpringApplicationShutdownHook] com.zaxxer.hikari.HikariDataSource       : HikariPool-3 - Shutdown initiated...
2026-04-14T10:19:47.771-04:00  INFO 66083 --- [dsp-demo-project] [SpringApplicationShutdownHook] com.zaxxer.hikari.HikariDataSource       : HikariPool-3 - Shutdown completed.
2026-04-14T10:19:49.145-04:00  INFO 67356 --- [dsp-demo-project] [restartedMain] c.e.d.DspDemoProjectApplication          : Starting DspDemoProjectApplication using Java 17.0.18 with PID 67356 (/Users/garygz/IdeaProjects/dsp-demo-project/build/classes/java/main started by garygz in /Users/garygz/IdeaProjects/dsp-demo-project)
2026-04-14T10:19:49.146-04:00 DEBUG 67356 --- [dsp-demo-project] [restartedMain] c.e.d.DspDemoProjectApplication          : Running with Spring Boot v4.0.5, Spring v7.0.6
2026-04-14T10:19:49.146-04:00  INFO 67356 --- [dsp-demo-project] [restartedMain] c.e.d.DspDemoProjectApplication          : No active profile set, falling back to 1 default profile: "default"
2026-04-14T10:19:49.162-04:00  INFO 67356 --- [dsp-demo-project] [restartedMain] .e.DevToolsPropertyDefaultsPostProcessor : Devtools property defaults active! Set 'spring.devtools.add-properties' to 'false' to disable
2026-04-14T10:19:49.162-04:00  INFO 67356 --- [dsp-demo-project] [restartedMain] .e.DevToolsPropertyDefaultsPostProcessor : For additional web related logging consider setting the 'logging.level.web' property to 'DEBUG'
2026-04-14T10:19:49.387-04:00  INFO 67356 --- [dsp-demo-project] [restartedMain] .s.d.r.c.RepositoryConfigurationDelegate : Bootstrapping Spring Data JPA repositories in DEFAULT mode.
2026-04-14T10:19:49.405-04:00  INFO 67356 --- [dsp-demo-project] [restartedMain] .s.d.r.c.RepositoryConfigurationDelegate : Finished Spring Data repository scanning in 15 ms. Found 2 JPA repository interfaces.
2026-04-14T10:19:49.566-04:00  INFO 67356 --- [dsp-demo-project] [restartedMain] o.s.boot.tomcat.TomcatWebServer          : Tomcat initialized with port 8080 (http)
2026-04-14T10:19:49.570-04:00  INFO 67356 --- [dsp-demo-project] [restartedMain] o.apache.catalina.core.StandardService   : Starting service [Tomcat]
2026-04-14T10:19:49.571-04:00  INFO 67356 --- [dsp-demo-project] [restartedMain] o.apache.catalina.core.StandardEngine    : Starting Servlet engine: [Apache Tomcat/11.0.20]
2026-04-14T10:19:49.583-04:00  INFO 67356 --- [dsp-demo-project] [restartedMain] b.w.c.s.WebApplicationContextInitializer : Root WebApplicationContext: initialization completed in 421 ms
2026-04-14T10:19:49.652-04:00  INFO 67356 --- [dsp-demo-project] [restartedMain] org.hibernate.orm.jpa                    : HHH008540: Processing PersistenceUnitInfo [name: default]
2026-04-14T10:19:49.678-04:00  INFO 67356 --- [dsp-demo-project] [restartedMain] org.hibernate.orm.core                   : HHH000001: Hibernate ORM core version 7.2.7.Final
2026-04-14T10:19:49.857-04:00  INFO 67356 --- [dsp-demo-project] [restartedMain] o.s.o.j.p.SpringPersistenceUnitInfo      : No LoadTimeWeaver setup: ignoring JPA class transformer
2026-04-14T10:19:49.872-04:00  INFO 67356 --- [dsp-demo-project] [restartedMain] com.zaxxer.hikari.HikariDataSource       : HikariPool-1 - Starting...
2026-04-14T10:19:50.403-04:00  INFO 67356 --- [dsp-demo-project] [restartedMain] com.zaxxer.hikari.pool.HikariPool        : HikariPool-1 - Added connection org.postgresql.jdbc.PgConnection@19a16d3d
2026-04-14T10:19:50.404-04:00  INFO 67356 --- [dsp-demo-project] [restartedMain] com.zaxxer.hikari.HikariDataSource       : HikariPool-1 - Start completed.
2026-04-14T10:19:50.458-04:00  WARN 67356 --- [dsp-demo-project] [restartedMain] org.hibernate.orm.deprecation            : HHH90000025: PostgreSQLDialect does not need to be specified explicitly using 'hibernate.dialect' (remove the property setting and it will be selected by default)
2026-04-14T10:19:50.593-04:00  INFO 67356 --- [dsp-demo-project] [restartedMain] org.hibernate.orm.connections.pooling    : HHH10001005: Database info:
	Database JDBC URL [jdbc:postgresql://dsp-demo-1.cwomfw6wy9rv.us-east-1.rds.amazonaws.com:5432/postgres?sslmode=verify-full&sslrootcert=./global-bundle.pem]
	Database driver: PostgreSQL JDBC Driver
	Database dialect: PostgreSQLDialect
	Database version: 17.6
	Default catalog/schema: postgres/public
	Autocommit mode: undefined/unknown
	Isolation level: READ_COMMITTED [default READ_COMMITTED]
	JDBC fetch size: none
	Pool: DataSourceConnectionProvider
	Minimum pool size: undefined/unknown
	Maximum pool size: undefined/unknown
2026-04-14T10:19:51.023-04:00  INFO 67356 --- [dsp-demo-project] [restartedMain] org.hibernate.orm.core                   : HHH000489: No JTA platform available (set 'hibernate.transaction.jta.platform' to enable JTA platform integration)
2026-04-14T10:19:51.314-04:00  INFO 67356 --- [dsp-demo-project] [restartedMain] j.LocalContainerEntityManagerFactoryBean : Initialized JPA EntityManagerFactory for persistence unit 'default'
2026-04-14T10:19:51.336-04:00  WARN 67356 --- [dsp-demo-project] [restartedMain] JpaBaseConfiguration$JpaWebConfiguration : spring.jpa.open-in-view is enabled by default. Therefore, database queries may be performed during view rendering. Explicitly configure spring.jpa.open-in-view to disable this warning
2026-04-14T10:19:51.392-04:00 DEBUG 67356 --- [dsp-demo-project] [restartedMain] s.w.s.m.m.a.RequestMappingHandlerMapping : 4 mappings in 'requestMappingHandlerMapping'
2026-04-14T10:19:51.408-04:00 DEBUG 67356 --- [dsp-demo-project] [restartedMain] o.s.w.s.handler.SimpleUrlHandlerMapping  : Patterns [/webjars/**, /**] in 'resourceHandlerMapping'
2026-04-14T10:19:51.417-04:00 DEBUG 67356 --- [dsp-demo-project] [restartedMain] s.w.s.m.m.a.RequestMappingHandlerAdapter : ControllerAdvice beans: 0 @ModelAttribute, 0 @InitBinder, 2 RequestBodyAdvice, 1 ResponseBodyAdvice
2026-04-14T10:19:51.435-04:00 DEBUG 67356 --- [dsp-demo-project] [restartedMain] .m.m.a.ExceptionHandlerExceptionResolver : ControllerAdvice beans: 0 @ExceptionHandler, 1 ResponseBodyAdvice
2026-04-14T10:19:51.477-04:00  INFO 67356 --- [dsp-demo-project] [restartedMain] o.s.d.j.r.query.QueryEnhancerFactories   : Hibernate is in classpath; If applicable, HQL parser will be used.
2026-04-14T10:19:51.542-04:00  INFO 67356 --- [dsp-demo-project] [restartedMain] o.s.boot.tomcat.TomcatWebServer          : Tomcat started on port 8080 (http) with context path '/'
2026-04-14T10:19:51.545-04:00  INFO 67356 --- [dsp-demo-project] [restartedMain] c.e.d.DspDemoProjectApplication          : Started DspDemoProjectApplication in 2.55 seconds (process running for 2.82)
2026-04-14T10:20:02.433-04:00  INFO 67356 --- [dsp-demo-project] [File Watcher] rtingClassPathChangeChangedEventListener : Restarting due to 1 class path change (0 additions, 0 deletions, 1 modification)
2026-04-14T10:20:02.440-04:00  INFO 67356 --- [dsp-demo-project] [Thread-1] o.s.boot.tomcat.GracefulShutdown         : Commencing graceful shutdown. Waiting for active requests to complete
2026-04-14T10:20:02.449-04:00  INFO 67356 --- [dsp-demo-project] [tomcat-shutdown] o.s.boot.tomcat.GracefulShutdown         : Graceful shutdown complete
2026-04-14T10:20:02.453-04:00  INFO 67356 --- [dsp-demo-project] [Thread-1] j.LocalContainerEntityManagerFactoryBean : Closing JPA EntityManagerFactory for persistence unit 'default'
2026-04-14T10:20:02.456-04:00  INFO 67356 --- [dsp-demo-project] [Thread-1] com.zaxxer.hikari.HikariDataSource       : HikariPool-1 - Shutdown initiated...
2026-04-14T10:20:02.775-04:00  INFO 67356 --- [dsp-demo-project] [Thread-1] com.zaxxer.hikari.HikariDataSource       : HikariPool-1 - Shutdown completed.
2026-04-14T10:20:02.832-04:00  INFO 67356 --- [dsp-demo-project] [restartedMain] c.e.d.DspDemoProjectApplication          : Starting DspDemoProjectApplication using Java 17.0.18 with PID 67356 (/Users/garygz/IdeaProjects/dsp-demo-project/build/classes/java/main started by garygz in /Users/garygz/IdeaProjects/dsp-demo-project)
2026-04-14T10:20:02.832-04:00 DEBUG 67356 --- [dsp-demo-project] [restartedMain] c.e.d.DspDemoProjectApplication          : Running with Spring Boot v4.0.5, Spring v7.0.6
2026-04-14T10:20:02.832-04:00  INFO 67356 --- [dsp-demo-project] [restartedMain] c.e.d.DspDemoProjectApplication          : No active profile set, falling back to 1 default profile: "default"
2026-04-14T10:20:02.882-04:00  INFO 67356 --- [dsp-demo-project] [restartedMain] .s.d.r.c.RepositoryConfigurationDelegate : Bootstrapping Spring Data JPA repositories in DEFAULT mode.
2026-04-14T10:20:02.885-04:00  INFO 67356 --- [dsp-demo-project] [restartedMain] .s.d.r.c.RepositoryConfigurationDelegate : Finished Spring Data repository scanning in 2 ms. Found 2 JPA repository interfaces.
2026-04-14T10:20:02.916-04:00  INFO 67356 --- [dsp-demo-project] [restartedMain] o.s.boot.tomcat.TomcatWebServer          : Tomcat initialized with port 8080 (http)
2026-04-14T10:20:02.917-04:00  INFO 67356 --- [dsp-demo-project] [restartedMain] o.apache.catalina.core.StandardService   : Starting service [Tomcat]
2026-04-14T10:20:02.917-04:00  INFO 67356 --- [dsp-demo-project] [restartedMain] o.apache.catalina.core.StandardEngine    : Starting Servlet engine: [Apache Tomcat/11.0.20]
2026-04-14T10:20:02.921-04:00  INFO 67356 --- [dsp-demo-project] [restartedMain] b.w.c.s.WebApplicationContextInitializer : Root WebApplicationContext: initialization completed in 88 ms
2026-04-14T10:20:02.935-04:00  INFO 67356 --- [dsp-demo-project] [restartedMain] org.hibernate.orm.jpa                    : HHH008540: Processing PersistenceUnitInfo [name: default]
2026-04-14T10:20:02.945-04:00  INFO 67356 --- [dsp-demo-project] [restartedMain] o.s.o.j.p.SpringPersistenceUnitInfo      : No LoadTimeWeaver setup: ignoring JPA class transformer
2026-04-14T10:20:02.946-04:00  INFO 67356 --- [dsp-demo-project] [restartedMain] com.zaxxer.hikari.HikariDataSource       : HikariPool-2 - Starting...
2026-04-14T10:20:03.251-04:00  INFO 67356 --- [dsp-demo-project] [restartedMain] com.zaxxer.hikari.pool.HikariPool        : HikariPool-2 - Added connection org.postgresql.jdbc.PgConnection@6bdcad0b
2026-04-14T10:20:03.251-04:00  INFO 67356 --- [dsp-demo-project] [restartedMain] com.zaxxer.hikari.HikariDataSource       : HikariPool-2 - Start completed.
2026-04-14T10:20:03.284-04:00  WARN 67356 --- [dsp-demo-project] [restartedMain] org.hibernate.orm.deprecation            : HHH90000025: PostgreSQLDialect does not need to be specified explicitly using 'hibernate.dialect' (remove the property setting and it will be selected by default)
2026-04-14T10:20:03.437-04:00  INFO 67356 --- [dsp-demo-project] [restartedMain] org.hibernate.orm.connections.pooling    : HHH10001005: Database info:
	Database JDBC URL [jdbc:postgresql://dsp-demo-1.cwomfw6wy9rv.us-east-1.rds.amazonaws.com:5432/postgres?sslmode=verify-full&sslrootcert=./global-bundle.pem]
	Database driver: PostgreSQL JDBC Driver
	Database dialect: PostgreSQLDialect
	Database version: 17.6
	Default catalog/schema: postgres/public
	Autocommit mode: undefined/unknown
	Isolation level: READ_COMMITTED [default READ_COMMITTED]
	JDBC fetch size: none
	Pool: DataSourceConnectionProvider
	Minimum pool size: undefined/unknown
	Maximum pool size: undefined/unknown
2026-04-14T10:20:03.493-04:00  INFO 67356 --- [dsp-demo-project] [restartedMain] org.hibernate.orm.core                   : HHH000489: No JTA platform available (set 'hibernate.transaction.jta.platform' to enable JTA platform integration)
2026-04-14T10:20:03.728-04:00  INFO 67356 --- [dsp-demo-project] [restartedMain] j.LocalContainerEntityManagerFactoryBean : Initialized JPA EntityManagerFactory for persistence unit 'default'
2026-04-14T10:20:03.749-04:00  WARN 67356 --- [dsp-demo-project] [restartedMain] JpaBaseConfiguration$JpaWebConfiguration : spring.jpa.open-in-view is enabled by default. Therefore, database queries may be performed during view rendering. Explicitly configure spring.jpa.open-in-view to disable this warning
2026-04-14T10:20:03.774-04:00 DEBUG 67356 --- [dsp-demo-project] [restartedMain] s.w.s.m.m.a.RequestMappingHandlerMapping : 4 mappings in 'requestMappingHandlerMapping'
2026-04-14T10:20:03.780-04:00 DEBUG 67356 --- [dsp-demo-project] [restartedMain] o.s.w.s.handler.SimpleUrlHandlerMapping  : Patterns [/webjars/**, /**] in 'resourceHandlerMapping'
2026-04-14T10:20:03.783-04:00 DEBUG 67356 --- [dsp-demo-project] [restartedMain] s.w.s.m.m.a.RequestMappingHandlerAdapter : ControllerAdvice beans: 0 @ModelAttribute, 0 @InitBinder, 2 RequestBodyAdvice, 1 ResponseBodyAdvice
2026-04-14T10:20:03.787-04:00 DEBUG 67356 --- [dsp-demo-project] [restartedMain] .m.m.a.ExceptionHandlerExceptionResolver : ControllerAdvice beans: 0 @ExceptionHandler, 1 ResponseBodyAdvice
2026-04-14T10:20:03.818-04:00  INFO 67356 --- [dsp-demo-project] [restartedMain] o.s.boot.tomcat.TomcatWebServer          : Tomcat started on port 8080 (http) with context path '/'
2026-04-14T10:20:03.819-04:00  INFO 67356 --- [dsp-demo-project] [restartedMain] c.e.d.DspDemoProjectApplication          : Started DspDemoProjectApplication in 0.999 seconds (process running for 15.094)
2026-04-14T10:20:03.820-04:00  INFO 67356 --- [dsp-demo-project] [restartedMain] .ConditionEvaluationDeltaLoggingListener : Condition evaluation unchanged
2026-04-14T10:22:55.240-04:00  INFO 67356 --- [dsp-demo-project] [SpringApplicationShutdownHook] o.s.boot.tomcat.GracefulShutdown         : Commencing graceful shutdown. Waiting for active requests to complete
2026-04-14T10:22:55.244-04:00  INFO 67356 --- [dsp-demo-project] [tomcat-shutdown] o.s.boot.tomcat.GracefulShutdown         : Graceful shutdown complete
2026-04-14T10:22:55.246-04:00  INFO 67356 --- [dsp-demo-project] [SpringApplicationShutdownHook] j.LocalContainerEntityManagerFactoryBean : Closing JPA EntityManagerFactory for persistence unit 'default'
2026-04-14T10:22:55.247-04:00  INFO 67356 --- [dsp-demo-project] [SpringApplicationShutdownHook] com.zaxxer.hikari.HikariDataSource       : HikariPool-2 - Shutdown initiated...
2026-04-14T10:22:55.566-04:00  INFO 67356 --- [dsp-demo-project] [SpringApplicationShutdownHook] com.zaxxer.hikari.HikariDataSource       : HikariPool-2 - Shutdown completed.
2026-04-14T10:22:56.945-04:00  INFO 67413 --- [dsp-demo-project] [restartedMain] c.e.d.DspDemoProjectApplication          : Starting DspDemoProjectApplication using Java 17.0.18 with PID 67413 (/Users/garygz/IdeaProjects/dsp-demo-project/build/classes/java/main started by garygz in /Users/garygz/IdeaProjects/dsp-demo-project)
2026-04-14T10:22:56.946-04:00 DEBUG 67413 --- [dsp-demo-project] [restartedMain] c.e.d.DspDemoProjectApplication          : Running with Spring Boot v4.0.5, Spring v7.0.6
2026-04-14T10:22:56.946-04:00  INFO 67413 --- [dsp-demo-project] [restartedMain] c.e.d.DspDemoProjectApplication          : No active profile set, falling back to 1 default profile: "default"
2026-04-14T10:22:56.961-04:00  INFO 67413 --- [dsp-demo-project] [restartedMain] .e.DevToolsPropertyDefaultsPostProcessor : Devtools property defaults active! Set 'spring.devtools.add-properties' to 'false' to disable
2026-04-14T10:22:56.961-04:00  INFO 67413 --- [dsp-demo-project] [restartedMain] .e.DevToolsPropertyDefaultsPostProcessor : For additional web related logging consider setting the 'logging.level.web' property to 'DEBUG'
2026-04-14T10:22:57.160-04:00  INFO 67413 --- [dsp-demo-project] [restartedMain] .s.d.r.c.RepositoryConfigurationDelegate : Bootstrapping Spring Data JPA repositories in DEFAULT mode.
2026-04-14T10:22:57.185-04:00  INFO 67413 --- [dsp-demo-project] [restartedMain] .s.d.r.c.RepositoryConfigurationDelegate : Finished Spring Data repository scanning in 20 ms. Found 2 JPA repository interfaces.
2026-04-14T10:22:57.342-04:00  INFO 67413 --- [dsp-demo-project] [restartedMain] o.s.boot.tomcat.TomcatWebServer          : Tomcat initialized with port 8080 (http)
2026-04-14T10:22:57.346-04:00  INFO 67413 --- [dsp-demo-project] [restartedMain] o.apache.catalina.core.StandardService   : Starting service [Tomcat]
2026-04-14T10:22:57.346-04:00  INFO 67413 --- [dsp-demo-project] [restartedMain] o.apache.catalina.core.StandardEngine    : Starting Servlet engine: [Apache Tomcat/11.0.20]
2026-04-14T10:22:57.358-04:00  INFO 67413 --- [dsp-demo-project] [restartedMain] b.w.c.s.WebApplicationContextInitializer : Root WebApplicationContext: initialization completed in 397 ms
2026-04-14T10:22:57.430-04:00  INFO 67413 --- [dsp-demo-project] [restartedMain] org.hibernate.orm.jpa                    : HHH008540: Processing PersistenceUnitInfo [name: default]
2026-04-14T10:22:57.456-04:00  INFO 67413 --- [dsp-demo-project] [restartedMain] org.hibernate.orm.core                   : HHH000001: Hibernate ORM core version 7.2.7.Final
2026-04-14T10:22:57.624-04:00  INFO 67413 --- [dsp-demo-project] [restartedMain] o.s.o.j.p.SpringPersistenceUnitInfo      : No LoadTimeWeaver setup: ignoring JPA class transformer
2026-04-14T10:22:57.637-04:00  INFO 67413 --- [dsp-demo-project] [restartedMain] com.zaxxer.hikari.HikariDataSource       : HikariPool-1 - Starting...
2026-04-14T10:22:58.137-04:00  INFO 67413 --- [dsp-demo-project] [restartedMain] com.zaxxer.hikari.pool.HikariPool        : HikariPool-1 - Added connection org.postgresql.jdbc.PgConnection@3eafa9a
2026-04-14T10:22:58.138-04:00  INFO 67413 --- [dsp-demo-project] [restartedMain] com.zaxxer.hikari.HikariDataSource       : HikariPool-1 - Start completed.
2026-04-14T10:22:58.190-04:00  WARN 67413 --- [dsp-demo-project] [restartedMain] org.hibernate.orm.deprecation            : HHH90000025: PostgreSQLDialect does not need to be specified explicitly using 'hibernate.dialect' (remove the property setting and it will be selected by default)
2026-04-14T10:22:58.333-04:00  INFO 67413 --- [dsp-demo-project] [restartedMain] org.hibernate.orm.connections.pooling    : HHH10001005: Database info:
	Database JDBC URL [jdbc:postgresql://dsp-demo-1.cwomfw6wy9rv.us-east-1.rds.amazonaws.com:5432/postgres?sslmode=verify-full&sslrootcert=./global-bundle.pem]
	Database driver: PostgreSQL JDBC Driver
	Database dialect: PostgreSQLDialect
	Database version: 17.6
	Default catalog/schema: postgres/public
	Autocommit mode: undefined/unknown
	Isolation level: READ_COMMITTED [default READ_COMMITTED]
	JDBC fetch size: none
	Pool: DataSourceConnectionProvider
	Minimum pool size: undefined/unknown
	Maximum pool size: undefined/unknown
2026-04-14T10:22:58.743-04:00  INFO 67413 --- [dsp-demo-project] [restartedMain] org.hibernate.orm.core                   : HHH000489: No JTA platform available (set 'hibernate.transaction.jta.platform' to enable JTA platform integration)
2026-04-14T10:22:59.002-04:00  INFO 67413 --- [dsp-demo-project] [restartedMain] j.LocalContainerEntityManagerFactoryBean : Initialized JPA EntityManagerFactory for persistence unit 'default'
2026-04-14T10:22:59.024-04:00  WARN 67413 --- [dsp-demo-project] [restartedMain] JpaBaseConfiguration$JpaWebConfiguration : spring.jpa.open-in-view is enabled by default. Therefore, database queries may be performed during view rendering. Explicitly configure spring.jpa.open-in-view to disable this warning
2026-04-14T10:22:59.074-04:00 DEBUG 67413 --- [dsp-demo-project] [restartedMain] s.w.s.m.m.a.RequestMappingHandlerMapping : 4 mappings in 'requestMappingHandlerMapping'
2026-04-14T10:22:59.086-04:00 DEBUG 67413 --- [dsp-demo-project] [restartedMain] o.s.w.s.handler.SimpleUrlHandlerMapping  : Patterns [/webjars/**, /**] in 'resourceHandlerMapping'
2026-04-14T10:22:59.095-04:00 DEBUG 67413 --- [dsp-demo-project] [restartedMain] s.w.s.m.m.a.RequestMappingHandlerAdapter : ControllerAdvice beans: 0 @ModelAttribute, 0 @InitBinder, 2 RequestBodyAdvice, 1 ResponseBodyAdvice
2026-04-14T10:22:59.111-04:00 DEBUG 67413 --- [dsp-demo-project] [restartedMain] .m.m.a.ExceptionHandlerExceptionResolver : ControllerAdvice beans: 0 @ExceptionHandler, 1 ResponseBodyAdvice
2026-04-14T10:22:59.157-04:00  INFO 67413 --- [dsp-demo-project] [restartedMain] o.s.d.j.r.query.QueryEnhancerFactories   : Hibernate is in classpath; If applicable, HQL parser will be used.
2026-04-14T10:22:59.219-04:00  INFO 67413 --- [dsp-demo-project] [restartedMain] o.s.boot.tomcat.TomcatWebServer          : Tomcat started on port 8080 (http) with context path '/'
2026-04-14T10:22:59.222-04:00  INFO 67413 --- [dsp-demo-project] [restartedMain] c.e.d.DspDemoProjectApplication          : Started DspDemoProjectApplication in 2.423 seconds (process running for 2.647)
2026-04-14T10:32:37.866-04:00  INFO 67413 --- [dsp-demo-project] [File Watcher] rtingClassPathChangeChangedEventListener : Restarting due to 1 class path change (1 addition, 0 deletions, 0 modifications)
2026-04-14T10:32:37.879-04:00  INFO 67413 --- [dsp-demo-project] [Thread-1] o.s.boot.tomcat.GracefulShutdown         : Commencing graceful shutdown. Waiting for active requests to complete
2026-04-14T10:32:37.889-04:00  INFO 67413 --- [dsp-demo-project] [tomcat-shutdown] o.s.boot.tomcat.GracefulShutdown         : Graceful shutdown complete
2026-04-14T10:32:37.893-04:00  INFO 67413 --- [dsp-demo-project] [Thread-1] j.LocalContainerEntityManagerFactoryBean : Closing JPA EntityManagerFactory for persistence unit 'default'
2026-04-14T10:32:37.895-04:00  INFO 67413 --- [dsp-demo-project] [Thread-1] com.zaxxer.hikari.HikariDataSource       : HikariPool-1 - Shutdown initiated...
2026-04-14T10:32:38.210-04:00  INFO 67413 --- [dsp-demo-project] [Thread-1] com.zaxxer.hikari.HikariDataSource       : HikariPool-1 - Shutdown completed.
2026-04-14T10:32:38.271-04:00  INFO 67413 --- [dsp-demo-project] [restartedMain] c.e.d.DspDemoProjectApplication          : Starting DspDemoProjectApplication using Java 17.0.18 with PID 67413 (/Users/garygz/IdeaProjects/dsp-demo-project/build/classes/java/main started by garygz in /Users/garygz/IdeaProjects/dsp-demo-project)
2026-04-14T10:32:38.271-04:00 DEBUG 67413 --- [dsp-demo-project] [restartedMain] c.e.d.DspDemoProjectApplication          : Running with Spring Boot v4.0.5, Spring v7.0.6
2026-04-14T10:32:38.271-04:00  INFO 67413 --- [dsp-demo-project] [restartedMain] c.e.d.DspDemoProjectApplication          : No active profile set, falling back to 1 default profile: "default"
2026-04-14T10:32:38.320-04:00  INFO 67413 --- [dsp-demo-project] [restartedMain] .s.d.r.c.RepositoryConfigurationDelegate : Bootstrapping Spring Data JPA repositories in DEFAULT mode.
2026-04-14T10:32:38.324-04:00  INFO 67413 --- [dsp-demo-project] [restartedMain] .s.d.r.c.RepositoryConfigurationDelegate : Finished Spring Data repository scanning in 2 ms. Found 2 JPA repository interfaces.
2026-04-14T10:32:38.357-04:00  INFO 67413 --- [dsp-demo-project] [restartedMain] o.s.boot.tomcat.TomcatWebServer          : Tomcat initialized with port 8080 (http)
2026-04-14T10:32:38.357-04:00  INFO 67413 --- [dsp-demo-project] [restartedMain] o.apache.catalina.core.StandardService   : Starting service [Tomcat]
2026-04-14T10:32:38.357-04:00  INFO 67413 --- [dsp-demo-project] [restartedMain] o.apache.catalina.core.StandardEngine    : Starting Servlet engine: [Apache Tomcat/11.0.20]
2026-04-14T10:32:38.362-04:00  INFO 67413 --- [dsp-demo-project] [restartedMain] b.w.c.s.WebApplicationContextInitializer : Root WebApplicationContext: initialization completed in 90 ms
2026-04-14T10:32:38.377-04:00  INFO 67413 --- [dsp-demo-project] [restartedMain] org.hibernate.orm.jpa                    : HHH008540: Processing PersistenceUnitInfo [name: default]
2026-04-14T10:32:38.388-04:00  INFO 67413 --- [dsp-demo-project] [restartedMain] o.s.o.j.p.SpringPersistenceUnitInfo      : No LoadTimeWeaver setup: ignoring JPA class transformer
2026-04-14T10:32:38.388-04:00  INFO 67413 --- [dsp-demo-project] [restartedMain] com.zaxxer.hikari.HikariDataSource       : HikariPool-2 - Starting...
2026-04-14T10:32:38.778-04:00  INFO 67413 --- [dsp-demo-project] [restartedMain] com.zaxxer.hikari.pool.HikariPool        : HikariPool-2 - Added connection org.postgresql.jdbc.PgConnection@52745245
2026-04-14T10:32:38.779-04:00  INFO 67413 --- [dsp-demo-project] [restartedMain] com.zaxxer.hikari.HikariDataSource       : HikariPool-2 - Start completed.
2026-04-14T10:32:38.814-04:00  WARN 67413 --- [dsp-demo-project] [restartedMain] org.hibernate.orm.deprecation            : HHH90000025: PostgreSQLDialect does not need to be specified explicitly using 'hibernate.dialect' (remove the property setting and it will be selected by default)
2026-04-14T10:32:38.945-04:00  INFO 67413 --- [dsp-demo-project] [restartedMain] org.hibernate.orm.connections.pooling    : HHH10001005: Database info:
	Database JDBC URL [jdbc:postgresql://dsp-demo-1.cwomfw6wy9rv.us-east-1.rds.amazonaws.com:5432/postgres?sslmode=verify-full&sslrootcert=./global-bundle.pem]
	Database driver: PostgreSQL JDBC Driver
	Database dialect: PostgreSQLDialect
	Database version: 17.6
	Default catalog/schema: postgres/public
	Autocommit mode: undefined/unknown
	Isolation level: READ_COMMITTED [default READ_COMMITTED]
	JDBC fetch size: none
	Pool: DataSourceConnectionProvider
	Minimum pool size: undefined/unknown
	Maximum pool size: undefined/unknown
2026-04-14T10:32:38.996-04:00  INFO 67413 --- [dsp-demo-project] [restartedMain] org.hibernate.orm.core                   : HHH000489: No JTA platform available (set 'hibernate.transaction.jta.platform' to enable JTA platform integration)
2026-04-14T10:32:39.241-04:00  INFO 67413 --- [dsp-demo-project] [restartedMain] j.LocalContainerEntityManagerFactoryBean : Initialized JPA EntityManagerFactory for persistence unit 'default'
2026-04-14T10:32:39.264-04:00  WARN 67413 --- [dsp-demo-project] [restartedMain] JpaBaseConfiguration$JpaWebConfiguration : spring.jpa.open-in-view is enabled by default. Therefore, database queries may be performed during view rendering. Explicitly configure spring.jpa.open-in-view to disable this warning
2026-04-14T10:32:39.288-04:00 DEBUG 67413 --- [dsp-demo-project] [restartedMain] s.w.s.m.m.a.RequestMappingHandlerMapping : 4 mappings in 'requestMappingHandlerMapping'
2026-04-14T10:32:39.294-04:00 DEBUG 67413 --- [dsp-demo-project] [restartedMain] o.s.w.s.handler.SimpleUrlHandlerMapping  : Patterns [/webjars/**, /**] in 'resourceHandlerMapping'
2026-04-14T10:32:39.298-04:00 DEBUG 67413 --- [dsp-demo-project] [restartedMain] s.w.s.m.m.a.RequestMappingHandlerAdapter : ControllerAdvice beans: 0 @ModelAttribute, 0 @InitBinder, 2 RequestBodyAdvice, 1 ResponseBodyAdvice
2026-04-14T10:32:39.302-04:00 DEBUG 67413 --- [dsp-demo-project] [restartedMain] .m.m.a.ExceptionHandlerExceptionResolver : ControllerAdvice beans: 0 @ExceptionHandler, 1 ResponseBodyAdvice
2026-04-14T10:32:39.332-04:00  INFO 67413 --- [dsp-demo-project] [restartedMain] o.s.boot.tomcat.TomcatWebServer          : Tomcat started on port 8080 (http) with context path '/'
2026-04-14T10:32:39.333-04:00  INFO 67413 --- [dsp-demo-project] [restartedMain] c.e.d.DspDemoProjectApplication          : Started DspDemoProjectApplication in 1.073 seconds (process running for 582.752)
2026-04-14T10:32:39.334-04:00  INFO 67413 --- [dsp-demo-project] [restartedMain] .ConditionEvaluationDeltaLoggingListener : Condition evaluation unchanged
2026-04-14T10:33:14.014-04:00  INFO 67413 --- [dsp-demo-project] [File Watcher] rtingClassPathChangeChangedEventListener : Restarting due to 1 class path change (1 addition, 0 deletions, 0 modifications)
2026-04-14T10:33:14.016-04:00  INFO 67413 --- [dsp-demo-project] [Thread-5] o.s.boot.tomcat.GracefulShutdown         : Commencing graceful shutdown. Waiting for active requests to complete
2026-04-14T10:33:14.018-04:00  INFO 67413 --- [dsp-demo-project] [tomcat-shutdown] o.s.boot.tomcat.GracefulShutdown         : Graceful shutdown complete
2026-04-14T10:33:14.019-04:00  INFO 67413 --- [dsp-demo-project] [Thread-5] j.LocalContainerEntityManagerFactoryBean : Closing JPA EntityManagerFactory for persistence unit 'default'
2026-04-14T10:33:14.019-04:00  INFO 67413 --- [dsp-demo-project] [Thread-5] com.zaxxer.hikari.HikariDataSource       : HikariPool-2 - Shutdown initiated...
2026-04-14T10:33:14.334-04:00  INFO 67413 --- [dsp-demo-project] [Thread-5] com.zaxxer.hikari.HikariDataSource       : HikariPool-2 - Shutdown completed.
2026-04-14T10:33:14.385-04:00  INFO 67413 --- [dsp-demo-project] [restartedMain] c.e.d.DspDemoProjectApplication          : Starting DspDemoProjectApplication using Java 17.0.18 with PID 67413 (/Users/garygz/IdeaProjects/dsp-demo-project/build/classes/java/main started by garygz in /Users/garygz/IdeaProjects/dsp-demo-project)
2026-04-14T10:33:14.386-04:00 DEBUG 67413 --- [dsp-demo-project] [restartedMain] c.e.d.DspDemoProjectApplication          : Running with Spring Boot v4.0.5, Spring v7.0.6
2026-04-14T10:33:14.386-04:00  INFO 67413 --- [dsp-demo-project] [restartedMain] c.e.d.DspDemoProjectApplication          : No active profile set, falling back to 1 default profile: "default"
2026-04-14T10:33:14.430-04:00  INFO 67413 --- [dsp-demo-project] [restartedMain] .s.d.r.c.RepositoryConfigurationDelegate : Bootstrapping Spring Data JPA repositories in DEFAULT mode.
2026-04-14T10:33:14.434-04:00  INFO 67413 --- [dsp-demo-project] [restartedMain] .s.d.r.c.RepositoryConfigurationDelegate : Finished Spring Data repository scanning in 2 ms. Found 2 JPA repository interfaces.
2026-04-14T10:33:14.464-04:00  INFO 67413 --- [dsp-demo-project] [restartedMain] o.s.boot.tomcat.TomcatWebServer          : Tomcat initialized with port 8080 (http)
2026-04-14T10:33:14.465-04:00  INFO 67413 --- [dsp-demo-project] [restartedMain] o.apache.catalina.core.StandardService   : Starting service [Tomcat]
2026-04-14T10:33:14.465-04:00  INFO 67413 --- [dsp-demo-project] [restartedMain] o.apache.catalina.core.StandardEngine    : Starting Servlet engine: [Apache Tomcat/11.0.20]
2026-04-14T10:33:14.469-04:00  INFO 67413 --- [dsp-demo-project] [restartedMain] b.w.c.s.WebApplicationContextInitializer : Root WebApplicationContext: initialization completed in 82 ms
2026-04-14T10:33:14.483-04:00  INFO 67413 --- [dsp-demo-project] [restartedMain] org.hibernate.orm.jpa                    : HHH008540: Processing PersistenceUnitInfo [name: default]
2026-04-14T10:33:14.492-04:00  INFO 67413 --- [dsp-demo-project] [restartedMain] o.s.o.j.p.SpringPersistenceUnitInfo      : No LoadTimeWeaver setup: ignoring JPA class transformer
2026-04-14T10:33:14.492-04:00  INFO 67413 --- [dsp-demo-project] [restartedMain] com.zaxxer.hikari.HikariDataSource       : HikariPool-3 - Starting...
2026-04-14T10:33:14.825-04:00  INFO 67413 --- [dsp-demo-project] [restartedMain] com.zaxxer.hikari.pool.HikariPool        : HikariPool-3 - Added connection org.postgresql.jdbc.PgConnection@727ceb24
2026-04-14T10:33:14.826-04:00  INFO 67413 --- [dsp-demo-project] [restartedMain] com.zaxxer.hikari.HikariDataSource       : HikariPool-3 - Start completed.
2026-04-14T10:33:14.860-04:00  WARN 67413 --- [dsp-demo-project] [restartedMain] org.hibernate.orm.deprecation            : HHH90000025: PostgreSQLDialect does not need to be specified explicitly using 'hibernate.dialect' (remove the property setting and it will be selected by default)
2026-04-14T10:33:14.983-04:00  INFO 67413 --- [dsp-demo-project] [restartedMain] org.hibernate.orm.connections.pooling    : HHH10001005: Database info:
	Database JDBC URL [jdbc:postgresql://dsp-demo-1.cwomfw6wy9rv.us-east-1.rds.amazonaws.com:5432/postgres?sslmode=verify-full&sslrootcert=./global-bundle.pem]
	Database driver: PostgreSQL JDBC Driver
	Database dialect: PostgreSQLDialect
	Database version: 17.6
	Default catalog/schema: postgres/public
	Autocommit mode: undefined/unknown
	Isolation level: READ_COMMITTED [default READ_COMMITTED]
	JDBC fetch size: none
	Pool: DataSourceConnectionProvider
	Minimum pool size: undefined/unknown
	Maximum pool size: undefined/unknown
2026-04-14T10:33:15.030-04:00  INFO 67413 --- [dsp-demo-project] [restartedMain] org.hibernate.orm.core                   : HHH000489: No JTA platform available (set 'hibernate.transaction.jta.platform' to enable JTA platform integration)
2026-04-14T10:33:15.265-04:00  INFO 67413 --- [dsp-demo-project] [restartedMain] j.LocalContainerEntityManagerFactoryBean : Initialized JPA EntityManagerFactory for persistence unit 'default'
2026-04-14T10:33:15.289-04:00  WARN 67413 --- [dsp-demo-project] [restartedMain] JpaBaseConfiguration$JpaWebConfiguration : spring.jpa.open-in-view is enabled by default. Therefore, database queries may be performed during view rendering. Explicitly configure spring.jpa.open-in-view to disable this warning
2026-04-14T10:33:15.313-04:00 DEBUG 67413 --- [dsp-demo-project] [restartedMain] s.w.s.m.m.a.RequestMappingHandlerMapping : 4 mappings in 'requestMappingHandlerMapping'
2026-04-14T10:33:15.319-04:00 DEBUG 67413 --- [dsp-demo-project] [restartedMain] o.s.w.s.handler.SimpleUrlHandlerMapping  : Patterns [/webjars/**, /**] in 'resourceHandlerMapping'
2026-04-14T10:33:15.322-04:00 DEBUG 67413 --- [dsp-demo-project] [restartedMain] s.w.s.m.m.a.RequestMappingHandlerAdapter : ControllerAdvice beans: 0 @ModelAttribute, 0 @InitBinder, 2 RequestBodyAdvice, 1 ResponseBodyAdvice
2026-04-14T10:33:15.326-04:00 DEBUG 67413 --- [dsp-demo-project] [restartedMain] .m.m.a.ExceptionHandlerExceptionResolver : ControllerAdvice beans: 0 @ExceptionHandler, 1 ResponseBodyAdvice
2026-04-14T10:33:15.354-04:00  INFO 67413 --- [dsp-demo-project] [restartedMain] o.s.boot.tomcat.TomcatWebServer          : Tomcat started on port 8080 (http) with context path '/'
2026-04-14T10:33:15.355-04:00  INFO 67413 --- [dsp-demo-project] [restartedMain] c.e.d.DspDemoProjectApplication          : Started DspDemoProjectApplication in 0.98 seconds (process running for 618.773)
2026-04-14T10:33:15.355-04:00  INFO 67413 --- [dsp-demo-project] [restartedMain] .ConditionEvaluationDeltaLoggingListener : Condition evaluation unchanged
2026-04-14T10:34:03.093-04:00  INFO 67413 --- [dsp-demo-project] [File Watcher] rtingClassPathChangeChangedEventListener : Restarting due to 1 class path change (1 addition, 0 deletions, 0 modifications)
2026-04-14T10:34:03.100-04:00  INFO 67413 --- [dsp-demo-project] [Thread-9] o.s.boot.tomcat.GracefulShutdown         : Commencing graceful shutdown. Waiting for active requests to complete
2026-04-14T10:34:03.104-04:00  INFO 67413 --- [dsp-demo-project] [tomcat-shutdown] o.s.boot.tomcat.GracefulShutdown         : Graceful shutdown complete
2026-04-14T10:34:03.107-04:00  INFO 67413 --- [dsp-demo-project] [Thread-9] j.LocalContainerEntityManagerFactoryBean : Closing JPA EntityManagerFactory for persistence unit 'default'
2026-04-14T10:34:03.109-04:00  INFO 67413 --- [dsp-demo-project] [Thread-9] com.zaxxer.hikari.HikariDataSource       : HikariPool-3 - Shutdown initiated...
2026-04-14T10:34:03.428-04:00  INFO 67413 --- [dsp-demo-project] [Thread-9] com.zaxxer.hikari.HikariDataSource       : HikariPool-3 - Shutdown completed.
2026-04-14T10:34:03.484-04:00  INFO 67413 --- [dsp-demo-project] [restartedMain] c.e.d.DspDemoProjectApplication          : Starting DspDemoProjectApplication using Java 17.0.18 with PID 67413 (/Users/garygz/IdeaProjects/dsp-demo-project/build/classes/java/main started by garygz in /Users/garygz/IdeaProjects/dsp-demo-project)
2026-04-14T10:34:03.484-04:00 DEBUG 67413 --- [dsp-demo-project] [restartedMain] c.e.d.DspDemoProjectApplication          : Running with Spring Boot v4.0.5, Spring v7.0.6
2026-04-14T10:34:03.484-04:00  INFO 67413 --- [dsp-demo-project] [restartedMain] c.e.d.DspDemoProjectApplication          : No active profile set, falling back to 1 default profile: "default"
2026-04-14T10:34:03.524-04:00  INFO 67413 --- [dsp-demo-project] [restartedMain] .s.d.r.c.RepositoryConfigurationDelegate : Bootstrapping Spring Data JPA repositories in DEFAULT mode.
2026-04-14T10:34:03.527-04:00  INFO 67413 --- [dsp-demo-project] [restartedMain] .s.d.r.c.RepositoryConfigurationDelegate : Finished Spring Data repository scanning in 2 ms. Found 2 JPA repository interfaces.
2026-04-14T10:34:03.554-04:00  INFO 67413 --- [dsp-demo-project] [restartedMain] o.s.boot.tomcat.TomcatWebServer          : Tomcat initialized with port 8080 (http)
2026-04-14T10:34:03.555-04:00  INFO 67413 --- [dsp-demo-project] [restartedMain] o.apache.catalina.core.StandardService   : Starting service [Tomcat]
2026-04-14T10:34:03.555-04:00  INFO 67413 --- [dsp-demo-project] [restartedMain] o.apache.catalina.core.StandardEngine    : Starting Servlet engine: [Apache Tomcat/11.0.20]
2026-04-14T10:34:03.559-04:00  INFO 67413 --- [dsp-demo-project] [restartedMain] b.w.c.s.WebApplicationContextInitializer : Root WebApplicationContext: initialization completed in 74 ms
2026-04-14T10:34:03.571-04:00  INFO 67413 --- [dsp-demo-project] [restartedMain] org.hibernate.orm.jpa                    : HHH008540: Processing PersistenceUnitInfo [name: default]
2026-04-14T10:34:03.580-04:00  INFO 67413 --- [dsp-demo-project] [restartedMain] o.s.o.j.p.SpringPersistenceUnitInfo      : No LoadTimeWeaver setup: ignoring JPA class transformer
2026-04-14T10:34:03.580-04:00  INFO 67413 --- [dsp-demo-project] [restartedMain] com.zaxxer.hikari.HikariDataSource       : HikariPool-4 - Starting...
2026-04-14T10:34:03.971-04:00  INFO 67413 --- [dsp-demo-project] [restartedMain] com.zaxxer.hikari.pool.HikariPool        : HikariPool-4 - Added connection org.postgresql.jdbc.PgConnection@abd5b49
2026-04-14T10:34:03.972-04:00  INFO 67413 --- [dsp-demo-project] [restartedMain] com.zaxxer.hikari.HikariDataSource       : HikariPool-4 - Start completed.
2026-04-14T10:34:04.007-04:00  WARN 67413 --- [dsp-demo-project] [restartedMain] org.hibernate.orm.deprecation            : HHH90000025: PostgreSQLDialect does not need to be specified explicitly using 'hibernate.dialect' (remove the property setting and it will be selected by default)
2026-04-14T10:34:04.137-04:00  INFO 67413 --- [dsp-demo-project] [restartedMain] org.hibernate.orm.connections.pooling    : HHH10001005: Database info:
	Database JDBC URL [jdbc:postgresql://dsp-demo-1.cwomfw6wy9rv.us-east-1.rds.amazonaws.com:5432/postgres?sslmode=verify-full&sslrootcert=./global-bundle.pem]
	Database driver: PostgreSQL JDBC Driver
	Database dialect: PostgreSQLDialect
	Database version: 17.6
	Default catalog/schema: postgres/public
	Autocommit mode: undefined/unknown
	Isolation level: READ_COMMITTED [default READ_COMMITTED]
	JDBC fetch size: none
	Pool: DataSourceConnectionProvider
	Minimum pool size: undefined/unknown
	Maximum pool size: undefined/unknown
2026-04-14T10:34:04.171-04:00  INFO 67413 --- [dsp-demo-project] [restartedMain] org.hibernate.orm.core                   : HHH000489: No JTA platform available (set 'hibernate.transaction.jta.platform' to enable JTA platform integration)
2026-04-14T10:34:04.413-04:00  INFO 67413 --- [dsp-demo-project] [restartedMain] j.LocalContainerEntityManagerFactoryBean : Initialized JPA EntityManagerFactory for persistence unit 'default'
2026-04-14T10:34:04.428-04:00  WARN 67413 --- [dsp-demo-project] [restartedMain] JpaBaseConfiguration$JpaWebConfiguration : spring.jpa.open-in-view is enabled by default. Therefore, database queries may be performed during view rendering. Explicitly configure spring.jpa.open-in-view to disable this warning
2026-04-14T10:34:04.449-04:00 DEBUG 67413 --- [dsp-demo-project] [restartedMain] s.w.s.m.m.a.RequestMappingHandlerMapping : 4 mappings in 'requestMappingHandlerMapping'
2026-04-14T10:34:04.454-04:00 DEBUG 67413 --- [dsp-demo-project] [restartedMain] o.s.w.s.handler.SimpleUrlHandlerMapping  : Patterns [/webjars/**, /**] in 'resourceHandlerMapping'
2026-04-14T10:34:04.457-04:00 DEBUG 67413 --- [dsp-demo-project] [restartedMain] s.w.s.m.m.a.RequestMappingHandlerAdapter : ControllerAdvice beans: 0 @ModelAttribute, 0 @InitBinder, 2 RequestBodyAdvice, 1 ResponseBodyAdvice
2026-04-14T10:34:04.461-04:00 DEBUG 67413 --- [dsp-demo-project] [restartedMain] .m.m.a.ExceptionHandlerExceptionResolver : ControllerAdvice beans: 0 @ExceptionHandler, 1 ResponseBodyAdvice
2026-04-14T10:34:04.490-04:00  INFO 67413 --- [dsp-demo-project] [restartedMain] o.s.boot.tomcat.TomcatWebServer          : Tomcat started on port 8080 (http) with context path '/'
2026-04-14T10:34:04.491-04:00  INFO 67413 --- [dsp-demo-project] [restartedMain] c.e.d.DspDemoProjectApplication          : Started DspDemoProjectApplication in 1.017 seconds (process running for 667.964)
2026-04-14T10:34:04.491-04:00  INFO 67413 --- [dsp-demo-project] [restartedMain] .ConditionEvaluationDeltaLoggingListener : Condition evaluation unchanged
2026-04-14T10:34:13.943-04:00  INFO 67413 --- [dsp-demo-project] [File Watcher] rtingClassPathChangeChangedEventListener : Restarting due to 1 class path change (0 additions, 0 deletions, 1 modification)
2026-04-14T10:34:13.944-04:00  INFO 67413 --- [dsp-demo-project] [Thread-13] o.s.boot.tomcat.GracefulShutdown         : Commencing graceful shutdown. Waiting for active requests to complete
2026-04-14T10:34:13.948-04:00  INFO 67413 --- [dsp-demo-project] [tomcat-shutdown] o.s.boot.tomcat.GracefulShutdown         : Graceful shutdown complete
2026-04-14T10:34:13.949-04:00  INFO 67413 --- [dsp-demo-project] [Thread-13] j.LocalContainerEntityManagerFactoryBean : Closing JPA EntityManagerFactory for persistence unit 'default'
2026-04-14T10:34:13.950-04:00  INFO 67413 --- [dsp-demo-project] [Thread-13] com.zaxxer.hikari.HikariDataSource       : HikariPool-4 - Shutdown initiated...
2026-04-14T10:34:14.260-04:00  INFO 67413 --- [dsp-demo-project] [Thread-13] com.zaxxer.hikari.HikariDataSource       : HikariPool-4 - Shutdown completed.
2026-04-14T10:34:14.309-04:00  INFO 67413 --- [dsp-demo-project] [restartedMain] c.e.d.DspDemoProjectApplication          : Starting DspDemoProjectApplication using Java 17.0.18 with PID 67413 (/Users/garygz/IdeaProjects/dsp-demo-project/build/classes/java/main started by garygz in /Users/garygz/IdeaProjects/dsp-demo-project)
2026-04-14T10:34:14.309-04:00 DEBUG 67413 --- [dsp-demo-project] [restartedMain] c.e.d.DspDemoProjectApplication          : Running with Spring Boot v4.0.5, Spring v7.0.6
2026-04-14T10:34:14.309-04:00  INFO 67413 --- [dsp-demo-project] [restartedMain] c.e.d.DspDemoProjectApplication          : No active profile set, falling back to 1 default profile: "default"
2026-04-14T10:34:14.357-04:00  INFO 67413 --- [dsp-demo-project] [restartedMain] .s.d.r.c.RepositoryConfigurationDelegate : Bootstrapping Spring Data JPA repositories in DEFAULT mode.
2026-04-14T10:34:14.361-04:00  INFO 67413 --- [dsp-demo-project] [restartedMain] .s.d.r.c.RepositoryConfigurationDelegate : Finished Spring Data repository scanning in 3 ms. Found 2 JPA repository interfaces.
2026-04-14T10:34:14.392-04:00  INFO 67413 --- [dsp-demo-project] [restartedMain] o.s.boot.tomcat.TomcatWebServer          : Tomcat initialized with port 8080 (http)
2026-04-14T10:34:14.393-04:00  INFO 67413 --- [dsp-demo-project] [restartedMain] o.apache.catalina.core.StandardService   : Starting service [Tomcat]
2026-04-14T10:34:14.393-04:00  INFO 67413 --- [dsp-demo-project] [restartedMain] o.apache.catalina.core.StandardEngine    : Starting Servlet engine: [Apache Tomcat/11.0.20]
2026-04-14T10:34:14.397-04:00  INFO 67413 --- [dsp-demo-project] [restartedMain] b.w.c.s.WebApplicationContextInitializer : Root WebApplicationContext: initialization completed in 87 ms
2026-04-14T10:34:14.416-04:00  INFO 67413 --- [dsp-demo-project] [restartedMain] org.hibernate.orm.jpa                    : HHH008540: Processing PersistenceUnitInfo [name: default]
2026-04-14T10:34:14.425-04:00  INFO 67413 --- [dsp-demo-project] [restartedMain] o.s.o.j.p.SpringPersistenceUnitInfo      : No LoadTimeWeaver setup: ignoring JPA class transformer
2026-04-14T10:34:14.425-04:00  INFO 67413 --- [dsp-demo-project] [restartedMain] com.zaxxer.hikari.HikariDataSource       : HikariPool-5 - Starting...
2026-04-14T10:34:14.722-04:00  INFO 67413 --- [dsp-demo-project] [restartedMain] com.zaxxer.hikari.pool.HikariPool        : HikariPool-5 - Added connection org.postgresql.jdbc.PgConnection@6d2f4920
2026-04-14T10:34:14.723-04:00  INFO 67413 --- [dsp-demo-project] [restartedMain] com.zaxxer.hikari.HikariDataSource       : HikariPool-5 - Start completed.
2026-04-14T10:34:14.755-04:00  WARN 67413 --- [dsp-demo-project] [restartedMain] org.hibernate.orm.deprecation            : HHH90000025: PostgreSQLDialect does not need to be specified explicitly using 'hibernate.dialect' (remove the property setting and it will be selected by default)
2026-04-14T10:34:14.877-04:00  INFO 67413 --- [dsp-demo-project] [restartedMain] org.hibernate.orm.connections.pooling    : HHH10001005: Database info:
	Database JDBC URL [jdbc:postgresql://dsp-demo-1.cwomfw6wy9rv.us-east-1.rds.amazonaws.com:5432/postgres?sslmode=verify-full&sslrootcert=./global-bundle.pem]
	Database driver: PostgreSQL JDBC Driver
	Database dialect: PostgreSQLDialect
	Database version: 17.6
	Default catalog/schema: postgres/public
	Autocommit mode: undefined/unknown
	Isolation level: READ_COMMITTED [default READ_COMMITTED]
	JDBC fetch size: none
	Pool: DataSourceConnectionProvider
	Minimum pool size: undefined/unknown
	Maximum pool size: undefined/unknown
2026-04-14T10:34:14.918-04:00  INFO 67413 --- [dsp-demo-project] [restartedMain] org.hibernate.orm.core                   : HHH000489: No JTA platform available (set 'hibernate.transaction.jta.platform' to enable JTA platform integration)
2026-04-14T10:34:15.149-04:00  INFO 67413 --- [dsp-demo-project] [restartedMain] j.LocalContainerEntityManagerFactoryBean : Initialized JPA EntityManagerFactory for persistence unit 'default'
2026-04-14T10:34:15.173-04:00  WARN 67413 --- [dsp-demo-project] [restartedMain] JpaBaseConfiguration$JpaWebConfiguration : spring.jpa.open-in-view is enabled by default. Therefore, database queries may be performed during view rendering. Explicitly configure spring.jpa.open-in-view to disable this warning
2026-04-14T10:34:15.196-04:00 DEBUG 67413 --- [dsp-demo-project] [restartedMain] s.w.s.m.m.a.RequestMappingHandlerMapping : 4 mappings in 'requestMappingHandlerMapping'
2026-04-14T10:34:15.202-04:00 DEBUG 67413 --- [dsp-demo-project] [restartedMain] o.s.w.s.handler.SimpleUrlHandlerMapping  : Patterns [/webjars/**, /**] in 'resourceHandlerMapping'
2026-04-14T10:34:15.205-04:00 DEBUG 67413 --- [dsp-demo-project] [restartedMain] s.w.s.m.m.a.RequestMappingHandlerAdapter : ControllerAdvice beans: 0 @ModelAttribute, 0 @InitBinder, 2 RequestBodyAdvice, 1 ResponseBodyAdvice
2026-04-14T10:34:15.209-04:00 DEBUG 67413 --- [dsp-demo-project] [restartedMain] .m.m.a.ExceptionHandlerExceptionResolver : ControllerAdvice beans: 0 @ExceptionHandler, 1 ResponseBodyAdvice
2026-04-14T10:34:15.237-04:00  INFO 67413 --- [dsp-demo-project] [restartedMain] o.s.boot.tomcat.TomcatWebServer          : Tomcat started on port 8080 (http) with context path '/'
2026-04-14T10:34:15.238-04:00  INFO 67413 --- [dsp-demo-project] [restartedMain] c.e.d.DspDemoProjectApplication          : Started DspDemoProjectApplication in 0.939 seconds (process running for 678.712)
2026-04-14T10:34:15.239-04:00  INFO 67413 --- [dsp-demo-project] [restartedMain] .ConditionEvaluationDeltaLoggingListener : Condition evaluation unchanged
2026-04-14T10:35:37.316-04:00  INFO 67413 --- [dsp-demo-project] [File Watcher] rtingClassPathChangeChangedEventListener : Restarting due to 1 class path change (0 additions, 0 deletions, 1 modification)
2026-04-14T10:35:37.322-04:00  INFO 67413 --- [dsp-demo-project] [Thread-17] o.s.boot.tomcat.GracefulShutdown         : Commencing graceful shutdown. Waiting for active requests to complete
2026-04-14T10:35:37.325-04:00  INFO 67413 --- [dsp-demo-project] [tomcat-shutdown] o.s.boot.tomcat.GracefulShutdown         : Graceful shutdown complete
2026-04-14T10:35:37.329-04:00  INFO 67413 --- [dsp-demo-project] [Thread-17] j.LocalContainerEntityManagerFactoryBean : Closing JPA EntityManagerFactory for persistence unit 'default'
2026-04-14T10:35:37.338-04:00  INFO 67413 --- [dsp-demo-project] [Thread-17] com.zaxxer.hikari.HikariDataSource       : HikariPool-5 - Shutdown initiated...
2026-04-14T10:35:37.664-04:00  INFO 67413 --- [dsp-demo-project] [Thread-17] com.zaxxer.hikari.HikariDataSource       : HikariPool-5 - Shutdown completed.
2026-04-14T10:35:37.729-04:00  INFO 67413 --- [dsp-demo-project] [restartedMain] c.e.d.DspDemoProjectApplication          : Starting DspDemoProjectApplication using Java 17.0.18 with PID 67413 (/Users/garygz/IdeaProjects/dsp-demo-project/build/classes/java/main started by garygz in /Users/garygz/IdeaProjects/dsp-demo-project)
2026-04-14T10:35:37.729-04:00 DEBUG 67413 --- [dsp-demo-project] [restartedMain] c.e.d.DspDemoProjectApplication          : Running with Spring Boot v4.0.5, Spring v7.0.6
2026-04-14T10:35:37.729-04:00  INFO 67413 --- [dsp-demo-project] [restartedMain] c.e.d.DspDemoProjectApplication          : No active profile set, falling back to 1 default profile: "default"
2026-04-14T10:35:37.770-04:00  INFO 67413 --- [dsp-demo-project] [restartedMain] .s.d.r.c.RepositoryConfigurationDelegate : Bootstrapping Spring Data JPA repositories in DEFAULT mode.
2026-04-14T10:35:37.773-04:00  INFO 67413 --- [dsp-demo-project] [restartedMain] .s.d.r.c.RepositoryConfigurationDelegate : Finished Spring Data repository scanning in 2 ms. Found 2 JPA repository interfaces.
2026-04-14T10:35:37.808-04:00  INFO 67413 --- [dsp-demo-project] [restartedMain] o.s.boot.tomcat.TomcatWebServer          : Tomcat initialized with port 8080 (http)
2026-04-14T10:35:37.808-04:00  INFO 67413 --- [dsp-demo-project] [restartedMain] o.apache.catalina.core.StandardService   : Starting service [Tomcat]
2026-04-14T10:35:37.808-04:00  INFO 67413 --- [dsp-demo-project] [restartedMain] o.apache.catalina.core.StandardEngine    : Starting Servlet engine: [Apache Tomcat/11.0.20]
2026-04-14T10:35:37.813-04:00  INFO 67413 --- [dsp-demo-project] [restartedMain] b.w.c.s.WebApplicationContextInitializer : Root WebApplicationContext: initialization completed in 83 ms
2026-04-14T10:35:37.825-04:00  INFO 67413 --- [dsp-demo-project] [restartedMain] org.hibernate.orm.jpa                    : HHH008540: Processing PersistenceUnitInfo [name: default]
2026-04-14T10:35:37.834-04:00  INFO 67413 --- [dsp-demo-project] [restartedMain] o.s.o.j.p.SpringPersistenceUnitInfo      : No LoadTimeWeaver setup: ignoring JPA class transformer
2026-04-14T10:35:37.835-04:00  INFO 67413 --- [dsp-demo-project] [restartedMain] com.zaxxer.hikari.HikariDataSource       : HikariPool-6 - Starting...
2026-04-14T10:35:38.195-04:00  INFO 67413 --- [dsp-demo-project] [restartedMain] com.zaxxer.hikari.pool.HikariPool        : HikariPool-6 - Added connection org.postgresql.jdbc.PgConnection@34093330
2026-04-14T10:35:38.196-04:00  INFO 67413 --- [dsp-demo-project] [restartedMain] com.zaxxer.hikari.HikariDataSource       : HikariPool-6 - Start completed.
2026-04-14T10:35:38.229-04:00  WARN 67413 --- [dsp-demo-project] [restartedMain] org.hibernate.orm.deprecation            : HHH90000025: PostgreSQLDialect does not need to be specified explicitly using 'hibernate.dialect' (remove the property setting and it will be selected by default)
2026-04-14T10:35:38.352-04:00  INFO 67413 --- [dsp-demo-project] [restartedMain] org.hibernate.orm.connections.pooling    : HHH10001005: Database info:
	Database JDBC URL [jdbc:postgresql://dsp-demo-1.cwomfw6wy9rv.us-east-1.rds.amazonaws.com:5432/postgres?sslmode=verify-full&sslrootcert=./global-bundle.pem]
	Database driver: PostgreSQL JDBC Driver
	Database dialect: PostgreSQLDialect
	Database version: 17.6
	Default catalog/schema: postgres/public
	Autocommit mode: undefined/unknown
	Isolation level: READ_COMMITTED [default READ_COMMITTED]
	JDBC fetch size: none
	Pool: DataSourceConnectionProvider
	Minimum pool size: undefined/unknown
	Maximum pool size: undefined/unknown
2026-04-14T10:35:38.394-04:00  INFO 67413 --- [dsp-demo-project] [restartedMain] org.hibernate.orm.core                   : HHH000489: No JTA platform available (set 'hibernate.transaction.jta.platform' to enable JTA platform integration)
2026-04-14T10:35:38.623-04:00  INFO 67413 --- [dsp-demo-project] [restartedMain] j.LocalContainerEntityManagerFactoryBean : Initialized JPA EntityManagerFactory for persistence unit 'default'
2026-04-14T10:35:38.645-04:00  WARN 67413 --- [dsp-demo-project] [restartedMain] JpaBaseConfiguration$JpaWebConfiguration : spring.jpa.open-in-view is enabled by default. Therefore, database queries may be performed during view rendering. Explicitly configure spring.jpa.open-in-view to disable this warning
2026-04-14T10:35:38.665-04:00 DEBUG 67413 --- [dsp-demo-project] [restartedMain] s.w.s.m.m.a.RequestMappingHandlerMapping : 4 mappings in 'requestMappingHandlerMapping'
2026-04-14T10:35:38.670-04:00 DEBUG 67413 --- [dsp-demo-project] [restartedMain] o.s.w.s.handler.SimpleUrlHandlerMapping  : Patterns [/webjars/**, /**] in 'resourceHandlerMapping'
2026-04-14T10:35:38.673-04:00 DEBUG 67413 --- [dsp-demo-project] [restartedMain] s.w.s.m.m.a.RequestMappingHandlerAdapter : ControllerAdvice beans: 0 @ModelAttribute, 0 @InitBinder, 2 RequestBodyAdvice, 1 ResponseBodyAdvice
2026-04-14T10:35:38.676-04:00 DEBUG 67413 --- [dsp-demo-project] [restartedMain] .m.m.a.ExceptionHandlerExceptionResolver : ControllerAdvice beans: 0 @ExceptionHandler, 1 ResponseBodyAdvice
2026-04-14T10:35:38.703-04:00  INFO 67413 --- [dsp-demo-project] [restartedMain] o.s.boot.tomcat.TomcatWebServer          : Tomcat started on port 8080 (http) with context path '/'
2026-04-14T10:35:38.704-04:00  INFO 67413 --- [dsp-demo-project] [restartedMain] c.e.d.DspDemoProjectApplication          : Started DspDemoProjectApplication in 0.985 seconds (process running for 762.178)
2026-04-14T10:35:38.704-04:00  INFO 67413 --- [dsp-demo-project] [restartedMain] .ConditionEvaluationDeltaLoggingListener : Condition evaluation unchanged
2026-04-14T10:37:08.918-04:00  INFO 67413 --- [dsp-demo-project] [File Watcher] rtingClassPathChangeChangedEventListener : Restarting due to 1 class path change (0 additions, 0 deletions, 1 modification)
2026-04-14T10:37:08.926-04:00  INFO 67413 --- [dsp-demo-project] [Thread-21] o.s.boot.tomcat.GracefulShutdown         : Commencing graceful shutdown. Waiting for active requests to complete
2026-04-14T10:37:08.930-04:00  INFO 67413 --- [dsp-demo-project] [tomcat-shutdown] o.s.boot.tomcat.GracefulShutdown         : Graceful shutdown complete
2026-04-14T10:37:08.934-04:00  INFO 67413 --- [dsp-demo-project] [Thread-21] j.LocalContainerEntityManagerFactoryBean : Closing JPA EntityManagerFactory for persistence unit 'default'
2026-04-14T10:37:08.936-04:00  INFO 67413 --- [dsp-demo-project] [Thread-21] com.zaxxer.hikari.HikariDataSource       : HikariPool-6 - Shutdown initiated...
2026-04-14T10:37:09.255-04:00  INFO 67413 --- [dsp-demo-project] [Thread-21] com.zaxxer.hikari.HikariDataSource       : HikariPool-6 - Shutdown completed.
2026-04-14T10:37:09.324-04:00  INFO 67413 --- [dsp-demo-project] [restartedMain] c.e.d.DspDemoProjectApplication          : Starting DspDemoProjectApplication using Java 17.0.18 with PID 67413 (/Users/garygz/IdeaProjects/dsp-demo-project/build/classes/java/main started by garygz in /Users/garygz/IdeaProjects/dsp-demo-project)
2026-04-14T10:37:09.324-04:00 DEBUG 67413 --- [dsp-demo-project] [restartedMain] c.e.d.DspDemoProjectApplication          : Running with Spring Boot v4.0.5, Spring v7.0.6
2026-04-14T10:37:09.324-04:00  INFO 67413 --- [dsp-demo-project] [restartedMain] c.e.d.DspDemoProjectApplication          : No active profile set, falling back to 1 default profile: "default"
2026-04-14T10:37:09.367-04:00  INFO 67413 --- [dsp-demo-project] [restartedMain] .s.d.r.c.RepositoryConfigurationDelegate : Bootstrapping Spring Data JPA repositories in DEFAULT mode.
2026-04-14T10:37:09.370-04:00  INFO 67413 --- [dsp-demo-project] [restartedMain] .s.d.r.c.RepositoryConfigurationDelegate : Finished Spring Data repository scanning in 2 ms. Found 2 JPA repository interfaces.
2026-04-14T10:37:09.399-04:00  INFO 67413 --- [dsp-demo-project] [restartedMain] o.s.boot.tomcat.TomcatWebServer          : Tomcat initialized with port 8080 (http)
2026-04-14T10:37:09.399-04:00  INFO 67413 --- [dsp-demo-project] [restartedMain] o.apache.catalina.core.StandardService   : Starting service [Tomcat]
2026-04-14T10:37:09.399-04:00  INFO 67413 --- [dsp-demo-project] [restartedMain] o.apache.catalina.core.StandardEngine    : Starting Servlet engine: [Apache Tomcat/11.0.20]
2026-04-14T10:37:09.403-04:00  INFO 67413 --- [dsp-demo-project] [restartedMain] b.w.c.s.WebApplicationContextInitializer : Root WebApplicationContext: initialization completed in 79 ms
2026-04-14T10:37:09.416-04:00  INFO 67413 --- [dsp-demo-project] [restartedMain] org.hibernate.orm.jpa                    : HHH008540: Processing PersistenceUnitInfo [name: default]
2026-04-14T10:37:09.424-04:00  INFO 67413 --- [dsp-demo-project] [restartedMain] o.s.o.j.p.SpringPersistenceUnitInfo      : No LoadTimeWeaver setup: ignoring JPA class transformer
2026-04-14T10:37:09.425-04:00  INFO 67413 --- [dsp-demo-project] [restartedMain] com.zaxxer.hikari.HikariDataSource       : HikariPool-7 - Starting...
2026-04-14T10:37:09.840-04:00  INFO 67413 --- [dsp-demo-project] [restartedMain] com.zaxxer.hikari.pool.HikariPool        : HikariPool-7 - Added connection org.postgresql.jdbc.PgConnection@756d8432
2026-04-14T10:37:09.840-04:00  INFO 67413 --- [dsp-demo-project] [restartedMain] com.zaxxer.hikari.HikariDataSource       : HikariPool-7 - Start completed.
2026-04-14T10:37:09.879-04:00  WARN 67413 --- [dsp-demo-project] [restartedMain] org.hibernate.orm.deprecation            : HHH90000025: PostgreSQLDialect does not need to be specified explicitly using 'hibernate.dialect' (remove the property setting and it will be selected by default)
2026-04-14T10:37:10.026-04:00  INFO 67413 --- [dsp-demo-project] [restartedMain] org.hibernate.orm.connections.pooling    : HHH10001005: Database info:
	Database JDBC URL [jdbc:postgresql://dsp-demo-1.cwomfw6wy9rv.us-east-1.rds.amazonaws.com:5432/postgres?sslmode=verify-full&sslrootcert=./global-bundle.pem]
	Database driver: PostgreSQL JDBC Driver
	Database dialect: PostgreSQLDialect
	Database version: 17.6
	Default catalog/schema: postgres/public
	Autocommit mode: undefined/unknown
	Isolation level: READ_COMMITTED [default READ_COMMITTED]
	JDBC fetch size: none
	Pool: DataSourceConnectionProvider
	Minimum pool size: undefined/unknown
	Maximum pool size: undefined/unknown
2026-04-14T10:37:10.064-04:00  INFO 67413 --- [dsp-demo-project] [restartedMain] org.hibernate.orm.core                   : HHH000489: No JTA platform available (set 'hibernate.transaction.jta.platform' to enable JTA platform integration)
2026-04-14T10:37:10.343-04:00  INFO 67413 --- [dsp-demo-project] [restartedMain] j.LocalContainerEntityManagerFactoryBean : Initialized JPA EntityManagerFactory for persistence unit 'default'
2026-04-14T10:37:10.384-04:00  WARN 67413 --- [dsp-demo-project] [restartedMain] JpaBaseConfiguration$JpaWebConfiguration : spring.jpa.open-in-view is enabled by default. Therefore, database queries may be performed during view rendering. Explicitly configure spring.jpa.open-in-view to disable this warning
2026-04-14T10:37:10.400-04:00 DEBUG 67413 --- [dsp-demo-project] [restartedMain] s.w.s.m.m.a.RequestMappingHandlerMapping : 4 mappings in 'requestMappingHandlerMapping'
2026-04-14T10:37:10.406-04:00 DEBUG 67413 --- [dsp-demo-project] [restartedMain] o.s.w.s.handler.SimpleUrlHandlerMapping  : Patterns [/webjars/**, /**] in 'resourceHandlerMapping'
2026-04-14T10:37:10.408-04:00 DEBUG 67413 --- [dsp-demo-project] [restartedMain] s.w.s.m.m.a.RequestMappingHandlerAdapter : ControllerAdvice beans: 0 @ModelAttribute, 0 @InitBinder, 2 RequestBodyAdvice, 1 ResponseBodyAdvice
2026-04-14T10:37:10.412-04:00 DEBUG 67413 --- [dsp-demo-project] [restartedMain] .m.m.a.ExceptionHandlerExceptionResolver : ControllerAdvice beans: 0 @ExceptionHandler, 1 ResponseBodyAdvice
2026-04-14T10:37:10.426-04:00  INFO 67413 --- [dsp-demo-project] [restartedMain] o.s.boot.tomcat.TomcatWebServer          : Tomcat started on port 8080 (http) with context path '/'
2026-04-14T10:37:10.426-04:00  INFO 67413 --- [dsp-demo-project] [restartedMain] c.e.d.DspDemoProjectApplication          : Started DspDemoProjectApplication in 1.112 seconds (process running for 853.902)
2026-04-14T10:37:10.427-04:00  INFO 67413 --- [dsp-demo-project] [restartedMain] .ConditionEvaluationDeltaLoggingListener : Condition evaluation unchanged
2026-04-14T10:38:39.574-04:00  INFO 67413 --- [dsp-demo-project] [File Watcher] rtingClassPathChangeChangedEventListener : Restarting due to 2 class path changes (0 additions, 1 deletion, 1 modification)
2026-04-14T10:38:39.581-04:00  INFO 67413 --- [dsp-demo-project] [Thread-25] o.s.boot.tomcat.GracefulShutdown         : Commencing graceful shutdown. Waiting for active requests to complete
2026-04-14T10:38:39.585-04:00  INFO 67413 --- [dsp-demo-project] [tomcat-shutdown] o.s.boot.tomcat.GracefulShutdown         : Graceful shutdown complete
2026-04-14T10:38:39.588-04:00  INFO 67413 --- [dsp-demo-project] [Thread-25] j.LocalContainerEntityManagerFactoryBean : Closing JPA EntityManagerFactory for persistence unit 'default'
2026-04-14T10:38:39.590-04:00  INFO 67413 --- [dsp-demo-project] [Thread-25] com.zaxxer.hikari.HikariDataSource       : HikariPool-7 - Shutdown initiated...
2026-04-14T10:38:39.917-04:00  INFO 67413 --- [dsp-demo-project] [Thread-25] com.zaxxer.hikari.HikariDataSource       : HikariPool-7 - Shutdown completed.
2026-04-14T10:38:39.984-04:00  INFO 67413 --- [dsp-demo-project] [restartedMain] c.e.d.DspDemoProjectApplication          : Starting DspDemoProjectApplication using Java 17.0.18 with PID 67413 (/Users/garygz/IdeaProjects/dsp-demo-project/build/classes/java/main started by garygz in /Users/garygz/IdeaProjects/dsp-demo-project)
2026-04-14T10:38:39.984-04:00 DEBUG 67413 --- [dsp-demo-project] [restartedMain] c.e.d.DspDemoProjectApplication          : Running with Spring Boot v4.0.5, Spring v7.0.6
2026-04-14T10:38:39.984-04:00  INFO 67413 --- [dsp-demo-project] [restartedMain] c.e.d.DspDemoProjectApplication          : No active profile set, falling back to 1 default profile: "default"
2026-04-14T10:38:40.025-04:00  INFO 67413 --- [dsp-demo-project] [restartedMain] .s.d.r.c.RepositoryConfigurationDelegate : Bootstrapping Spring Data JPA repositories in DEFAULT mode.
2026-04-14T10:38:40.028-04:00  INFO 67413 --- [dsp-demo-project] [restartedMain] .s.d.r.c.RepositoryConfigurationDelegate : Finished Spring Data repository scanning in 2 ms. Found 2 JPA repository interfaces.
2026-04-14T10:38:40.057-04:00  INFO 67413 --- [dsp-demo-project] [restartedMain] o.s.boot.tomcat.TomcatWebServer          : Tomcat initialized with port 8080 (http)
2026-04-14T10:38:40.057-04:00  INFO 67413 --- [dsp-demo-project] [restartedMain] o.apache.catalina.core.StandardService   : Starting service [Tomcat]
2026-04-14T10:38:40.057-04:00  INFO 67413 --- [dsp-demo-project] [restartedMain] o.apache.catalina.core.StandardEngine    : Starting Servlet engine: [Apache Tomcat/11.0.20]
2026-04-14T10:38:40.061-04:00  INFO 67413 --- [dsp-demo-project] [restartedMain] b.w.c.s.WebApplicationContextInitializer : Root WebApplicationContext: initialization completed in 76 ms
2026-04-14T10:38:40.073-04:00  INFO 67413 --- [dsp-demo-project] [restartedMain] org.hibernate.orm.jpa                    : HHH008540: Processing PersistenceUnitInfo [name: default]
2026-04-14T10:38:40.084-04:00  INFO 67413 --- [dsp-demo-project] [restartedMain] o.s.o.j.p.SpringPersistenceUnitInfo      : No LoadTimeWeaver setup: ignoring JPA class transformer
2026-04-14T10:38:40.084-04:00  INFO 67413 --- [dsp-demo-project] [restartedMain] com.zaxxer.hikari.HikariDataSource       : HikariPool-8 - Starting...
2026-04-14T10:38:40.463-04:00  INFO 67413 --- [dsp-demo-project] [restartedMain] com.zaxxer.hikari.pool.HikariPool        : HikariPool-8 - Added connection org.postgresql.jdbc.PgConnection@77022b4
2026-04-14T10:38:40.464-04:00  INFO 67413 --- [dsp-demo-project] [restartedMain] com.zaxxer.hikari.HikariDataSource       : HikariPool-8 - Start completed.
2026-04-14T10:38:40.495-04:00  WARN 67413 --- [dsp-demo-project] [restartedMain] org.hibernate.orm.deprecation            : HHH90000025: PostgreSQLDialect does not need to be specified explicitly using 'hibernate.dialect' (remove the property setting and it will be selected by default)
2026-04-14T10:38:40.619-04:00  INFO 67413 --- [dsp-demo-project] [restartedMain] org.hibernate.orm.connections.pooling    : HHH10001005: Database info:
	Database JDBC URL [jdbc:postgresql://dsp-demo-1.cwomfw6wy9rv.us-east-1.rds.amazonaws.com:5432/postgres?sslmode=verify-full&sslrootcert=./global-bundle.pem]
	Database driver: PostgreSQL JDBC Driver
	Database dialect: PostgreSQLDialect
	Database version: 17.6
	Default catalog/schema: postgres/public
	Autocommit mode: undefined/unknown
	Isolation level: READ_COMMITTED [default READ_COMMITTED]
	JDBC fetch size: none
	Pool: DataSourceConnectionProvider
	Minimum pool size: undefined/unknown
	Maximum pool size: undefined/unknown
2026-04-14T10:38:40.659-04:00  INFO 67413 --- [dsp-demo-project] [restartedMain] org.hibernate.orm.core                   : HHH000489: No JTA platform available (set 'hibernate.transaction.jta.platform' to enable JTA platform integration)
2026-04-14T10:38:40.893-04:00  INFO 67413 --- [dsp-demo-project] [restartedMain] j.LocalContainerEntityManagerFactoryBean : Initialized JPA EntityManagerFactory for persistence unit 'default'
2026-04-14T10:38:40.906-04:00  WARN 67413 --- [dsp-demo-project] [restartedMain] JpaBaseConfiguration$JpaWebConfiguration : spring.jpa.open-in-view is enabled by default. Therefore, database queries may be performed during view rendering. Explicitly configure spring.jpa.open-in-view to disable this warning
2026-04-14T10:38:40.922-04:00 DEBUG 67413 --- [dsp-demo-project] [restartedMain] s.w.s.m.m.a.RequestMappingHandlerMapping : 4 mappings in 'requestMappingHandlerMapping'
2026-04-14T10:38:40.928-04:00 DEBUG 67413 --- [dsp-demo-project] [restartedMain] o.s.w.s.handler.SimpleUrlHandlerMapping  : Patterns [/webjars/**, /**] in 'resourceHandlerMapping'
2026-04-14T10:38:40.930-04:00 DEBUG 67413 --- [dsp-demo-project] [restartedMain] s.w.s.m.m.a.RequestMappingHandlerAdapter : ControllerAdvice beans: 0 @ModelAttribute, 0 @InitBinder, 2 RequestBodyAdvice, 1 ResponseBodyAdvice
2026-04-14T10:38:40.934-04:00 DEBUG 67413 --- [dsp-demo-project] [restartedMain] .m.m.a.ExceptionHandlerExceptionResolver : ControllerAdvice beans: 0 @ExceptionHandler, 1 ResponseBodyAdvice
2026-04-14T10:38:40.964-04:00  INFO 67413 --- [dsp-demo-project] [restartedMain] o.s.boot.tomcat.TomcatWebServer          : Tomcat started on port 8080 (http) with context path '/'
2026-04-14T10:38:40.965-04:00  INFO 67413 --- [dsp-demo-project] [restartedMain] c.e.d.DspDemoProjectApplication          : Started DspDemoProjectApplication in 0.991 seconds (process running for 944.442)
2026-04-14T10:38:40.966-04:00  INFO 67413 --- [dsp-demo-project] [restartedMain] .ConditionEvaluationDeltaLoggingListener : Condition evaluation unchanged
2026-04-14T10:40:22.243-04:00  INFO 67413 --- [dsp-demo-project] [File Watcher] rtingClassPathChangeChangedEventListener : Restarting due to 2 class path changes (1 addition, 0 deletions, 1 modification)
2026-04-14T10:40:22.247-04:00  INFO 67413 --- [dsp-demo-project] [Thread-29] o.s.boot.tomcat.GracefulShutdown         : Commencing graceful shutdown. Waiting for active requests to complete
2026-04-14T10:40:22.249-04:00  INFO 67413 --- [dsp-demo-project] [tomcat-shutdown] o.s.boot.tomcat.GracefulShutdown         : Graceful shutdown complete
2026-04-14T10:40:22.251-04:00  INFO 67413 --- [dsp-demo-project] [Thread-29] j.LocalContainerEntityManagerFactoryBean : Closing JPA EntityManagerFactory for persistence unit 'default'
2026-04-14T10:40:22.252-04:00  INFO 67413 --- [dsp-demo-project] [Thread-29] com.zaxxer.hikari.HikariDataSource       : HikariPool-8 - Shutdown initiated...
2026-04-14T10:40:22.575-04:00  INFO 67413 --- [dsp-demo-project] [Thread-29] com.zaxxer.hikari.HikariDataSource       : HikariPool-8 - Shutdown completed.
2026-04-14T10:40:22.687-04:00  INFO 67413 --- [dsp-demo-project] [restartedMain] c.e.d.DspDemoProjectApplication          : Starting DspDemoProjectApplication using Java 17.0.18 with PID 67413 (/Users/garygz/IdeaProjects/dsp-demo-project/build/classes/java/main started by garygz in /Users/garygz/IdeaProjects/dsp-demo-project)
2026-04-14T10:40:22.687-04:00 DEBUG 67413 --- [dsp-demo-project] [restartedMain] c.e.d.DspDemoProjectApplication          : Running with Spring Boot v4.0.5, Spring v7.0.6
2026-04-14T10:40:22.687-04:00  INFO 67413 --- [dsp-demo-project] [restartedMain] c.e.d.DspDemoProjectApplication          : No active profile set, falling back to 1 default profile: "default"
2026-04-14T10:40:22.776-04:00  INFO 67413 --- [dsp-demo-project] [restartedMain] .s.d.r.c.RepositoryConfigurationDelegate : Bootstrapping Spring Data JPA repositories in DEFAULT mode.
2026-04-14T10:40:22.782-04:00  INFO 67413 --- [dsp-demo-project] [restartedMain] .s.d.r.c.RepositoryConfigurationDelegate : Finished Spring Data repository scanning in 3 ms. Found 2 JPA repository interfaces.
2026-04-14T10:40:22.829-04:00  INFO 67413 --- [dsp-demo-project] [restartedMain] o.s.boot.tomcat.TomcatWebServer          : Tomcat initialized with port 8080 (http)
2026-04-14T10:40:22.830-04:00  INFO 67413 --- [dsp-demo-project] [restartedMain] o.apache.catalina.core.StandardService   : Starting service [Tomcat]
2026-04-14T10:40:22.830-04:00  INFO 67413 --- [dsp-demo-project] [restartedMain] o.apache.catalina.core.StandardEngine    : Starting Servlet engine: [Apache Tomcat/11.0.20]
2026-04-14T10:40:22.835-04:00  INFO 67413 --- [dsp-demo-project] [restartedMain] b.w.c.s.WebApplicationContextInitializer : Root WebApplicationContext: initialization completed in 146 ms
2026-04-14T10:40:22.852-04:00  INFO 67413 --- [dsp-demo-project] [restartedMain] org.hibernate.orm.jpa                    : HHH008540: Processing PersistenceUnitInfo [name: default]
2026-04-14T10:40:22.862-04:00  INFO 67413 --- [dsp-demo-project] [restartedMain] o.s.o.j.p.SpringPersistenceUnitInfo      : No LoadTimeWeaver setup: ignoring JPA class transformer
2026-04-14T10:40:22.862-04:00  INFO 67413 --- [dsp-demo-project] [restartedMain] com.zaxxer.hikari.HikariDataSource       : HikariPool-9 - Starting...
2026-04-14T10:40:23.229-04:00  INFO 67413 --- [dsp-demo-project] [restartedMain] com.zaxxer.hikari.pool.HikariPool        : HikariPool-9 - Added connection org.postgresql.jdbc.PgConnection@61b4037b
2026-04-14T10:40:23.229-04:00  INFO 67413 --- [dsp-demo-project] [restartedMain] com.zaxxer.hikari.HikariDataSource       : HikariPool-9 - Start completed.
2026-04-14T10:40:23.261-04:00  WARN 67413 --- [dsp-demo-project] [restartedMain] org.hibernate.orm.deprecation            : HHH90000025: PostgreSQLDialect does not need to be specified explicitly using 'hibernate.dialect' (remove the property setting and it will be selected by default)
2026-04-14T10:40:23.383-04:00  INFO 67413 --- [dsp-demo-project] [restartedMain] org.hibernate.orm.connections.pooling    : HHH10001005: Database info:
	Database JDBC URL [jdbc:postgresql://dsp-demo-1.cwomfw6wy9rv.us-east-1.rds.amazonaws.com:5432/postgres?sslmode=verify-full&sslrootcert=./global-bundle.pem]
	Database driver: PostgreSQL JDBC Driver
	Database dialect: PostgreSQLDialect
	Database version: 17.6
	Default catalog/schema: postgres/public
	Autocommit mode: undefined/unknown
	Isolation level: READ_COMMITTED [default READ_COMMITTED]
	JDBC fetch size: none
	Pool: DataSourceConnectionProvider
	Minimum pool size: undefined/unknown
	Maximum pool size: undefined/unknown
2026-04-14T10:40:23.428-04:00  INFO 67413 --- [dsp-demo-project] [restartedMain] org.hibernate.orm.core                   : HHH000489: No JTA platform available (set 'hibernate.transaction.jta.platform' to enable JTA platform integration)
2026-04-14T10:40:23.660-04:00  INFO 67413 --- [dsp-demo-project] [restartedMain] j.LocalContainerEntityManagerFactoryBean : Initialized JPA EntityManagerFactory for persistence unit 'default'
2026-04-14T10:40:23.705-04:00  WARN 67413 --- [dsp-demo-project] [restartedMain] JpaBaseConfiguration$JpaWebConfiguration : spring.jpa.open-in-view is enabled by default. Therefore, database queries may be performed during view rendering. Explicitly configure spring.jpa.open-in-view to disable this warning
2026-04-14T10:40:23.723-04:00 DEBUG 67413 --- [dsp-demo-project] [restartedMain] s.w.s.m.m.a.RequestMappingHandlerMapping : 4 mappings in 'requestMappingHandlerMapping'
2026-04-14T10:40:23.728-04:00 DEBUG 67413 --- [dsp-demo-project] [restartedMain] o.s.w.s.handler.SimpleUrlHandlerMapping  : Patterns [/webjars/**, /**] in 'resourceHandlerMapping'
2026-04-14T10:40:23.731-04:00 DEBUG 67413 --- [dsp-demo-project] [restartedMain] s.w.s.m.m.a.RequestMappingHandlerAdapter : ControllerAdvice beans: 0 @ModelAttribute, 0 @InitBinder, 2 RequestBodyAdvice, 1 ResponseBodyAdvice
2026-04-14T10:40:23.735-04:00 DEBUG 67413 --- [dsp-demo-project] [restartedMain] .m.m.a.ExceptionHandlerExceptionResolver : ControllerAdvice beans: 0 @ExceptionHandler, 1 ResponseBodyAdvice
2026-04-14T10:40:23.751-04:00  INFO 67413 --- [dsp-demo-project] [restartedMain] o.s.boot.tomcat.TomcatWebServer          : Tomcat started on port 8080 (http) with context path '/'
2026-04-14T10:40:23.752-04:00  INFO 67413 --- [dsp-demo-project] [restartedMain] c.e.d.DspDemoProjectApplication          : Started DspDemoProjectApplication in 1.088 seconds (process running for 1047.23)
2026-04-14T10:40:23.752-04:00  INFO 67413 --- [dsp-demo-project] [restartedMain] .ConditionEvaluationDeltaLoggingListener : Condition evaluation unchanged
2026-04-14T10:46:52.679-04:00  INFO 67413 --- [dsp-demo-project] [File Watcher] rtingClassPathChangeChangedEventListener : Restarting due to 1 class path change (0 additions, 1 deletion, 0 modifications)
2026-04-14T10:46:52.689-04:00  INFO 67413 --- [dsp-demo-project] [Thread-33] o.s.boot.tomcat.GracefulShutdown         : Commencing graceful shutdown. Waiting for active requests to complete
2026-04-14T10:46:52.694-04:00  INFO 67413 --- [dsp-demo-project] [tomcat-shutdown] o.s.boot.tomcat.GracefulShutdown         : Graceful shutdown complete
2026-04-14T10:46:52.697-04:00  INFO 67413 --- [dsp-demo-project] [Thread-33] j.LocalContainerEntityManagerFactoryBean : Closing JPA EntityManagerFactory for persistence unit 'default'
2026-04-14T10:46:52.699-04:00  INFO 67413 --- [dsp-demo-project] [Thread-33] com.zaxxer.hikari.HikariDataSource       : HikariPool-9 - Shutdown initiated...
2026-04-14T10:46:53.030-04:00  INFO 67413 --- [dsp-demo-project] [Thread-33] com.zaxxer.hikari.HikariDataSource       : HikariPool-9 - Shutdown completed.
2026-04-14T10:46:53.099-04:00  INFO 67413 --- [dsp-demo-project] [restartedMain] c.e.d.DspDemoProjectApplication          : Starting DspDemoProjectApplication using Java 17.0.18 with PID 67413 (/Users/garygz/IdeaProjects/dsp-demo-project/build/classes/java/main started by garygz in /Users/garygz/IdeaProjects/dsp-demo-project)
2026-04-14T10:46:53.099-04:00 DEBUG 67413 --- [dsp-demo-project] [restartedMain] c.e.d.DspDemoProjectApplication          : Running with Spring Boot v4.0.5, Spring v7.0.6
2026-04-14T10:46:53.099-04:00  INFO 67413 --- [dsp-demo-project] [restartedMain] c.e.d.DspDemoProjectApplication          : No active profile set, falling back to 1 default profile: "default"
2026-04-14T10:46:53.140-04:00  INFO 67413 --- [dsp-demo-project] [restartedMain] .s.d.r.c.RepositoryConfigurationDelegate : Bootstrapping Spring Data JPA repositories in DEFAULT mode.
2026-04-14T10:46:53.143-04:00  INFO 67413 --- [dsp-demo-project] [restartedMain] .s.d.r.c.RepositoryConfigurationDelegate : Finished Spring Data repository scanning in 2 ms. Found 2 JPA repository interfaces.
2026-04-14T10:46:53.171-04:00  INFO 67413 --- [dsp-demo-project] [restartedMain] o.s.boot.tomcat.TomcatWebServer          : Tomcat initialized with port 8080 (http)
2026-04-14T10:46:53.171-04:00  INFO 67413 --- [dsp-demo-project] [restartedMain] o.apache.catalina.core.StandardService   : Starting service [Tomcat]
2026-04-14T10:46:53.171-04:00  INFO 67413 --- [dsp-demo-project] [restartedMain] o.apache.catalina.core.StandardEngine    : Starting Servlet engine: [Apache Tomcat/11.0.20]
2026-04-14T10:46:53.176-04:00  INFO 67413 --- [dsp-demo-project] [restartedMain] b.w.c.s.WebApplicationContextInitializer : Root WebApplicationContext: initialization completed in 76 ms
2026-04-14T10:46:53.189-04:00  INFO 67413 --- [dsp-demo-project] [restartedMain] org.hibernate.orm.jpa                    : HHH008540: Processing PersistenceUnitInfo [name: default]
2026-04-14T10:46:53.199-04:00  INFO 67413 --- [dsp-demo-project] [restartedMain] o.s.o.j.p.SpringPersistenceUnitInfo      : No LoadTimeWeaver setup: ignoring JPA class transformer
2026-04-14T10:46:53.200-04:00  INFO 67413 --- [dsp-demo-project] [restartedMain] com.zaxxer.hikari.HikariDataSource       : HikariPool-10 - Starting...
2026-04-14T10:46:53.563-04:00  INFO 67413 --- [dsp-demo-project] [restartedMain] com.zaxxer.hikari.pool.HikariPool        : HikariPool-10 - Added connection org.postgresql.jdbc.PgConnection@8f3af02
2026-04-14T10:46:53.563-04:00  INFO 67413 --- [dsp-demo-project] [restartedMain] com.zaxxer.hikari.HikariDataSource       : HikariPool-10 - Start completed.
2026-04-14T10:46:53.595-04:00  WARN 67413 --- [dsp-demo-project] [restartedMain] org.hibernate.orm.deprecation            : HHH90000025: PostgreSQLDialect does not need to be specified explicitly using 'hibernate.dialect' (remove the property setting and it will be selected by default)
2026-04-14T10:46:53.715-04:00  INFO 67413 --- [dsp-demo-project] [restartedMain] org.hibernate.orm.connections.pooling    : HHH10001005: Database info:
	Database JDBC URL [jdbc:postgresql://dsp-demo-1.cwomfw6wy9rv.us-east-1.rds.amazonaws.com:5432/postgres?sslmode=verify-full&sslrootcert=./global-bundle.pem]
	Database driver: PostgreSQL JDBC Driver
	Database dialect: PostgreSQLDialect
	Database version: 17.6
	Default catalog/schema: postgres/public
	Autocommit mode: undefined/unknown
	Isolation level: READ_COMMITTED [default READ_COMMITTED]
	JDBC fetch size: none
	Pool: DataSourceConnectionProvider
	Minimum pool size: undefined/unknown
	Maximum pool size: undefined/unknown
2026-04-14T10:46:53.735-04:00  INFO 67413 --- [dsp-demo-project] [restartedMain] org.hibernate.orm.core                   : HHH000489: No JTA platform available (set 'hibernate.transaction.jta.platform' to enable JTA platform integration)
2026-04-14T10:46:53.969-04:00  INFO 67413 --- [dsp-demo-project] [restartedMain] j.LocalContainerEntityManagerFactoryBean : Initialized JPA EntityManagerFactory for persistence unit 'default'
2026-04-14T10:46:53.984-04:00  WARN 67413 --- [dsp-demo-project] [restartedMain] JpaBaseConfiguration$JpaWebConfiguration : spring.jpa.open-in-view is enabled by default. Therefore, database queries may be performed during view rendering. Explicitly configure spring.jpa.open-in-view to disable this warning
2026-04-14T10:46:54.006-04:00 DEBUG 67413 --- [dsp-demo-project] [restartedMain] s.w.s.m.m.a.RequestMappingHandlerMapping : 4 mappings in 'requestMappingHandlerMapping'
2026-04-14T10:46:54.012-04:00 DEBUG 67413 --- [dsp-demo-project] [restartedMain] o.s.w.s.handler.SimpleUrlHandlerMapping  : Patterns [/webjars/**, /**] in 'resourceHandlerMapping'
2026-04-14T10:46:54.015-04:00 DEBUG 67413 --- [dsp-demo-project] [restartedMain] s.w.s.m.m.a.RequestMappingHandlerAdapter : ControllerAdvice beans: 0 @ModelAttribute, 0 @InitBinder, 2 RequestBodyAdvice, 1 ResponseBodyAdvice
2026-04-14T10:46:54.018-04:00 DEBUG 67413 --- [dsp-demo-project] [restartedMain] .m.m.a.ExceptionHandlerExceptionResolver : ControllerAdvice beans: 0 @ExceptionHandler, 1 ResponseBodyAdvice
2026-04-14T10:46:54.050-04:00  INFO 67413 --- [dsp-demo-project] [restartedMain] o.s.boot.tomcat.TomcatWebServer          : Tomcat started on port 8080 (http) with context path '/'
2026-04-14T10:46:54.052-04:00  INFO 67413 --- [dsp-demo-project] [restartedMain] c.e.d.DspDemoProjectApplication          : Started DspDemoProjectApplication in 0.961 seconds (process running for 1437.535)
2026-04-14T10:46:54.052-04:00  INFO 67413 --- [dsp-demo-project] [restartedMain] .ConditionEvaluationDeltaLoggingListener : Condition evaluation unchanged
2026-04-14T10:49:30.771-04:00  INFO 67413 --- [dsp-demo-project] [File Watcher] rtingClassPathChangeChangedEventListener : Restarting due to 1 class path change (1 addition, 0 deletions, 0 modifications)
2026-04-14T10:49:30.778-04:00  INFO 67413 --- [dsp-demo-project] [Thread-37] o.s.boot.tomcat.GracefulShutdown         : Commencing graceful shutdown. Waiting for active requests to complete
2026-04-14T10:49:30.781-04:00  INFO 67413 --- [dsp-demo-project] [tomcat-shutdown] o.s.boot.tomcat.GracefulShutdown         : Graceful shutdown complete
2026-04-14T10:49:30.783-04:00  INFO 67413 --- [dsp-demo-project] [Thread-37] j.LocalContainerEntityManagerFactoryBean : Closing JPA EntityManagerFactory for persistence unit 'default'
2026-04-14T10:49:30.785-04:00  INFO 67413 --- [dsp-demo-project] [Thread-37] com.zaxxer.hikari.HikariDataSource       : HikariPool-10 - Shutdown initiated...
2026-04-14T10:49:31.093-04:00  INFO 67413 --- [dsp-demo-project] [Thread-37] com.zaxxer.hikari.HikariDataSource       : HikariPool-10 - Shutdown completed.
2026-04-14T10:49:31.175-04:00  INFO 67413 --- [dsp-demo-project] [restartedMain] c.e.d.DspDemoProjectApplication          : Starting DspDemoProjectApplication using Java 17.0.18 with PID 67413 (/Users/garygz/IdeaProjects/dsp-demo-project/build/classes/java/main started by garygz in /Users/garygz/IdeaProjects/dsp-demo-project)
2026-04-14T10:49:31.175-04:00 DEBUG 67413 --- [dsp-demo-project] [restartedMain] c.e.d.DspDemoProjectApplication          : Running with Spring Boot v4.0.5, Spring v7.0.6
2026-04-14T10:49:31.175-04:00  INFO 67413 --- [dsp-demo-project] [restartedMain] c.e.d.DspDemoProjectApplication          : No active profile set, falling back to 1 default profile: "default"
2026-04-14T10:49:31.250-04:00  INFO 67413 --- [dsp-demo-project] [restartedMain] .s.d.r.c.RepositoryConfigurationDelegate : Bootstrapping Spring Data JPA repositories in DEFAULT mode.
2026-04-14T10:49:31.255-04:00  INFO 67413 --- [dsp-demo-project] [restartedMain] .s.d.r.c.RepositoryConfigurationDelegate : Finished Spring Data repository scanning in 4 ms. Found 2 JPA repository interfaces.
2026-04-14T10:49:31.299-04:00  INFO 67413 --- [dsp-demo-project] [restartedMain] o.s.boot.tomcat.TomcatWebServer          : Tomcat initialized with port 8080 (http)
2026-04-14T10:49:31.299-04:00  INFO 67413 --- [dsp-demo-project] [restartedMain] o.apache.catalina.core.StandardService   : Starting service [Tomcat]
2026-04-14T10:49:31.299-04:00  INFO 67413 --- [dsp-demo-project] [restartedMain] o.apache.catalina.core.StandardEngine    : Starting Servlet engine: [Apache Tomcat/11.0.20]
2026-04-14T10:49:31.306-04:00  INFO 67413 --- [dsp-demo-project] [restartedMain] b.w.c.s.WebApplicationContextInitializer : Root WebApplicationContext: initialization completed in 130 ms
2026-04-14T10:49:31.326-04:00  INFO 67413 --- [dsp-demo-project] [restartedMain] org.hibernate.orm.jpa                    : HHH008540: Processing PersistenceUnitInfo [name: default]
2026-04-14T10:49:31.342-04:00  INFO 67413 --- [dsp-demo-project] [restartedMain] o.s.o.j.p.SpringPersistenceUnitInfo      : No LoadTimeWeaver setup: ignoring JPA class transformer
2026-04-14T10:49:31.343-04:00  INFO 67413 --- [dsp-demo-project] [restartedMain] com.zaxxer.hikari.HikariDataSource       : HikariPool-11 - Starting...
2026-04-14T10:49:31.756-04:00  INFO 67413 --- [dsp-demo-project] [restartedMain] com.zaxxer.hikari.pool.HikariPool        : HikariPool-11 - Added connection org.postgresql.jdbc.PgConnection@f742990
2026-04-14T10:49:31.757-04:00  INFO 67413 --- [dsp-demo-project] [restartedMain] com.zaxxer.hikari.HikariDataSource       : HikariPool-11 - Start completed.
2026-04-14T10:49:31.792-04:00  WARN 67413 --- [dsp-demo-project] [restartedMain] org.hibernate.orm.deprecation            : HHH90000025: PostgreSQLDialect does not need to be specified explicitly using 'hibernate.dialect' (remove the property setting and it will be selected by default)
2026-04-14T10:49:31.914-04:00  INFO 67413 --- [dsp-demo-project] [restartedMain] org.hibernate.orm.connections.pooling    : HHH10001005: Database info:
	Database JDBC URL [jdbc:postgresql://dsp-demo-1.cwomfw6wy9rv.us-east-1.rds.amazonaws.com:5432/postgres?sslmode=verify-full&sslrootcert=./global-bundle.pem]
	Database driver: PostgreSQL JDBC Driver
	Database dialect: PostgreSQLDialect
	Database version: 17.6
	Default catalog/schema: postgres/public
	Autocommit mode: undefined/unknown
	Isolation level: READ_COMMITTED [default READ_COMMITTED]
	JDBC fetch size: none
	Pool: DataSourceConnectionProvider
	Minimum pool size: undefined/unknown
	Maximum pool size: undefined/unknown
2026-04-14T10:49:31.945-04:00  INFO 67413 --- [dsp-demo-project] [restartedMain] org.hibernate.orm.core                   : HHH000489: No JTA platform available (set 'hibernate.transaction.jta.platform' to enable JTA platform integration)
2026-04-14T10:49:32.178-04:00  INFO 67413 --- [dsp-demo-project] [restartedMain] j.LocalContainerEntityManagerFactoryBean : Initialized JPA EntityManagerFactory for persistence unit 'default'
2026-04-14T10:49:32.226-04:00  WARN 67413 --- [dsp-demo-project] [restartedMain] JpaBaseConfiguration$JpaWebConfiguration : spring.jpa.open-in-view is enabled by default. Therefore, database queries may be performed during view rendering. Explicitly configure spring.jpa.open-in-view to disable this warning
2026-04-14T10:49:32.244-04:00 DEBUG 67413 --- [dsp-demo-project] [restartedMain] s.w.s.m.m.a.RequestMappingHandlerMapping : 4 mappings in 'requestMappingHandlerMapping'
2026-04-14T10:49:32.250-04:00 DEBUG 67413 --- [dsp-demo-project] [restartedMain] o.s.w.s.handler.SimpleUrlHandlerMapping  : Patterns [/webjars/**, /**] in 'resourceHandlerMapping'
2026-04-14T10:49:32.252-04:00 DEBUG 67413 --- [dsp-demo-project] [restartedMain] s.w.s.m.m.a.RequestMappingHandlerAdapter : ControllerAdvice beans: 0 @ModelAttribute, 0 @InitBinder, 2 RequestBodyAdvice, 1 ResponseBodyAdvice
2026-04-14T10:49:32.256-04:00 DEBUG 67413 --- [dsp-demo-project] [restartedMain] .m.m.a.ExceptionHandlerExceptionResolver : ControllerAdvice beans: 0 @ExceptionHandler, 1 ResponseBodyAdvice
2026-04-14T10:49:32.273-04:00  INFO 67413 --- [dsp-demo-project] [restartedMain] o.s.boot.tomcat.TomcatWebServer          : Tomcat started on port 8080 (http) with context path '/'
2026-04-14T10:49:32.274-04:00  INFO 67413 --- [dsp-demo-project] [restartedMain] c.e.d.DspDemoProjectApplication          : Started DspDemoProjectApplication in 1.107 seconds (process running for 1595.759)
2026-04-14T10:49:32.274-04:00  INFO 67413 --- [dsp-demo-project] [restartedMain] .ConditionEvaluationDeltaLoggingListener : Condition evaluation unchanged
2026-04-14T10:50:50.341-04:00  INFO 67413 --- [dsp-demo-project] [File Watcher] rtingClassPathChangeChangedEventListener : Restarting due to 1 class path change (0 additions, 0 deletions, 1 modification)
2026-04-14T10:50:50.349-04:00  INFO 67413 --- [dsp-demo-project] [Thread-41] o.s.boot.tomcat.GracefulShutdown         : Commencing graceful shutdown. Waiting for active requests to complete
2026-04-14T10:50:50.354-04:00  INFO 67413 --- [dsp-demo-project] [tomcat-shutdown] o.s.boot.tomcat.GracefulShutdown         : Graceful shutdown complete
2026-04-14T10:50:50.358-04:00  INFO 67413 --- [dsp-demo-project] [Thread-41] j.LocalContainerEntityManagerFactoryBean : Closing JPA EntityManagerFactory for persistence unit 'default'
2026-04-14T10:50:50.360-04:00  INFO 67413 --- [dsp-demo-project] [Thread-41] com.zaxxer.hikari.HikariDataSource       : HikariPool-11 - Shutdown initiated...
2026-04-14T10:50:50.666-04:00  INFO 67413 --- [dsp-demo-project] [Thread-41] com.zaxxer.hikari.HikariDataSource       : HikariPool-11 - Shutdown completed.
2026-04-14T10:50:50.771-04:00  INFO 67413 --- [dsp-demo-project] [restartedMain] c.e.d.DspDemoProjectApplication          : Starting DspDemoProjectApplication using Java 17.0.18 with PID 67413 (/Users/garygz/IdeaProjects/dsp-demo-project/build/classes/java/main started by garygz in /Users/garygz/IdeaProjects/dsp-demo-project)
2026-04-14T10:50:50.771-04:00 DEBUG 67413 --- [dsp-demo-project] [restartedMain] c.e.d.DspDemoProjectApplication          : Running with Spring Boot v4.0.5, Spring v7.0.6
2026-04-14T10:50:50.771-04:00  INFO 67413 --- [dsp-demo-project] [restartedMain] c.e.d.DspDemoProjectApplication          : No active profile set, falling back to 1 default profile: "default"
2026-04-14T10:50:50.818-04:00  INFO 67413 --- [dsp-demo-project] [restartedMain] .s.d.r.c.RepositoryConfigurationDelegate : Bootstrapping Spring Data JPA repositories in DEFAULT mode.
2026-04-14T10:50:50.822-04:00  INFO 67413 --- [dsp-demo-project] [restartedMain] .s.d.r.c.RepositoryConfigurationDelegate : Finished Spring Data repository scanning in 3 ms. Found 2 JPA repository interfaces.
2026-04-14T10:50:50.865-04:00  INFO 67413 --- [dsp-demo-project] [restartedMain] o.s.boot.tomcat.TomcatWebServer          : Tomcat initialized with port 8080 (http)
2026-04-14T10:50:50.866-04:00  INFO 67413 --- [dsp-demo-project] [restartedMain] o.apache.catalina.core.StandardService   : Starting service [Tomcat]
2026-04-14T10:50:50.866-04:00  INFO 67413 --- [dsp-demo-project] [restartedMain] o.apache.catalina.core.StandardEngine    : Starting Servlet engine: [Apache Tomcat/11.0.20]
2026-04-14T10:50:50.870-04:00  INFO 67413 --- [dsp-demo-project] [restartedMain] b.w.c.s.WebApplicationContextInitializer : Root WebApplicationContext: initialization completed in 99 ms
2026-04-14T10:50:50.882-04:00  INFO 67413 --- [dsp-demo-project] [restartedMain] org.hibernate.orm.jpa                    : HHH008540: Processing PersistenceUnitInfo [name: default]
2026-04-14T10:50:50.891-04:00  INFO 67413 --- [dsp-demo-project] [restartedMain] o.s.o.j.p.SpringPersistenceUnitInfo      : No LoadTimeWeaver setup: ignoring JPA class transformer
2026-04-14T10:50:50.892-04:00  INFO 67413 --- [dsp-demo-project] [restartedMain] com.zaxxer.hikari.HikariDataSource       : HikariPool-12 - Starting...
2026-04-14T10:50:51.242-04:00  INFO 67413 --- [dsp-demo-project] [restartedMain] com.zaxxer.hikari.pool.HikariPool        : HikariPool-12 - Added connection org.postgresql.jdbc.PgConnection@50ef002a
2026-04-14T10:50:51.242-04:00  INFO 67413 --- [dsp-demo-project] [restartedMain] com.zaxxer.hikari.HikariDataSource       : HikariPool-12 - Start completed.
2026-04-14T10:50:51.274-04:00  WARN 67413 --- [dsp-demo-project] [restartedMain] org.hibernate.orm.deprecation            : HHH90000025: PostgreSQLDialect does not need to be specified explicitly using 'hibernate.dialect' (remove the property setting and it will be selected by default)
2026-04-14T10:50:51.396-04:00  INFO 67413 --- [dsp-demo-project] [restartedMain] org.hibernate.orm.connections.pooling    : HHH10001005: Database info:
	Database JDBC URL [jdbc:postgresql://dsp-demo-1.cwomfw6wy9rv.us-east-1.rds.amazonaws.com:5432/postgres?sslmode=verify-full&sslrootcert=./global-bundle.pem]
	Database driver: PostgreSQL JDBC Driver
	Database dialect: PostgreSQLDialect
	Database version: 17.6
	Default catalog/schema: postgres/public
	Autocommit mode: undefined/unknown
	Isolation level: READ_COMMITTED [default READ_COMMITTED]
	JDBC fetch size: none
	Pool: DataSourceConnectionProvider
	Minimum pool size: undefined/unknown
	Maximum pool size: undefined/unknown
2026-04-14T10:50:51.434-04:00  INFO 67413 --- [dsp-demo-project] [restartedMain] org.hibernate.orm.core                   : HHH000489: No JTA platform available (set 'hibernate.transaction.jta.platform' to enable JTA platform integration)
2026-04-14T10:50:51.703-04:00  INFO 67413 --- [dsp-demo-project] [restartedMain] j.LocalContainerEntityManagerFactoryBean : Initialized JPA EntityManagerFactory for persistence unit 'default'
2026-04-14T10:50:51.742-04:00  WARN 67413 --- [dsp-demo-project] [restartedMain] JpaBaseConfiguration$JpaWebConfiguration : spring.jpa.open-in-view is enabled by default. Therefore, database queries may be performed during view rendering. Explicitly configure spring.jpa.open-in-view to disable this warning
2026-04-14T10:50:51.761-04:00 DEBUG 67413 --- [dsp-demo-project] [restartedMain] s.w.s.m.m.a.RequestMappingHandlerMapping : 4 mappings in 'requestMappingHandlerMapping'
2026-04-14T10:50:51.766-04:00 DEBUG 67413 --- [dsp-demo-project] [restartedMain] o.s.w.s.handler.SimpleUrlHandlerMapping  : Patterns [/webjars/**, /**] in 'resourceHandlerMapping'
2026-04-14T10:50:51.769-04:00 DEBUG 67413 --- [dsp-demo-project] [restartedMain] s.w.s.m.m.a.RequestMappingHandlerAdapter : ControllerAdvice beans: 0 @ModelAttribute, 0 @InitBinder, 2 RequestBodyAdvice, 1 ResponseBodyAdvice
2026-04-14T10:50:51.772-04:00 DEBUG 67413 --- [dsp-demo-project] [restartedMain] .m.m.a.ExceptionHandlerExceptionResolver : ControllerAdvice beans: 0 @ExceptionHandler, 1 ResponseBodyAdvice
2026-04-14T10:50:51.787-04:00  INFO 67413 --- [dsp-demo-project] [restartedMain] o.s.boot.tomcat.TomcatWebServer          : Tomcat started on port 8080 (http) with context path '/'
2026-04-14T10:50:51.788-04:00  INFO 67413 --- [dsp-demo-project] [restartedMain] c.e.d.DspDemoProjectApplication          : Started DspDemoProjectApplication in 1.027 seconds (process running for 1675.274)
2026-04-14T10:50:51.788-04:00  INFO 67413 --- [dsp-demo-project] [restartedMain] .ConditionEvaluationDeltaLoggingListener : Condition evaluation unchanged
2026-04-14T10:55:45.787-04:00  INFO 67413 --- [dsp-demo-project] [File Watcher] rtingClassPathChangeChangedEventListener : Restarting due to 1 class path change (0 additions, 0 deletions, 1 modification)
2026-04-14T10:55:45.795-04:00  INFO 67413 --- [dsp-demo-project] [Thread-45] o.s.boot.tomcat.GracefulShutdown         : Commencing graceful shutdown. Waiting for active requests to complete
2026-04-14T10:55:45.799-04:00  INFO 67413 --- [dsp-demo-project] [tomcat-shutdown] o.s.boot.tomcat.GracefulShutdown         : Graceful shutdown complete
2026-04-14T10:55:45.803-04:00  INFO 67413 --- [dsp-demo-project] [Thread-45] j.LocalContainerEntityManagerFactoryBean : Closing JPA EntityManagerFactory for persistence unit 'default'
2026-04-14T10:55:45.806-04:00  INFO 67413 --- [dsp-demo-project] [Thread-45] com.zaxxer.hikari.HikariDataSource       : HikariPool-12 - Shutdown initiated...
2026-04-14T10:55:46.126-04:00  INFO 67413 --- [dsp-demo-project] [Thread-45] com.zaxxer.hikari.HikariDataSource       : HikariPool-12 - Shutdown completed.
2026-04-14T10:55:46.196-04:00  INFO 67413 --- [dsp-demo-project] [restartedMain] c.e.d.DspDemoProjectApplication          : Starting DspDemoProjectApplication using Java 17.0.18 with PID 67413 (/Users/garygz/IdeaProjects/dsp-demo-project/build/classes/java/main started by garygz in /Users/garygz/IdeaProjects/dsp-demo-project)
2026-04-14T10:55:46.196-04:00 DEBUG 67413 --- [dsp-demo-project] [restartedMain] c.e.d.DspDemoProjectApplication          : Running with Spring Boot v4.0.5, Spring v7.0.6
2026-04-14T10:55:46.196-04:00  INFO 67413 --- [dsp-demo-project] [restartedMain] c.e.d.DspDemoProjectApplication          : No active profile set, falling back to 1 default profile: "default"
2026-04-14T10:55:46.236-04:00  INFO 67413 --- [dsp-demo-project] [restartedMain] .s.d.r.c.RepositoryConfigurationDelegate : Bootstrapping Spring Data JPA repositories in DEFAULT mode.
2026-04-14T10:55:46.239-04:00  INFO 67413 --- [dsp-demo-project] [restartedMain] .s.d.r.c.RepositoryConfigurationDelegate : Finished Spring Data repository scanning in 2 ms. Found 2 JPA repository interfaces.
2026-04-14T10:55:46.269-04:00  INFO 67413 --- [dsp-demo-project] [restartedMain] o.s.boot.tomcat.TomcatWebServer          : Tomcat initialized with port 8080 (http)
2026-04-14T10:55:46.270-04:00  INFO 67413 --- [dsp-demo-project] [restartedMain] o.apache.catalina.core.StandardService   : Starting service [Tomcat]
2026-04-14T10:55:46.270-04:00  INFO 67413 --- [dsp-demo-project] [restartedMain] o.apache.catalina.core.StandardEngine    : Starting Servlet engine: [Apache Tomcat/11.0.20]
2026-04-14T10:55:46.274-04:00  INFO 67413 --- [dsp-demo-project] [restartedMain] b.w.c.s.WebApplicationContextInitializer : Root WebApplicationContext: initialization completed in 77 ms
2026-04-14T10:55:46.287-04:00  INFO 67413 --- [dsp-demo-project] [restartedMain] org.hibernate.orm.jpa                    : HHH008540: Processing PersistenceUnitInfo [name: default]
2026-04-14T10:55:46.296-04:00  INFO 67413 --- [dsp-demo-project] [restartedMain] o.s.o.j.p.SpringPersistenceUnitInfo      : No LoadTimeWeaver setup: ignoring JPA class transformer
2026-04-14T10:55:46.297-04:00  INFO 67413 --- [dsp-demo-project] [restartedMain] com.zaxxer.hikari.HikariDataSource       : HikariPool-13 - Starting...
2026-04-14T10:55:46.766-04:00  INFO 67413 --- [dsp-demo-project] [restartedMain] com.zaxxer.hikari.pool.HikariPool        : HikariPool-13 - Added connection org.postgresql.jdbc.PgConnection@1cc1659a
2026-04-14T10:55:46.767-04:00  INFO 67413 --- [dsp-demo-project] [restartedMain] com.zaxxer.hikari.HikariDataSource       : HikariPool-13 - Start completed.
2026-04-14T10:55:46.804-04:00  WARN 67413 --- [dsp-demo-project] [restartedMain] org.hibernate.orm.deprecation            : HHH90000025: PostgreSQLDialect does not need to be specified explicitly using 'hibernate.dialect' (remove the property setting and it will be selected by default)
2026-04-14T10:55:46.945-04:00  INFO 67413 --- [dsp-demo-project] [restartedMain] org.hibernate.orm.connections.pooling    : HHH10001005: Database info:
	Database JDBC URL [jdbc:postgresql://dsp-demo-1.cwomfw6wy9rv.us-east-1.rds.amazonaws.com:5432/postgres?sslmode=verify-full&sslrootcert=./global-bundle.pem]
	Database driver: PostgreSQL JDBC Driver
	Database dialect: PostgreSQLDialect
	Database version: 17.6
	Default catalog/schema: postgres/public
	Autocommit mode: undefined/unknown
	Isolation level: READ_COMMITTED [default READ_COMMITTED]
	JDBC fetch size: none
	Pool: DataSourceConnectionProvider
	Minimum pool size: undefined/unknown
	Maximum pool size: undefined/unknown
2026-04-14T10:55:46.976-04:00  INFO 67413 --- [dsp-demo-project] [restartedMain] org.hibernate.orm.core                   : HHH000489: No JTA platform available (set 'hibernate.transaction.jta.platform' to enable JTA platform integration)
2026-04-14T10:55:47.245-04:00  INFO 67413 --- [dsp-demo-project] [restartedMain] j.LocalContainerEntityManagerFactoryBean : Initialized JPA EntityManagerFactory for persistence unit 'default'
2026-04-14T10:55:47.283-04:00  WARN 67413 --- [dsp-demo-project] [restartedMain] JpaBaseConfiguration$JpaWebConfiguration : spring.jpa.open-in-view is enabled by default. Therefore, database queries may be performed during view rendering. Explicitly configure spring.jpa.open-in-view to disable this warning
2026-04-14T10:55:47.300-04:00 DEBUG 67413 --- [dsp-demo-project] [restartedMain] s.w.s.m.m.a.RequestMappingHandlerMapping : 4 mappings in 'requestMappingHandlerMapping'
2026-04-14T10:55:47.305-04:00 DEBUG 67413 --- [dsp-demo-project] [restartedMain] o.s.w.s.handler.SimpleUrlHandlerMapping  : Patterns [/webjars/**, /**] in 'resourceHandlerMapping'
2026-04-14T10:55:47.308-04:00 DEBUG 67413 --- [dsp-demo-project] [restartedMain] s.w.s.m.m.a.RequestMappingHandlerAdapter : ControllerAdvice beans: 0 @ModelAttribute, 0 @InitBinder, 2 RequestBodyAdvice, 1 ResponseBodyAdvice
2026-04-14T10:55:47.311-04:00 DEBUG 67413 --- [dsp-demo-project] [restartedMain] .m.m.a.ExceptionHandlerExceptionResolver : ControllerAdvice beans: 0 @ExceptionHandler, 1 ResponseBodyAdvice
2026-04-14T10:55:47.325-04:00  INFO 67413 --- [dsp-demo-project] [restartedMain] o.s.boot.tomcat.TomcatWebServer          : Tomcat started on port 8080 (http) with context path '/'
2026-04-14T10:55:47.325-04:00  INFO 67413 --- [dsp-demo-project] [restartedMain] c.e.d.DspDemoProjectApplication          : Started DspDemoProjectApplication in 1.137 seconds (process running for 1970.815)
2026-04-14T10:55:47.326-04:00  INFO 67413 --- [dsp-demo-project] [restartedMain] .ConditionEvaluationDeltaLoggingListener : Condition evaluation unchanged
2026-04-14T10:55:52.738-04:00  INFO 67413 --- [dsp-demo-project] [SpringApplicationShutdownHook] o.s.boot.tomcat.GracefulShutdown         : Commencing graceful shutdown. Waiting for active requests to complete
2026-04-14T10:55:52.739-04:00  INFO 67413 --- [dsp-demo-project] [tomcat-shutdown] o.s.boot.tomcat.GracefulShutdown         : Graceful shutdown complete
2026-04-14T10:55:52.740-04:00  INFO 67413 --- [dsp-demo-project] [SpringApplicationShutdownHook] j.LocalContainerEntityManagerFactoryBean : Closing JPA EntityManagerFactory for persistence unit 'default'
2026-04-14T10:55:52.740-04:00  INFO 67413 --- [dsp-demo-project] [SpringApplicationShutdownHook] com.zaxxer.hikari.HikariDataSource       : HikariPool-13 - Shutdown initiated...
2026-04-14T10:55:53.061-04:00  INFO 67413 --- [dsp-demo-project] [SpringApplicationShutdownHook] com.zaxxer.hikari.HikariDataSource       : HikariPool-13 - Shutdown completed.
2026-04-14T10:55:54.358-04:00  INFO 67941 --- [dsp-demo-project] [restartedMain] c.e.d.DspDemoProjectApplication          : Starting DspDemoProjectApplication using Java 17.0.18 with PID 67941 (/Users/garygz/IdeaProjects/dsp-demo-project/build/classes/java/main started by garygz in /Users/garygz/IdeaProjects/dsp-demo-project)
2026-04-14T10:55:54.359-04:00 DEBUG 67941 --- [dsp-demo-project] [restartedMain] c.e.d.DspDemoProjectApplication          : Running with Spring Boot v4.0.5, Spring v7.0.6
2026-04-14T10:55:54.360-04:00  INFO 67941 --- [dsp-demo-project] [restartedMain] c.e.d.DspDemoProjectApplication          : No active profile set, falling back to 1 default profile: "default"
2026-04-14T10:55:54.375-04:00  INFO 67941 --- [dsp-demo-project] [restartedMain] .e.DevToolsPropertyDefaultsPostProcessor : Devtools property defaults active! Set 'spring.devtools.add-properties' to 'false' to disable
2026-04-14T10:55:54.375-04:00  INFO 67941 --- [dsp-demo-project] [restartedMain] .e.DevToolsPropertyDefaultsPostProcessor : For additional web related logging consider setting the 'logging.level.web' property to 'DEBUG'
2026-04-14T10:55:54.572-04:00  INFO 67941 --- [dsp-demo-project] [restartedMain] .s.d.r.c.RepositoryConfigurationDelegate : Bootstrapping Spring Data JPA repositories in DEFAULT mode.
2026-04-14T10:55:54.594-04:00  INFO 67941 --- [dsp-demo-project] [restartedMain] .s.d.r.c.RepositoryConfigurationDelegate : Finished Spring Data repository scanning in 18 ms. Found 2 JPA repository interfaces.
2026-04-14T10:55:54.763-04:00  INFO 67941 --- [dsp-demo-project] [restartedMain] o.s.boot.tomcat.TomcatWebServer          : Tomcat initialized with port 8080 (http)
2026-04-14T10:55:54.768-04:00  INFO 67941 --- [dsp-demo-project] [restartedMain] o.apache.catalina.core.StandardService   : Starting service [Tomcat]
2026-04-14T10:55:54.768-04:00  INFO 67941 --- [dsp-demo-project] [restartedMain] o.apache.catalina.core.StandardEngine    : Starting Servlet engine: [Apache Tomcat/11.0.20]
2026-04-14T10:55:54.782-04:00  INFO 67941 --- [dsp-demo-project] [restartedMain] b.w.c.s.WebApplicationContextInitializer : Root WebApplicationContext: initialization completed in 407 ms
2026-04-14T10:55:54.851-04:00  INFO 67941 --- [dsp-demo-project] [restartedMain] org.hibernate.orm.jpa                    : HHH008540: Processing PersistenceUnitInfo [name: default]
2026-04-14T10:55:54.874-04:00  INFO 67941 --- [dsp-demo-project] [restartedMain] org.hibernate.orm.core                   : HHH000001: Hibernate ORM core version 7.2.7.Final
2026-04-14T10:55:55.047-04:00  INFO 67941 --- [dsp-demo-project] [restartedMain] o.s.o.j.p.SpringPersistenceUnitInfo      : No LoadTimeWeaver setup: ignoring JPA class transformer
2026-04-14T10:55:55.060-04:00  INFO 67941 --- [dsp-demo-project] [restartedMain] com.zaxxer.hikari.HikariDataSource       : HikariPool-1 - Starting...
2026-04-14T10:55:55.498-04:00  INFO 67941 --- [dsp-demo-project] [restartedMain] com.zaxxer.hikari.pool.HikariPool        : HikariPool-1 - Added connection org.postgresql.jdbc.PgConnection@1c5ad761
2026-04-14T10:55:55.499-04:00  INFO 67941 --- [dsp-demo-project] [restartedMain] com.zaxxer.hikari.HikariDataSource       : HikariPool-1 - Start completed.
2026-04-14T10:55:55.550-04:00  WARN 67941 --- [dsp-demo-project] [restartedMain] org.hibernate.orm.deprecation            : HHH90000025: PostgreSQLDialect does not need to be specified explicitly using 'hibernate.dialect' (remove the property setting and it will be selected by default)
2026-04-14T10:55:55.681-04:00  INFO 67941 --- [dsp-demo-project] [restartedMain] org.hibernate.orm.connections.pooling    : HHH10001005: Database info:
	Database JDBC URL [jdbc:postgresql://dsp-demo-1.cwomfw6wy9rv.us-east-1.rds.amazonaws.com:5432/postgres?sslmode=verify-full&sslrootcert=./global-bundle.pem]
	Database driver: PostgreSQL JDBC Driver
	Database dialect: PostgreSQLDialect
	Database version: 17.6
	Default catalog/schema: postgres/public
	Autocommit mode: undefined/unknown
	Isolation level: READ_COMMITTED [default READ_COMMITTED]
	JDBC fetch size: none
	Pool: DataSourceConnectionProvider
	Minimum pool size: undefined/unknown
	Maximum pool size: undefined/unknown
2026-04-14T10:55:56.096-04:00  INFO 67941 --- [dsp-demo-project] [restartedMain] org.hibernate.orm.core                   : HHH000489: No JTA platform available (set 'hibernate.transaction.jta.platform' to enable JTA platform integration)
2026-04-14T10:55:56.342-04:00  INFO 67941 --- [dsp-demo-project] [restartedMain] j.LocalContainerEntityManagerFactoryBean : Initialized JPA EntityManagerFactory for persistence unit 'default'
2026-04-14T10:55:56.374-04:00  INFO 67941 --- [dsp-demo-project] [restartedMain] o.s.d.j.r.query.QueryEnhancerFactories   : Hibernate is in classpath; If applicable, HQL parser will be used.
2026-04-14T10:55:56.413-04:00  WARN 67941 --- [dsp-demo-project] [restartedMain] JpaBaseConfiguration$JpaWebConfiguration : spring.jpa.open-in-view is enabled by default. Therefore, database queries may be performed during view rendering. Explicitly configure spring.jpa.open-in-view to disable this warning
2026-04-14T10:55:56.462-04:00 DEBUG 67941 --- [dsp-demo-project] [restartedMain] s.w.s.m.m.a.RequestMappingHandlerMapping : 4 mappings in 'requestMappingHandlerMapping'
2026-04-14T10:55:56.473-04:00 DEBUG 67941 --- [dsp-demo-project] [restartedMain] o.s.w.s.handler.SimpleUrlHandlerMapping  : Patterns [/webjars/**, /**] in 'resourceHandlerMapping'
2026-04-14T10:55:56.480-04:00 DEBUG 67941 --- [dsp-demo-project] [restartedMain] s.w.s.m.m.a.RequestMappingHandlerAdapter : ControllerAdvice beans: 0 @ModelAttribute, 0 @InitBinder, 2 RequestBodyAdvice, 1 ResponseBodyAdvice
2026-04-14T10:55:56.495-04:00 DEBUG 67941 --- [dsp-demo-project] [restartedMain] .m.m.a.ExceptionHandlerExceptionResolver : ControllerAdvice beans: 0 @ExceptionHandler, 1 ResponseBodyAdvice
2026-04-14T10:55:56.535-04:00  INFO 67941 --- [dsp-demo-project] [restartedMain] o.s.boot.tomcat.TomcatWebServer          : Tomcat started on port 8080 (http) with context path '/'
2026-04-14T10:55:56.538-04:00  INFO 67941 --- [dsp-demo-project] [restartedMain] c.e.d.DspDemoProjectApplication          : Started DspDemoProjectApplication in 2.319 seconds (process running for 2.539)
2026-04-14T11:13:26.242-04:00  INFO 67941 --- [dsp-demo-project] [File Watcher] rtingClassPathChangeChangedEventListener : Restarting due to 1 class path change (0 additions, 0 deletions, 1 modification)
2026-04-14T11:13:26.254-04:00  INFO 67941 --- [dsp-demo-project] [Thread-1] o.s.boot.tomcat.GracefulShutdown         : Commencing graceful shutdown. Waiting for active requests to complete
2026-04-14T11:13:26.266-04:00  INFO 67941 --- [dsp-demo-project] [tomcat-shutdown] o.s.boot.tomcat.GracefulShutdown         : Graceful shutdown complete
2026-04-14T11:13:26.270-04:00  INFO 67941 --- [dsp-demo-project] [Thread-1] j.LocalContainerEntityManagerFactoryBean : Closing JPA EntityManagerFactory for persistence unit 'default'
2026-04-14T11:13:26.274-04:00  INFO 67941 --- [dsp-demo-project] [Thread-1] com.zaxxer.hikari.HikariDataSource       : HikariPool-1 - Shutdown initiated...
2026-04-14T11:13:26.598-04:00  INFO 67941 --- [dsp-demo-project] [Thread-1] com.zaxxer.hikari.HikariDataSource       : HikariPool-1 - Shutdown completed.
2026-04-14T11:13:26.667-04:00  INFO 67941 --- [dsp-demo-project] [restartedMain] c.e.d.DspDemoProjectApplication          : Starting DspDemoProjectApplication using Java 17.0.18 with PID 67941 (/Users/garygz/IdeaProjects/dsp-demo-project/build/classes/java/main started by garygz in /Users/garygz/IdeaProjects/dsp-demo-project)
2026-04-14T11:13:26.667-04:00 DEBUG 67941 --- [dsp-demo-project] [restartedMain] c.e.d.DspDemoProjectApplication          : Running with Spring Boot v4.0.5, Spring v7.0.6
2026-04-14T11:13:26.667-04:00  INFO 67941 --- [dsp-demo-project] [restartedMain] c.e.d.DspDemoProjectApplication          : No active profile set, falling back to 1 default profile: "default"
2026-04-14T11:13:26.718-04:00  INFO 67941 --- [dsp-demo-project] [restartedMain] .s.d.r.c.RepositoryConfigurationDelegate : Bootstrapping Spring Data JPA repositories in DEFAULT mode.
2026-04-14T11:13:26.721-04:00  INFO 67941 --- [dsp-demo-project] [restartedMain] .s.d.r.c.RepositoryConfigurationDelegate : Finished Spring Data repository scanning in 2 ms. Found 2 JPA repository interfaces.
2026-04-14T11:13:26.760-04:00  INFO 67941 --- [dsp-demo-project] [restartedMain] o.s.boot.tomcat.TomcatWebServer          : Tomcat initialized with port 8080 (http)
2026-04-14T11:13:26.760-04:00  INFO 67941 --- [dsp-demo-project] [restartedMain] o.apache.catalina.core.StandardService   : Starting service [Tomcat]
2026-04-14T11:13:26.760-04:00  INFO 67941 --- [dsp-demo-project] [restartedMain] o.apache.catalina.core.StandardEngine    : Starting Servlet engine: [Apache Tomcat/11.0.20]
2026-04-14T11:13:26.767-04:00  INFO 67941 --- [dsp-demo-project] [restartedMain] b.w.c.s.WebApplicationContextInitializer : Root WebApplicationContext: initialization completed in 98 ms
2026-04-14T11:13:26.781-04:00  INFO 67941 --- [dsp-demo-project] [restartedMain] org.hibernate.orm.jpa                    : HHH008540: Processing PersistenceUnitInfo [name: default]
2026-04-14T11:13:26.792-04:00  INFO 67941 --- [dsp-demo-project] [restartedMain] o.s.o.j.p.SpringPersistenceUnitInfo      : No LoadTimeWeaver setup: ignoring JPA class transformer
2026-04-14T11:13:26.793-04:00  INFO 67941 --- [dsp-demo-project] [restartedMain] com.zaxxer.hikari.HikariDataSource       : HikariPool-2 - Starting...
2026-04-14T11:13:27.158-04:00  INFO 67941 --- [dsp-demo-project] [restartedMain] com.zaxxer.hikari.pool.HikariPool        : HikariPool-2 - Added connection org.postgresql.jdbc.PgConnection@29938d9e
2026-04-14T11:13:27.158-04:00  INFO 67941 --- [dsp-demo-project] [restartedMain] com.zaxxer.hikari.HikariDataSource       : HikariPool-2 - Start completed.
2026-04-14T11:13:27.192-04:00  WARN 67941 --- [dsp-demo-project] [restartedMain] org.hibernate.orm.deprecation            : HHH90000025: PostgreSQLDialect does not need to be specified explicitly using 'hibernate.dialect' (remove the property setting and it will be selected by default)
2026-04-14T11:13:27.317-04:00  INFO 67941 --- [dsp-demo-project] [restartedMain] org.hibernate.orm.connections.pooling    : HHH10001005: Database info:
	Database JDBC URL [jdbc:postgresql://dsp-demo-1.cwomfw6wy9rv.us-east-1.rds.amazonaws.com:5432/postgres?sslmode=verify-full&sslrootcert=./global-bundle.pem]
	Database driver: PostgreSQL JDBC Driver
	Database dialect: PostgreSQLDialect
	Database version: 17.6
	Default catalog/schema: postgres/public
	Autocommit mode: undefined/unknown
	Isolation level: READ_COMMITTED [default READ_COMMITTED]
	JDBC fetch size: none
	Pool: DataSourceConnectionProvider
	Minimum pool size: undefined/unknown
	Maximum pool size: undefined/unknown
2026-04-14T11:13:27.355-04:00  INFO 67941 --- [dsp-demo-project] [restartedMain] org.hibernate.orm.core                   : HHH000489: No JTA platform available (set 'hibernate.transaction.jta.platform' to enable JTA platform integration)
2026-04-14T11:13:27.597-04:00  INFO 67941 --- [dsp-demo-project] [restartedMain] j.LocalContainerEntityManagerFactoryBean : Initialized JPA EntityManagerFactory for persistence unit 'default'
2026-04-14T11:13:27.673-04:00  WARN 67941 --- [dsp-demo-project] [restartedMain] JpaBaseConfiguration$JpaWebConfiguration : spring.jpa.open-in-view is enabled by default. Therefore, database queries may be performed during view rendering. Explicitly configure spring.jpa.open-in-view to disable this warning
2026-04-14T11:13:27.691-04:00 DEBUG 67941 --- [dsp-demo-project] [restartedMain] s.w.s.m.m.a.RequestMappingHandlerMapping : 4 mappings in 'requestMappingHandlerMapping'
2026-04-14T11:13:27.696-04:00 DEBUG 67941 --- [dsp-demo-project] [restartedMain] o.s.w.s.handler.SimpleUrlHandlerMapping  : Patterns [/webjars/**, /**] in 'resourceHandlerMapping'
2026-04-14T11:13:27.699-04:00 DEBUG 67941 --- [dsp-demo-project] [restartedMain] s.w.s.m.m.a.RequestMappingHandlerAdapter : ControllerAdvice beans: 0 @ModelAttribute, 0 @InitBinder, 2 RequestBodyAdvice, 1 ResponseBodyAdvice
2026-04-14T11:13:27.702-04:00 DEBUG 67941 --- [dsp-demo-project] [restartedMain] .m.m.a.ExceptionHandlerExceptionResolver : ControllerAdvice beans: 0 @ExceptionHandler, 1 ResponseBodyAdvice
2026-04-14T11:13:27.719-04:00  INFO 67941 --- [dsp-demo-project] [restartedMain] o.s.boot.tomcat.TomcatWebServer          : Tomcat started on port 8080 (http) with context path '/'
2026-04-14T11:13:27.720-04:00  INFO 67941 --- [dsp-demo-project] [restartedMain] c.e.d.DspDemoProjectApplication          : Started DspDemoProjectApplication in 1.065 seconds (process running for 1053.669)
2026-04-14T11:13:27.721-04:00  INFO 67941 --- [dsp-demo-project] [restartedMain] .ConditionEvaluationDeltaLoggingListener : Condition evaluation unchanged
2026-04-14T11:14:40.738-04:00  INFO 67941 --- [dsp-demo-project] [File Watcher] rtingClassPathChangeChangedEventListener : Restarting due to 1 class path change (0 additions, 0 deletions, 1 modification)
2026-04-14T11:14:40.742-04:00  INFO 67941 --- [dsp-demo-project] [Thread-5] o.s.boot.tomcat.GracefulShutdown         : Commencing graceful shutdown. Waiting for active requests to complete
2026-04-14T11:14:40.746-04:00  INFO 67941 --- [dsp-demo-project] [tomcat-shutdown] o.s.boot.tomcat.GracefulShutdown         : Graceful shutdown complete
2026-04-14T11:14:40.748-04:00  INFO 67941 --- [dsp-demo-project] [Thread-5] j.LocalContainerEntityManagerFactoryBean : Closing JPA EntityManagerFactory for persistence unit 'default'
2026-04-14T11:14:40.749-04:00  INFO 67941 --- [dsp-demo-project] [Thread-5] com.zaxxer.hikari.HikariDataSource       : HikariPool-2 - Shutdown initiated...
2026-04-14T11:14:41.079-04:00  INFO 67941 --- [dsp-demo-project] [Thread-5] com.zaxxer.hikari.HikariDataSource       : HikariPool-2 - Shutdown completed.
2026-04-14T11:14:41.127-04:00  INFO 67941 --- [dsp-demo-project] [restartedMain] c.e.d.DspDemoProjectApplication          : Starting DspDemoProjectApplication using Java 17.0.18 with PID 67941 (/Users/garygz/IdeaProjects/dsp-demo-project/build/classes/java/main started by garygz in /Users/garygz/IdeaProjects/dsp-demo-project)
2026-04-14T11:14:41.127-04:00 DEBUG 67941 --- [dsp-demo-project] [restartedMain] c.e.d.DspDemoProjectApplication          : Running with Spring Boot v4.0.5, Spring v7.0.6
2026-04-14T11:14:41.127-04:00  INFO 67941 --- [dsp-demo-project] [restartedMain] c.e.d.DspDemoProjectApplication          : No active profile set, falling back to 1 default profile: "default"
2026-04-14T11:14:41.170-04:00  INFO 67941 --- [dsp-demo-project] [restartedMain] .s.d.r.c.RepositoryConfigurationDelegate : Bootstrapping Spring Data JPA repositories in DEFAULT mode.
2026-04-14T11:14:41.174-04:00  INFO 67941 --- [dsp-demo-project] [restartedMain] .s.d.r.c.RepositoryConfigurationDelegate : Finished Spring Data repository scanning in 2 ms. Found 2 JPA repository interfaces.
2026-04-14T11:14:41.214-04:00  INFO 67941 --- [dsp-demo-project] [restartedMain] o.s.boot.tomcat.TomcatWebServer          : Tomcat initialized with port 8080 (http)
2026-04-14T11:14:41.214-04:00  INFO 67941 --- [dsp-demo-project] [restartedMain] o.apache.catalina.core.StandardService   : Starting service [Tomcat]
2026-04-14T11:14:41.214-04:00  INFO 67941 --- [dsp-demo-project] [restartedMain] o.apache.catalina.core.StandardEngine    : Starting Servlet engine: [Apache Tomcat/11.0.20]
2026-04-14T11:14:41.218-04:00  INFO 67941 --- [dsp-demo-project] [restartedMain] b.w.c.s.WebApplicationContextInitializer : Root WebApplicationContext: initialization completed in 90 ms
2026-04-14T11:14:41.232-04:00  INFO 67941 --- [dsp-demo-project] [restartedMain] org.hibernate.orm.jpa                    : HHH008540: Processing PersistenceUnitInfo [name: default]
2026-04-14T11:14:41.240-04:00  INFO 67941 --- [dsp-demo-project] [restartedMain] o.s.o.j.p.SpringPersistenceUnitInfo      : No LoadTimeWeaver setup: ignoring JPA class transformer
2026-04-14T11:14:41.241-04:00  INFO 67941 --- [dsp-demo-project] [restartedMain] com.zaxxer.hikari.HikariDataSource       : HikariPool-3 - Starting...
2026-04-14T11:14:41.574-04:00  INFO 67941 --- [dsp-demo-project] [restartedMain] com.zaxxer.hikari.pool.HikariPool        : HikariPool-3 - Added connection org.postgresql.jdbc.PgConnection@45bac1d4
2026-04-14T11:14:41.575-04:00  INFO 67941 --- [dsp-demo-project] [restartedMain] com.zaxxer.hikari.HikariDataSource       : HikariPool-3 - Start completed.
2026-04-14T11:14:41.610-04:00  WARN 67941 --- [dsp-demo-project] [restartedMain] org.hibernate.orm.deprecation            : HHH90000025: PostgreSQLDialect does not need to be specified explicitly using 'hibernate.dialect' (remove the property setting and it will be selected by default)
2026-04-14T11:14:41.732-04:00  INFO 67941 --- [dsp-demo-project] [restartedMain] org.hibernate.orm.connections.pooling    : HHH10001005: Database info:
	Database JDBC URL [jdbc:postgresql://dsp-demo-1.cwomfw6wy9rv.us-east-1.rds.amazonaws.com:5432/postgres?sslmode=verify-full&sslrootcert=./global-bundle.pem]
	Database driver: PostgreSQL JDBC Driver
	Database dialect: PostgreSQLDialect
	Database version: 17.6
	Default catalog/schema: postgres/public
	Autocommit mode: undefined/unknown
	Isolation level: READ_COMMITTED [default READ_COMMITTED]
	JDBC fetch size: none
	Pool: DataSourceConnectionProvider
	Minimum pool size: undefined/unknown
	Maximum pool size: undefined/unknown
2026-04-14T11:14:41.774-04:00  INFO 67941 --- [dsp-demo-project] [restartedMain] org.hibernate.orm.core                   : HHH000489: No JTA platform available (set 'hibernate.transaction.jta.platform' to enable JTA platform integration)
2026-04-14T11:14:42.016-04:00  INFO 67941 --- [dsp-demo-project] [restartedMain] j.LocalContainerEntityManagerFactoryBean : Initialized JPA EntityManagerFactory for persistence unit 'default'
2026-04-14T11:14:42.061-04:00  WARN 67941 --- [dsp-demo-project] [restartedMain] JpaBaseConfiguration$JpaWebConfiguration : spring.jpa.open-in-view is enabled by default. Therefore, database queries may be performed during view rendering. Explicitly configure spring.jpa.open-in-view to disable this warning
2026-04-14T11:14:42.078-04:00 DEBUG 67941 --- [dsp-demo-project] [restartedMain] s.w.s.m.m.a.RequestMappingHandlerMapping : 4 mappings in 'requestMappingHandlerMapping'
2026-04-14T11:14:42.083-04:00 DEBUG 67941 --- [dsp-demo-project] [restartedMain] o.s.w.s.handler.SimpleUrlHandlerMapping  : Patterns [/webjars/**, /**] in 'resourceHandlerMapping'
2026-04-14T11:14:42.086-04:00 DEBUG 67941 --- [dsp-demo-project] [restartedMain] s.w.s.m.m.a.RequestMappingHandlerAdapter : ControllerAdvice beans: 0 @ModelAttribute, 0 @InitBinder, 2 RequestBodyAdvice, 1 ResponseBodyAdvice
2026-04-14T11:14:42.089-04:00 DEBUG 67941 --- [dsp-demo-project] [restartedMain] .m.m.a.ExceptionHandlerExceptionResolver : ControllerAdvice beans: 0 @ExceptionHandler, 1 ResponseBodyAdvice
2026-04-14T11:14:42.105-04:00  INFO 67941 --- [dsp-demo-project] [restartedMain] o.s.boot.tomcat.TomcatWebServer          : Tomcat started on port 8080 (http) with context path '/'
2026-04-14T11:14:42.106-04:00  INFO 67941 --- [dsp-demo-project] [restartedMain] c.e.d.DspDemoProjectApplication          : Started DspDemoProjectApplication in 0.987 seconds (process running for 1128.054)
2026-04-14T11:14:42.107-04:00  INFO 67941 --- [dsp-demo-project] [restartedMain] .ConditionEvaluationDeltaLoggingListener : Condition evaluation unchanged
2026-04-14T11:17:08.174-04:00  INFO 67941 --- [dsp-demo-project] [File Watcher] rtingClassPathChangeChangedEventListener : Restarting due to 1 class path change (0 additions, 0 deletions, 1 modification)
2026-04-14T11:17:08.178-04:00  INFO 67941 --- [dsp-demo-project] [Thread-9] o.s.boot.tomcat.GracefulShutdown         : Commencing graceful shutdown. Waiting for active requests to complete
2026-04-14T11:17:08.181-04:00  INFO 67941 --- [dsp-demo-project] [tomcat-shutdown] o.s.boot.tomcat.GracefulShutdown         : Graceful shutdown complete
2026-04-14T11:17:08.184-04:00  INFO 67941 --- [dsp-demo-project] [Thread-9] j.LocalContainerEntityManagerFactoryBean : Closing JPA EntityManagerFactory for persistence unit 'default'
2026-04-14T11:17:08.186-04:00  INFO 67941 --- [dsp-demo-project] [Thread-9] com.zaxxer.hikari.HikariDataSource       : HikariPool-3 - Shutdown initiated...
2026-04-14T11:17:08.504-04:00  INFO 67941 --- [dsp-demo-project] [Thread-9] com.zaxxer.hikari.HikariDataSource       : HikariPool-3 - Shutdown completed.
2026-04-14T11:17:08.564-04:00  INFO 67941 --- [dsp-demo-project] [restartedMain] c.e.d.DspDemoProjectApplication          : Starting DspDemoProjectApplication using Java 17.0.18 with PID 67941 (/Users/garygz/IdeaProjects/dsp-demo-project/build/classes/java/main started by garygz in /Users/garygz/IdeaProjects/dsp-demo-project)
2026-04-14T11:17:08.564-04:00 DEBUG 67941 --- [dsp-demo-project] [restartedMain] c.e.d.DspDemoProjectApplication          : Running with Spring Boot v4.0.5, Spring v7.0.6
2026-04-14T11:17:08.564-04:00  INFO 67941 --- [dsp-demo-project] [restartedMain] c.e.d.DspDemoProjectApplication          : No active profile set, falling back to 1 default profile: "default"
2026-04-14T11:17:08.608-04:00  INFO 67941 --- [dsp-demo-project] [restartedMain] .s.d.r.c.RepositoryConfigurationDelegate : Bootstrapping Spring Data JPA repositories in DEFAULT mode.
2026-04-14T11:17:08.611-04:00  INFO 67941 --- [dsp-demo-project] [restartedMain] .s.d.r.c.RepositoryConfigurationDelegate : Finished Spring Data repository scanning in 2 ms. Found 2 JPA repository interfaces.
2026-04-14T11:17:08.642-04:00  INFO 67941 --- [dsp-demo-project] [restartedMain] o.s.boot.tomcat.TomcatWebServer          : Tomcat initialized with port 8080 (http)
2026-04-14T11:17:08.643-04:00  INFO 67941 --- [dsp-demo-project] [restartedMain] o.apache.catalina.core.StandardService   : Starting service [Tomcat]
2026-04-14T11:17:08.643-04:00  INFO 67941 --- [dsp-demo-project] [restartedMain] o.apache.catalina.core.StandardEngine    : Starting Servlet engine: [Apache Tomcat/11.0.20]
2026-04-14T11:17:08.647-04:00  INFO 67941 --- [dsp-demo-project] [restartedMain] b.w.c.s.WebApplicationContextInitializer : Root WebApplicationContext: initialization completed in 82 ms
2026-04-14T11:17:08.660-04:00  INFO 67941 --- [dsp-demo-project] [restartedMain] org.hibernate.orm.jpa                    : HHH008540: Processing PersistenceUnitInfo [name: default]
2026-04-14T11:17:08.670-04:00  INFO 67941 --- [dsp-demo-project] [restartedMain] o.s.o.j.p.SpringPersistenceUnitInfo      : No LoadTimeWeaver setup: ignoring JPA class transformer
2026-04-14T11:17:08.670-04:00  INFO 67941 --- [dsp-demo-project] [restartedMain] com.zaxxer.hikari.HikariDataSource       : HikariPool-4 - Starting...
2026-04-14T11:17:09.031-04:00  INFO 67941 --- [dsp-demo-project] [restartedMain] com.zaxxer.hikari.pool.HikariPool        : HikariPool-4 - Added connection org.postgresql.jdbc.PgConnection@6d6fe7ba
2026-04-14T11:17:09.032-04:00  INFO 67941 --- [dsp-demo-project] [restartedMain] com.zaxxer.hikari.HikariDataSource       : HikariPool-4 - Start completed.
2026-04-14T11:17:09.065-04:00  WARN 67941 --- [dsp-demo-project] [restartedMain] org.hibernate.orm.deprecation            : HHH90000025: PostgreSQLDialect does not need to be specified explicitly using 'hibernate.dialect' (remove the property setting and it will be selected by default)
2026-04-14T11:17:09.187-04:00  INFO 67941 --- [dsp-demo-project] [restartedMain] org.hibernate.orm.connections.pooling    : HHH10001005: Database info:
	Database JDBC URL [jdbc:postgresql://dsp-demo-1.cwomfw6wy9rv.us-east-1.rds.amazonaws.com:5432/postgres?sslmode=verify-full&sslrootcert=./global-bundle.pem]
	Database driver: PostgreSQL JDBC Driver
	Database dialect: PostgreSQLDialect
	Database version: 17.6
	Default catalog/schema: postgres/public
	Autocommit mode: undefined/unknown
	Isolation level: READ_COMMITTED [default READ_COMMITTED]
	JDBC fetch size: none
	Pool: DataSourceConnectionProvider
	Minimum pool size: undefined/unknown
	Maximum pool size: undefined/unknown
2026-04-14T11:17:09.230-04:00  INFO 67941 --- [dsp-demo-project] [restartedMain] org.hibernate.orm.core                   : HHH000489: No JTA platform available (set 'hibernate.transaction.jta.platform' to enable JTA platform integration)
2026-04-14T11:17:09.463-04:00  INFO 67941 --- [dsp-demo-project] [restartedMain] j.LocalContainerEntityManagerFactoryBean : Initialized JPA EntityManagerFactory for persistence unit 'default'
2026-04-14T11:17:09.506-04:00  WARN 67941 --- [dsp-demo-project] [restartedMain] ConfigServletWebServerApplicationContext : Exception encountered during context initialization - cancelling refresh attempt: org.springframework.beans.factory.UnsatisfiedDependencyException: Error creating bean with name 'dashBoardServiceImpl': Unsatisfied dependency expressed through field 'advRepo': Error creating bean with name 'advertiserRepository' defined in repository.com.garygz.dspdemoproject.AdvertiserRepository defined in @EnableJpaRepositories declared on DataJpaRepositoriesRegistrar.EnableJpaRepositoriesConfiguration: No property 'addAdvertiser' found for type 'Advertiser'
2026-04-14T11:17:09.507-04:00  INFO 67941 --- [dsp-demo-project] [restartedMain] j.LocalContainerEntityManagerFactoryBean : Closing JPA EntityManagerFactory for persistence unit 'default'
2026-04-14T11:17:09.507-04:00  INFO 67941 --- [dsp-demo-project] [restartedMain] com.zaxxer.hikari.HikariDataSource       : HikariPool-4 - Shutdown initiated...
2026-04-14T11:17:09.725-04:00  INFO 67941 --- [dsp-demo-project] [restartedMain] com.zaxxer.hikari.HikariDataSource       : HikariPool-4 - Shutdown completed.
2026-04-14T11:17:09.727-04:00  INFO 67941 --- [dsp-demo-project] [restartedMain] o.apache.catalina.core.StandardService   : Stopping service [Tomcat]
2026-04-14T11:17:09.731-04:00  INFO 67941 --- [dsp-demo-project] [restartedMain] .s.b.a.l.ConditionEvaluationReportLogger : 

Error starting ApplicationContext. To display the condition evaluation report re-run your application with 'debug' enabled.
2026-04-14T11:17:09.745-04:00 ERROR 67941 --- [dsp-demo-project] [restartedMain] o.s.boot.SpringApplication               : Application run failed

org.springframework.beans.factory.UnsatisfiedDependencyException: Error creating bean with name 'dashBoardServiceImpl': Unsatisfied dependency expressed through field 'advRepo': Error creating bean with name 'advertiserRepository' defined in repository.com.garygz.dspdemoproject.AdvertiserRepository defined in @EnableJpaRepositories declared on DataJpaRepositoriesRegistrar.EnableJpaRepositoriesConfiguration: No property 'addAdvertiser' found for type 'Advertiser'
	at org.springframework.beans.factory.annotation.AutowiredAnnotationBeanPostProcessor$AutowiredFieldElement.resolveFieldValue(AutowiredAnnotationBeanPostProcessor.java:767) ~[spring-beans-7.0.6.jar:7.0.6]
	at org.springframework.beans.factory.annotation.AutowiredAnnotationBeanPostProcessor$AutowiredFieldElement.inject(AutowiredAnnotationBeanPostProcessor.java:748) ~[spring-beans-7.0.6.jar:7.0.6]
	at org.springframework.beans.factory.annotation.InjectionMetadata.inject(InjectionMetadata.java:146) ~[spring-beans-7.0.6.jar:7.0.6]
	at org.springframework.beans.factory.annotation.AutowiredAnnotationBeanPostProcessor.postProcessProperties(AutowiredAnnotationBeanPostProcessor.java:493) ~[spring-beans-7.0.6.jar:7.0.6]
	at org.springframework.beans.factory.support.AbstractAutowireCapableBeanFactory.populateBean(AbstractAutowireCapableBeanFactory.java:1446) ~[spring-beans-7.0.6.jar:7.0.6]
	at org.springframework.beans.factory.support.AbstractAutowireCapableBeanFactory.doCreateBean(AbstractAutowireCapableBeanFactory.java:602) ~[spring-beans-7.0.6.jar:7.0.6]
	at org.springframework.beans.factory.support.AbstractAutowireCapableBeanFactory.createBean(AbstractAutowireCapableBeanFactory.java:525) ~[spring-beans-7.0.6.jar:7.0.6]
	at org.springframework.beans.factory.support.AbstractBeanFactory.lambda$doGetBean$0(AbstractBeanFactory.java:333) ~[spring-beans-7.0.6.jar:7.0.6]
	at org.springframework.beans.factory.support.DefaultSingletonBeanRegistry.getSingleton(DefaultSingletonBeanRegistry.java:371) ~[spring-beans-7.0.6.jar:7.0.6]
	at org.springframework.beans.factory.support.AbstractBeanFactory.doGetBean(AbstractBeanFactory.java:331) ~[spring-beans-7.0.6.jar:7.0.6]
	at org.springframework.beans.factory.support.AbstractBeanFactory.getBean(AbstractBeanFactory.java:196) ~[spring-beans-7.0.6.jar:7.0.6]
	at org.springframework.beans.factory.support.DefaultListableBeanFactory.instantiateSingleton(DefaultListableBeanFactory.java:1218) ~[spring-beans-7.0.6.jar:7.0.6]
	at org.springframework.beans.factory.support.DefaultListableBeanFactory.preInstantiateSingleton(DefaultListableBeanFactory.java:1184) ~[spring-beans-7.0.6.jar:7.0.6]
	at org.springframework.beans.factory.support.DefaultListableBeanFactory.preInstantiateSingletons(DefaultListableBeanFactory.java:1121) ~[spring-beans-7.0.6.jar:7.0.6]
	at org.springframework.context.support.AbstractApplicationContext.finishBeanFactoryInitialization(AbstractApplicationContext.java:994) ~[spring-context-7.0.6.jar:7.0.6]
	at org.springframework.context.support.AbstractApplicationContext.refresh(AbstractApplicationContext.java:621) ~[spring-context-7.0.6.jar:7.0.6]
	at org.springframework.boot.web.server.servlet.context.ServletWebServerApplicationContext.refresh(ServletWebServerApplicationContext.java:143) ~[spring-boot-web-server-4.0.5.jar:4.0.5]
	at org.springframework.boot.SpringApplication.refresh(SpringApplication.java:756) ~[spring-boot-4.0.5.jar:4.0.5]
	at org.springframework.boot.SpringApplication.refreshContext(SpringApplication.java:445) ~[spring-boot-4.0.5.jar:4.0.5]
	at org.springframework.boot.SpringApplication.run(SpringApplication.java:321) ~[spring-boot-4.0.5.jar:4.0.5]
	at org.springframework.boot.SpringApplication.run(SpringApplication.java:1365) ~[spring-boot-4.0.5.jar:4.0.5]
	at org.springframework.boot.SpringApplication.run(SpringApplication.java:1354) ~[spring-boot-4.0.5.jar:4.0.5]
	at com.garygz.dspdemoproject.DspDemoProjectApplication.main(DspDemoProjectApplication.java:10) ~[main/:na]
	at java.base/jdk.internal.reflect.NativeMethodAccessorImpl.invoke0(Native Method) ~[na:na]
	at java.base/jdk.internal.reflect.NativeMethodAccessorImpl.invoke(NativeMethodAccessorImpl.java:77) ~[na:na]
	at java.base/jdk.internal.reflect.DelegatingMethodAccessorImpl.invoke(DelegatingMethodAccessorImpl.java:43) ~[na:na]
	at java.base/java.lang.reflect.Method.invoke(Method.java:569) ~[na:na]
	at org.springframework.boot.devtools.restart.RestartLauncher.run(RestartLauncher.java:52) ~[spring-boot-devtools-4.0.5.jar:4.0.5]
Caused by: org.springframework.beans.factory.BeanCreationException: Error creating bean with name 'advertiserRepository' defined in repository.com.garygz.dspdemoproject.AdvertiserRepository defined in @EnableJpaRepositories declared on DataJpaRepositoriesRegistrar.EnableJpaRepositoriesConfiguration: No property 'addAdvertiser' found for type 'Advertiser'
	at org.springframework.beans.factory.support.AbstractAutowireCapableBeanFactory.initializeBean(AbstractAutowireCapableBeanFactory.java:1817) ~[spring-beans-7.0.6.jar:7.0.6]
	at org.springframework.beans.factory.support.AbstractAutowireCapableBeanFactory.doCreateBean(AbstractAutowireCapableBeanFactory.java:603) ~[spring-beans-7.0.6.jar:7.0.6]
	at org.springframework.beans.factory.support.AbstractAutowireCapableBeanFactory.createBean(AbstractAutowireCapableBeanFactory.java:525) ~[spring-beans-7.0.6.jar:7.0.6]
	at org.springframework.beans.factory.support.AbstractBeanFactory.lambda$doGetBean$0(AbstractBeanFactory.java:333) ~[spring-beans-7.0.6.jar:7.0.6]
	at org.springframework.beans.factory.support.DefaultSingletonBeanRegistry.getSingleton(DefaultSingletonBeanRegistry.java:371) ~[spring-beans-7.0.6.jar:7.0.6]
	at org.springframework.beans.factory.support.AbstractBeanFactory.doGetBean(AbstractBeanFactory.java:331) ~[spring-beans-7.0.6.jar:7.0.6]
	at org.springframework.beans.factory.support.AbstractBeanFactory.getBean(AbstractBeanFactory.java:201) ~[spring-beans-7.0.6.jar:7.0.6]
	at org.springframework.beans.factory.config.DependencyDescriptor.resolveCandidate(DependencyDescriptor.java:229) ~[spring-beans-7.0.6.jar:7.0.6]
	at org.springframework.beans.factory.support.DefaultListableBeanFactory.doResolveDependency(DefaultListableBeanFactory.java:1762) ~[spring-beans-7.0.6.jar:7.0.6]
	at org.springframework.beans.factory.support.DefaultListableBeanFactory.resolveDependency(DefaultListableBeanFactory.java:1651) ~[spring-beans-7.0.6.jar:7.0.6]
	at org.springframework.beans.factory.annotation.AutowiredAnnotationBeanPostProcessor$AutowiredFieldElement.resolveFieldValue(AutowiredAnnotationBeanPostProcessor.java:764) ~[spring-beans-7.0.6.jar:7.0.6]
	... 27 common frames omitted
Caused by: org.springframework.data.repository.query.QueryCreationException: Cannot create query for method [AdvertiserRepository.addAdvertiser(java.lang.String)]; No property 'addAdvertiser' found for type 'Advertiser'
	at org.springframework.data.repository.query.QueryCreationException.create(QueryCreationException.java:109) ~[spring-data-commons-4.0.4.jar:4.0.4]
	at org.springframework.data.jpa.repository.query.PartTreeJpaQuery.<init>(PartTreeJpaQuery.java:114) ~[spring-data-jpa-4.0.4.jar:4.0.4]
	at org.springframework.data.jpa.repository.query.JpaQueryLookupStrategy$CreateQueryLookupStrategy.resolveQuery(JpaQueryLookupStrategy.java:118) ~[spring-data-jpa-4.0.4.jar:4.0.4]
	at org.springframework.data.jpa.repository.query.JpaQueryLookupStrategy$CreateIfNotFoundQueryLookupStrategy.resolveQuery(JpaQueryLookupStrategy.java:291) ~[spring-data-jpa-4.0.4.jar:4.0.4]
	at org.springframework.data.jpa.repository.query.JpaQueryLookupStrategy$AbstractQueryLookupStrategy.resolveQuery(JpaQueryLookupStrategy.java:93) ~[spring-data-jpa-4.0.4.jar:4.0.4]
	at org.springframework.data.repository.core.support.QueryExecutorMethodInterceptor.lookupQuery(QueryExecutorMethodInterceptor.java:114) ~[spring-data-commons-4.0.4.jar:4.0.4]
	at org.springframework.data.repository.core.support.QueryExecutorMethodInterceptor.mapMethodsToQuery(QueryExecutorMethodInterceptor.java:102) ~[spring-data-commons-4.0.4.jar:4.0.4]
	at org.springframework.data.repository.core.support.QueryExecutorMethodInterceptor.<init>(QueryExecutorMethodInterceptor.java:90) ~[spring-data-commons-4.0.4.jar:4.0.4]
	at org.springframework.data.repository.core.support.RepositoryFactorySupport.getRepository(RepositoryFactorySupport.java:413) ~[spring-data-commons-4.0.4.jar:4.0.4]
	at org.springframework.data.repository.core.support.RepositoryFactoryBeanSupport.lambda$afterPropertiesSet$1(RepositoryFactoryBeanSupport.java:361) ~[spring-data-commons-4.0.4.jar:4.0.4]
	at org.springframework.data.util.Lazy.getNullable(Lazy.java:136) ~[spring-data-commons-4.0.4.jar:4.0.4]
	at org.springframework.data.util.Lazy.get(Lazy.java:114) ~[spring-data-commons-4.0.4.jar:4.0.4]
	at org.springframework.data.repository.core.support.RepositoryFactoryBeanSupport.afterPropertiesSet(RepositoryFactoryBeanSupport.java:370) ~[spring-data-commons-4.0.4.jar:4.0.4]
	at org.springframework.data.jpa.repository.support.JpaRepositoryFactoryBean.afterPropertiesSet(JpaRepositoryFactoryBean.java:212) ~[spring-data-jpa-4.0.4.jar:4.0.4]
	at org.springframework.beans.factory.support.AbstractAutowireCapableBeanFactory.invokeInitMethods(AbstractAutowireCapableBeanFactory.java:1864) ~[spring-beans-7.0.6.jar:7.0.6]
	at org.springframework.beans.factory.support.AbstractAutowireCapableBeanFactory.initializeBean(AbstractAutowireCapableBeanFactory.java:1813) ~[spring-beans-7.0.6.jar:7.0.6]
	... 37 common frames omitted
Caused by: org.springframework.data.core.PropertyReferenceException: No property 'addAdvertiser' found for type 'Advertiser'
	at org.springframework.data.core.SimplePropertyPath.<init>(SimplePropertyPath.java:93) ~[spring-data-commons-4.0.4.jar:4.0.4]
	at org.springframework.data.core.SimplePropertyPath.create(SimplePropertyPath.java:360) ~[spring-data-commons-4.0.4.jar:4.0.4]
	at org.springframework.data.core.SimplePropertyPath.create(SimplePropertyPath.java:335) ~[spring-data-commons-4.0.4.jar:4.0.4]
	at org.springframework.data.core.SimplePropertyPath.lambda$from$0(SimplePropertyPath.java:288) ~[spring-data-commons-4.0.4.jar:4.0.4]
	at org.springframework.util.ConcurrentReferenceHashMap$6.execute(ConcurrentReferenceHashMap.java:387) ~[spring-core-7.0.6.jar:7.0.6]
	at org.springframework.util.ConcurrentReferenceHashMap$Segment.doTask(ConcurrentReferenceHashMap.java:681) ~[spring-core-7.0.6.jar:7.0.6]
	at org.springframework.util.ConcurrentReferenceHashMap.doTask(ConcurrentReferenceHashMap.java:565) ~[spring-core-7.0.6.jar:7.0.6]
	at org.springframework.util.ConcurrentReferenceHashMap.computeIfAbsent(ConcurrentReferenceHashMap.java:381) ~[spring-core-7.0.6.jar:7.0.6]
	at org.springframework.data.core.SimplePropertyPath.from(SimplePropertyPath.java:270) ~[spring-data-commons-4.0.4.jar:4.0.4]
	at org.springframework.data.core.PropertyPath.from(PropertyPath.java:210) ~[spring-data-commons-4.0.4.jar:4.0.4]
	at org.springframework.data.core.PropertyPath.from(PropertyPath.java:193) ~[spring-data-commons-4.0.4.jar:4.0.4]
	at org.springframework.data.repository.query.parser.Part.<init>(Part.java:81) ~[spring-data-commons-4.0.4.jar:4.0.4]
	at org.springframework.data.repository.query.parser.PartTree$OrPart.lambda$new$0(PartTree.java:260) ~[spring-data-commons-4.0.4.jar:4.0.4]
	at java.base/java.util.stream.ReferencePipeline$3$1.accept(ReferencePipeline.java:197) ~[na:na]
	at java.base/java.util.stream.ReferencePipeline$2$1.accept(ReferencePipeline.java:179) ~[na:na]
	at java.base/java.util.Spliterators$ArraySpliterator.forEachRemaining(Spliterators.java:992) ~[na:na]
	at java.base/java.util.stream.AbstractPipeline.copyInto(AbstractPipeline.java:509) ~[na:na]
	at java.base/java.util.stream.AbstractPipeline.wrapAndCopyInto(AbstractPipeline.java:499) ~[na:na]
	at java.base/java.util.stream.ReduceOps$ReduceOp.evaluateSequential(ReduceOps.java:921) ~[na:na]
	at java.base/java.util.stream.AbstractPipeline.evaluate(AbstractPipeline.java:234) ~[na:na]
	at java.base/java.util.stream.ReferencePipeline.collect(ReferencePipeline.java:682) ~[na:na]
	at org.springframework.data.repository.query.parser.PartTree$OrPart.<init>(PartTree.java:261) ~[spring-data-commons-4.0.4.jar:4.0.4]
	at org.springframework.data.repository.query.parser.PartTree$Predicate.lambda$new$0(PartTree.java:390) ~[spring-data-commons-4.0.4.jar:4.0.4]
	at java.base/java.util.stream.ReferencePipeline$3$1.accept(ReferencePipeline.java:197) ~[na:na]
	at java.base/java.util.stream.ReferencePipeline$2$1.accept(ReferencePipeline.java:179) ~[na:na]
	at java.base/java.util.Spliterators$ArraySpliterator.forEachRemaining(Spliterators.java:992) ~[na:na]
	at java.base/java.util.stream.AbstractPipeline.copyInto(AbstractPipeline.java:509) ~[na:na]
	at java.base/java.util.stream.AbstractPipeline.wrapAndCopyInto(AbstractPipeline.java:499) ~[na:na]
	at java.base/java.util.stream.ReduceOps$ReduceOp.evaluateSequential(ReduceOps.java:921) ~[na:na]
	at java.base/java.util.stream.AbstractPipeline.evaluate(AbstractPipeline.java:234) ~[na:na]
	at java.base/java.util.stream.ReferencePipeline.collect(ReferencePipeline.java:682) ~[na:na]
	at org.springframework.data.repository.query.parser.PartTree$Predicate.<init>(PartTree.java:391) ~[spring-data-commons-4.0.4.jar:4.0.4]
	at org.springframework.data.repository.query.parser.PartTree.<init>(PartTree.java:101) ~[spring-data-commons-4.0.4.jar:4.0.4]
	at org.springframework.data.jpa.repository.query.PartTreeJpaQuery.<init>(PartTreeJpaQuery.java:108) ~[spring-data-jpa-4.0.4.jar:4.0.4]
	... 51 common frames omitted

2026-04-14T11:19:00.059-04:00  INFO 67941 --- [dsp-demo-project] [restartedMain] c.e.d.DspDemoProjectApplication          : Starting DspDemoProjectApplication using Java 17.0.18 with PID 67941 (/Users/garygz/IdeaProjects/dsp-demo-project/build/classes/java/main started by garygz in /Users/garygz/IdeaProjects/dsp-demo-project)
2026-04-14T11:19:00.060-04:00 DEBUG 67941 --- [dsp-demo-project] [restartedMain] c.e.d.DspDemoProjectApplication          : Running with Spring Boot v4.0.5, Spring v7.0.6
2026-04-14T11:19:00.065-04:00  INFO 67941 --- [dsp-demo-project] [restartedMain] c.e.d.DspDemoProjectApplication          : No active profile set, falling back to 1 default profile: "default"
2026-04-14T11:19:00.116-04:00  INFO 67941 --- [dsp-demo-project] [restartedMain] .s.d.r.c.RepositoryConfigurationDelegate : Bootstrapping Spring Data JPA repositories in DEFAULT mode.
2026-04-14T11:19:00.120-04:00  INFO 67941 --- [dsp-demo-project] [restartedMain] .s.d.r.c.RepositoryConfigurationDelegate : Finished Spring Data repository scanning in 2 ms. Found 2 JPA repository interfaces.
2026-04-14T11:19:00.158-04:00  INFO 67941 --- [dsp-demo-project] [restartedMain] o.s.boot.tomcat.TomcatWebServer          : Tomcat initialized with port 8080 (http)
2026-04-14T11:19:00.159-04:00  INFO 67941 --- [dsp-demo-project] [restartedMain] o.apache.catalina.core.StandardService   : Starting service [Tomcat]
2026-04-14T11:19:00.159-04:00  INFO 67941 --- [dsp-demo-project] [restartedMain] o.apache.catalina.core.StandardEngine    : Starting Servlet engine: [Apache Tomcat/11.0.20]
2026-04-14T11:19:00.164-04:00  INFO 67941 --- [dsp-demo-project] [restartedMain] b.w.c.s.WebApplicationContextInitializer : Root WebApplicationContext: initialization completed in 97 ms
2026-04-14T11:19:00.185-04:00  INFO 67941 --- [dsp-demo-project] [restartedMain] org.hibernate.orm.jpa                    : HHH008540: Processing PersistenceUnitInfo [name: default]
2026-04-14T11:19:00.194-04:00  INFO 67941 --- [dsp-demo-project] [restartedMain] o.s.o.j.p.SpringPersistenceUnitInfo      : No LoadTimeWeaver setup: ignoring JPA class transformer
2026-04-14T11:19:00.195-04:00  INFO 67941 --- [dsp-demo-project] [restartedMain] com.zaxxer.hikari.HikariDataSource       : HikariPool-5 - Starting...
2026-04-14T11:19:00.573-04:00  INFO 67941 --- [dsp-demo-project] [restartedMain] com.zaxxer.hikari.pool.HikariPool        : HikariPool-5 - Added connection org.postgresql.jdbc.PgConnection@84fd3f6
2026-04-14T11:19:00.573-04:00  INFO 67941 --- [dsp-demo-project] [restartedMain] com.zaxxer.hikari.HikariDataSource       : HikariPool-5 - Start completed.
2026-04-14T11:19:00.605-04:00  WARN 67941 --- [dsp-demo-project] [restartedMain] org.hibernate.orm.deprecation            : HHH90000025: PostgreSQLDialect does not need to be specified explicitly using 'hibernate.dialect' (remove the property setting and it will be selected by default)
2026-04-14T11:19:00.737-04:00  INFO 67941 --- [dsp-demo-project] [restartedMain] org.hibernate.orm.connections.pooling    : HHH10001005: Database info:
	Database JDBC URL [jdbc:postgresql://dsp-demo-1.cwomfw6wy9rv.us-east-1.rds.amazonaws.com:5432/postgres?sslmode=verify-full&sslrootcert=./global-bundle.pem]
	Database driver: PostgreSQL JDBC Driver
	Database dialect: PostgreSQLDialect
	Database version: 17.6
	Default catalog/schema: postgres/public
	Autocommit mode: undefined/unknown
	Isolation level: READ_COMMITTED [default READ_COMMITTED]
	JDBC fetch size: none
	Pool: DataSourceConnectionProvider
	Minimum pool size: undefined/unknown
	Maximum pool size: undefined/unknown
2026-04-14T11:19:00.774-04:00  INFO 67941 --- [dsp-demo-project] [restartedMain] org.hibernate.orm.core                   : HHH000489: No JTA platform available (set 'hibernate.transaction.jta.platform' to enable JTA platform integration)
2026-04-14T11:19:01.008-04:00  INFO 67941 --- [dsp-demo-project] [restartedMain] j.LocalContainerEntityManagerFactoryBean : Initialized JPA EntityManagerFactory for persistence unit 'default'
2026-04-14T11:19:01.034-04:00  WARN 67941 --- [dsp-demo-project] [restartedMain] JpaBaseConfiguration$JpaWebConfiguration : spring.jpa.open-in-view is enabled by default. Therefore, database queries may be performed during view rendering. Explicitly configure spring.jpa.open-in-view to disable this warning
2026-04-14T11:19:01.062-04:00 DEBUG 67941 --- [dsp-demo-project] [restartedMain] s.w.s.m.m.a.RequestMappingHandlerMapping : 4 mappings in 'requestMappingHandlerMapping'
2026-04-14T11:19:01.069-04:00 DEBUG 67941 --- [dsp-demo-project] [restartedMain] o.s.w.s.handler.SimpleUrlHandlerMapping  : Patterns [/webjars/**, /**] in 'resourceHandlerMapping'
2026-04-14T11:19:01.072-04:00 DEBUG 67941 --- [dsp-demo-project] [restartedMain] s.w.s.m.m.a.RequestMappingHandlerAdapter : ControllerAdvice beans: 0 @ModelAttribute, 0 @InitBinder, 2 RequestBodyAdvice, 1 ResponseBodyAdvice
2026-04-14T11:19:01.076-04:00 DEBUG 67941 --- [dsp-demo-project] [restartedMain] .m.m.a.ExceptionHandlerExceptionResolver : ControllerAdvice beans: 0 @ExceptionHandler, 1 ResponseBodyAdvice
2026-04-14T11:19:01.094-04:00  WARN 67941 --- [dsp-demo-project] [restartedMain] ConfigServletWebServerApplicationContext : Exception encountered during context initialization - cancelling refresh attempt: org.springframework.beans.factory.BeanCreationException: Error creating bean with name 'advertiserRepository' defined in repository.com.garygz.dspdemoproject.AdvertiserRepository defined in @EnableJpaRepositories declared on DataJpaRepositoriesRegistrar.EnableJpaRepositoriesConfiguration: No property 'addAdvertiser' found for type 'Advertiser'
2026-04-14T11:19:01.094-04:00  INFO 67941 --- [dsp-demo-project] [restartedMain] j.LocalContainerEntityManagerFactoryBean : Closing JPA EntityManagerFactory for persistence unit 'default'
2026-04-14T11:19:01.095-04:00  INFO 67941 --- [dsp-demo-project] [restartedMain] com.zaxxer.hikari.HikariDataSource       : HikariPool-5 - Shutdown initiated...
2026-04-14T11:19:01.305-04:00  INFO 67941 --- [dsp-demo-project] [restartedMain] com.zaxxer.hikari.HikariDataSource       : HikariPool-5 - Shutdown completed.
2026-04-14T11:19:01.306-04:00  INFO 67941 --- [dsp-demo-project] [restartedMain] o.apache.catalina.core.StandardService   : Stopping service [Tomcat]
2026-04-14T11:19:01.309-04:00  INFO 67941 --- [dsp-demo-project] [restartedMain] .s.b.a.l.ConditionEvaluationReportLogger : 

Error starting ApplicationContext. To display the condition evaluation report re-run your application with 'debug' enabled.
2026-04-14T11:19:01.311-04:00 ERROR 67941 --- [dsp-demo-project] [restartedMain] o.s.boot.SpringApplication               : Application run failed

org.springframework.beans.factory.BeanCreationException: Error creating bean with name 'advertiserRepository' defined in repository.com.garygz.dspdemoproject.AdvertiserRepository defined in @EnableJpaRepositories declared on DataJpaRepositoriesRegistrar.EnableJpaRepositoriesConfiguration: No property 'addAdvertiser' found for type 'Advertiser'
	at org.springframework.beans.factory.support.AbstractAutowireCapableBeanFactory.initializeBean(AbstractAutowireCapableBeanFactory.java:1817) ~[spring-beans-7.0.6.jar:7.0.6]
	at org.springframework.beans.factory.support.AbstractAutowireCapableBeanFactory.doCreateBean(AbstractAutowireCapableBeanFactory.java:603) ~[spring-beans-7.0.6.jar:7.0.6]
	at org.springframework.beans.factory.support.AbstractAutowireCapableBeanFactory.createBean(AbstractAutowireCapableBeanFactory.java:525) ~[spring-beans-7.0.6.jar:7.0.6]
	at org.springframework.beans.factory.support.AbstractBeanFactory.lambda$doGetBean$0(AbstractBeanFactory.java:333) ~[spring-beans-7.0.6.jar:7.0.6]
	at org.springframework.beans.factory.support.DefaultSingletonBeanRegistry.getSingleton(DefaultSingletonBeanRegistry.java:371) ~[spring-beans-7.0.6.jar:7.0.6]
	at org.springframework.beans.factory.support.AbstractBeanFactory.doGetBean(AbstractBeanFactory.java:331) ~[spring-beans-7.0.6.jar:7.0.6]
	at org.springframework.beans.factory.support.AbstractBeanFactory.getBean(AbstractBeanFactory.java:196) ~[spring-beans-7.0.6.jar:7.0.6]
	at org.springframework.beans.factory.support.DefaultListableBeanFactory.instantiateSingleton(DefaultListableBeanFactory.java:1212) ~[spring-beans-7.0.6.jar:7.0.6]
	at org.springframework.beans.factory.support.DefaultListableBeanFactory.preInstantiateSingleton(DefaultListableBeanFactory.java:1184) ~[spring-beans-7.0.6.jar:7.0.6]
	at org.springframework.beans.factory.support.DefaultListableBeanFactory.preInstantiateSingletons(DefaultListableBeanFactory.java:1121) ~[spring-beans-7.0.6.jar:7.0.6]
	at org.springframework.context.support.AbstractApplicationContext.finishBeanFactoryInitialization(AbstractApplicationContext.java:994) ~[spring-context-7.0.6.jar:7.0.6]
	at org.springframework.context.support.AbstractApplicationContext.refresh(AbstractApplicationContext.java:621) ~[spring-context-7.0.6.jar:7.0.6]
	at org.springframework.boot.web.server.servlet.context.ServletWebServerApplicationContext.refresh(ServletWebServerApplicationContext.java:143) ~[spring-boot-web-server-4.0.5.jar:4.0.5]
	at org.springframework.boot.SpringApplication.refresh(SpringApplication.java:756) ~[spring-boot-4.0.5.jar:4.0.5]
	at org.springframework.boot.SpringApplication.refreshContext(SpringApplication.java:445) ~[spring-boot-4.0.5.jar:4.0.5]
	at org.springframework.boot.SpringApplication.run(SpringApplication.java:321) ~[spring-boot-4.0.5.jar:4.0.5]
	at org.springframework.boot.SpringApplication.run(SpringApplication.java:1365) ~[spring-boot-4.0.5.jar:4.0.5]
	at org.springframework.boot.SpringApplication.run(SpringApplication.java:1354) ~[spring-boot-4.0.5.jar:4.0.5]
	at com.garygz.dspdemoproject.DspDemoProjectApplication.main(DspDemoProjectApplication.java:10) ~[main/:na]
	at java.base/jdk.internal.reflect.NativeMethodAccessorImpl.invoke0(Native Method) ~[na:na]
	at java.base/jdk.internal.reflect.NativeMethodAccessorImpl.invoke(NativeMethodAccessorImpl.java:77) ~[na:na]
	at java.base/jdk.internal.reflect.DelegatingMethodAccessorImpl.invoke(DelegatingMethodAccessorImpl.java:43) ~[na:na]
	at java.base/java.lang.reflect.Method.invoke(Method.java:569) ~[na:na]
	at org.springframework.boot.devtools.restart.RestartLauncher.run(RestartLauncher.java:52) ~[spring-boot-devtools-4.0.5.jar:4.0.5]
Caused by: org.springframework.data.repository.query.QueryCreationException: Cannot create query for method [AdvertiserRepository.addAdvertiser(java.lang.String)]; No property 'addAdvertiser' found for type 'Advertiser'
	at org.springframework.data.repository.query.QueryCreationException.create(QueryCreationException.java:109) ~[spring-data-commons-4.0.4.jar:4.0.4]
	at org.springframework.data.jpa.repository.query.PartTreeJpaQuery.<init>(PartTreeJpaQuery.java:114) ~[spring-data-jpa-4.0.4.jar:4.0.4]
	at org.springframework.data.jpa.repository.query.JpaQueryLookupStrategy$CreateQueryLookupStrategy.resolveQuery(JpaQueryLookupStrategy.java:118) ~[spring-data-jpa-4.0.4.jar:4.0.4]
	at org.springframework.data.jpa.repository.query.JpaQueryLookupStrategy$CreateIfNotFoundQueryLookupStrategy.resolveQuery(JpaQueryLookupStrategy.java:291) ~[spring-data-jpa-4.0.4.jar:4.0.4]
	at org.springframework.data.jpa.repository.query.JpaQueryLookupStrategy$AbstractQueryLookupStrategy.resolveQuery(JpaQueryLookupStrategy.java:93) ~[spring-data-jpa-4.0.4.jar:4.0.4]
	at org.springframework.data.repository.core.support.QueryExecutorMethodInterceptor.lookupQuery(QueryExecutorMethodInterceptor.java:114) ~[spring-data-commons-4.0.4.jar:4.0.4]
	at org.springframework.data.repository.core.support.QueryExecutorMethodInterceptor.mapMethodsToQuery(QueryExecutorMethodInterceptor.java:102) ~[spring-data-commons-4.0.4.jar:4.0.4]
	at org.springframework.data.repository.core.support.QueryExecutorMethodInterceptor.<init>(QueryExecutorMethodInterceptor.java:90) ~[spring-data-commons-4.0.4.jar:4.0.4]
	at org.springframework.data.repository.core.support.RepositoryFactorySupport.getRepository(RepositoryFactorySupport.java:413) ~[spring-data-commons-4.0.4.jar:4.0.4]
	at org.springframework.data.repository.core.support.RepositoryFactoryBeanSupport.lambda$afterPropertiesSet$1(RepositoryFactoryBeanSupport.java:361) ~[spring-data-commons-4.0.4.jar:4.0.4]
	at org.springframework.data.util.Lazy.getNullable(Lazy.java:136) ~[spring-data-commons-4.0.4.jar:4.0.4]
	at org.springframework.data.util.Lazy.get(Lazy.java:114) ~[spring-data-commons-4.0.4.jar:4.0.4]
	at org.springframework.data.repository.core.support.RepositoryFactoryBeanSupport.afterPropertiesSet(RepositoryFactoryBeanSupport.java:370) ~[spring-data-commons-4.0.4.jar:4.0.4]
	at org.springframework.data.jpa.repository.support.JpaRepositoryFactoryBean.afterPropertiesSet(JpaRepositoryFactoryBean.java:212) ~[spring-data-jpa-4.0.4.jar:4.0.4]
	at org.springframework.beans.factory.support.AbstractAutowireCapableBeanFactory.invokeInitMethods(AbstractAutowireCapableBeanFactory.java:1864) ~[spring-beans-7.0.6.jar:7.0.6]
	at org.springframework.beans.factory.support.AbstractAutowireCapableBeanFactory.initializeBean(AbstractAutowireCapableBeanFactory.java:1813) ~[spring-beans-7.0.6.jar:7.0.6]
	... 23 common frames omitted
Caused by: org.springframework.data.core.PropertyReferenceException: No property 'addAdvertiser' found for type 'Advertiser'
	at org.springframework.data.core.SimplePropertyPath.<init>(SimplePropertyPath.java:93) ~[spring-data-commons-4.0.4.jar:4.0.4]
	at org.springframework.data.core.SimplePropertyPath.create(SimplePropertyPath.java:360) ~[spring-data-commons-4.0.4.jar:4.0.4]
	at org.springframework.data.core.SimplePropertyPath.create(SimplePropertyPath.java:335) ~[spring-data-commons-4.0.4.jar:4.0.4]
	at org.springframework.data.core.SimplePropertyPath.lambda$from$0(SimplePropertyPath.java:288) ~[spring-data-commons-4.0.4.jar:4.0.4]
	at org.springframework.util.ConcurrentReferenceHashMap$6.execute(ConcurrentReferenceHashMap.java:387) ~[spring-core-7.0.6.jar:7.0.6]
	at org.springframework.util.ConcurrentReferenceHashMap$Segment.doTask(ConcurrentReferenceHashMap.java:681) ~[spring-core-7.0.6.jar:7.0.6]
	at org.springframework.util.ConcurrentReferenceHashMap.doTask(ConcurrentReferenceHashMap.java:565) ~[spring-core-7.0.6.jar:7.0.6]
	at org.springframework.util.ConcurrentReferenceHashMap.computeIfAbsent(ConcurrentReferenceHashMap.java:381) ~[spring-core-7.0.6.jar:7.0.6]
	at org.springframework.data.core.SimplePropertyPath.from(SimplePropertyPath.java:270) ~[spring-data-commons-4.0.4.jar:4.0.4]
	at org.springframework.data.core.PropertyPath.from(PropertyPath.java:210) ~[spring-data-commons-4.0.4.jar:4.0.4]
	at org.springframework.data.core.PropertyPath.from(PropertyPath.java:193) ~[spring-data-commons-4.0.4.jar:4.0.4]
	at org.springframework.data.repository.query.parser.Part.<init>(Part.java:81) ~[spring-data-commons-4.0.4.jar:4.0.4]
	at org.springframework.data.repository.query.parser.PartTree$OrPart.lambda$new$0(PartTree.java:260) ~[spring-data-commons-4.0.4.jar:4.0.4]
	at java.base/java.util.stream.ReferencePipeline$3$1.accept(ReferencePipeline.java:197) ~[na:na]
	at java.base/java.util.stream.ReferencePipeline$2$1.accept(ReferencePipeline.java:179) ~[na:na]
	at java.base/java.util.Spliterators$ArraySpliterator.forEachRemaining(Spliterators.java:992) ~[na:na]
	at java.base/java.util.stream.AbstractPipeline.copyInto(AbstractPipeline.java:509) ~[na:na]
	at java.base/java.util.stream.AbstractPipeline.wrapAndCopyInto(AbstractPipeline.java:499) ~[na:na]
	at java.base/java.util.stream.ReduceOps$ReduceOp.evaluateSequential(ReduceOps.java:921) ~[na:na]
	at java.base/java.util.stream.AbstractPipeline.evaluate(AbstractPipeline.java:234) ~[na:na]
	at java.base/java.util.stream.ReferencePipeline.collect(ReferencePipeline.java:682) ~[na:na]
	at org.springframework.data.repository.query.parser.PartTree$OrPart.<init>(PartTree.java:261) ~[spring-data-commons-4.0.4.jar:4.0.4]
	at org.springframework.data.repository.query.parser.PartTree$Predicate.lambda$new$0(PartTree.java:390) ~[spring-data-commons-4.0.4.jar:4.0.4]
	at java.base/java.util.stream.ReferencePipeline$3$1.accept(ReferencePipeline.java:197) ~[na:na]
	at java.base/java.util.stream.ReferencePipeline$2$1.accept(ReferencePipeline.java:179) ~[na:na]
	at java.base/java.util.Spliterators$ArraySpliterator.forEachRemaining(Spliterators.java:992) ~[na:na]
	at java.base/java.util.stream.AbstractPipeline.copyInto(AbstractPipeline.java:509) ~[na:na]
	at java.base/java.util.stream.AbstractPipeline.wrapAndCopyInto(AbstractPipeline.java:499) ~[na:na]
	at java.base/java.util.stream.ReduceOps$ReduceOp.evaluateSequential(ReduceOps.java:921) ~[na:na]
	at java.base/java.util.stream.AbstractPipeline.evaluate(AbstractPipeline.java:234) ~[na:na]
	at java.base/java.util.stream.ReferencePipeline.collect(ReferencePipeline.java:682) ~[na:na]
	at org.springframework.data.repository.query.parser.PartTree$Predicate.<init>(PartTree.java:391) ~[spring-data-commons-4.0.4.jar:4.0.4]
	at org.springframework.data.repository.query.parser.PartTree.<init>(PartTree.java:101) ~[spring-data-commons-4.0.4.jar:4.0.4]
	at org.springframework.data.jpa.repository.query.PartTreeJpaQuery.<init>(PartTreeJpaQuery.java:108) ~[spring-data-jpa-4.0.4.jar:4.0.4]
	... 37 common frames omitted

2026-04-14T11:19:52.215-04:00  INFO 67941 --- [dsp-demo-project] [restartedMain] c.e.d.DspDemoProjectApplication          : Starting DspDemoProjectApplication using Java 17.0.18 with PID 67941 (/Users/garygz/IdeaProjects/dsp-demo-project/build/classes/java/main started by garygz in /Users/garygz/IdeaProjects/dsp-demo-project)
2026-04-14T11:19:52.215-04:00 DEBUG 67941 --- [dsp-demo-project] [restartedMain] c.e.d.DspDemoProjectApplication          : Running with Spring Boot v4.0.5, Spring v7.0.6
2026-04-14T11:19:52.216-04:00  INFO 67941 --- [dsp-demo-project] [restartedMain] c.e.d.DspDemoProjectApplication          : No active profile set, falling back to 1 default profile: "default"
2026-04-14T11:19:52.271-04:00  INFO 67941 --- [dsp-demo-project] [restartedMain] .s.d.r.c.RepositoryConfigurationDelegate : Bootstrapping Spring Data JPA repositories in DEFAULT mode.
2026-04-14T11:19:52.274-04:00  INFO 67941 --- [dsp-demo-project] [restartedMain] .s.d.r.c.RepositoryConfigurationDelegate : Finished Spring Data repository scanning in 2 ms. Found 2 JPA repository interfaces.
2026-04-14T11:19:52.305-04:00  INFO 67941 --- [dsp-demo-project] [restartedMain] o.s.boot.tomcat.TomcatWebServer          : Tomcat initialized with port 8080 (http)
2026-04-14T11:19:52.305-04:00  INFO 67941 --- [dsp-demo-project] [restartedMain] o.apache.catalina.core.StandardService   : Starting service [Tomcat]
2026-04-14T11:19:52.305-04:00  INFO 67941 --- [dsp-demo-project] [restartedMain] o.apache.catalina.core.StandardEngine    : Starting Servlet engine: [Apache Tomcat/11.0.20]
2026-04-14T11:19:52.309-04:00  INFO 67941 --- [dsp-demo-project] [restartedMain] b.w.c.s.WebApplicationContextInitializer : Root WebApplicationContext: initialization completed in 92 ms
2026-04-14T11:19:52.321-04:00  INFO 67941 --- [dsp-demo-project] [restartedMain] org.hibernate.orm.jpa                    : HHH008540: Processing PersistenceUnitInfo [name: default]
2026-04-14T11:19:52.330-04:00  INFO 67941 --- [dsp-demo-project] [restartedMain] o.s.o.j.p.SpringPersistenceUnitInfo      : No LoadTimeWeaver setup: ignoring JPA class transformer
2026-04-14T11:19:52.330-04:00  INFO 67941 --- [dsp-demo-project] [restartedMain] com.zaxxer.hikari.HikariDataSource       : HikariPool-6 - Starting...
2026-04-14T11:19:52.712-04:00  INFO 67941 --- [dsp-demo-project] [restartedMain] com.zaxxer.hikari.pool.HikariPool        : HikariPool-6 - Added connection org.postgresql.jdbc.PgConnection@7d08def3
2026-04-14T11:19:52.712-04:00  INFO 67941 --- [dsp-demo-project] [restartedMain] com.zaxxer.hikari.HikariDataSource       : HikariPool-6 - Start completed.
2026-04-14T11:19:52.751-04:00  WARN 67941 --- [dsp-demo-project] [restartedMain] org.hibernate.orm.deprecation            : HHH90000025: PostgreSQLDialect does not need to be specified explicitly using 'hibernate.dialect' (remove the property setting and it will be selected by default)
2026-04-14T11:19:52.891-04:00  INFO 67941 --- [dsp-demo-project] [restartedMain] org.hibernate.orm.connections.pooling    : HHH10001005: Database info:
	Database JDBC URL [jdbc:postgresql://dsp-demo-1.cwomfw6wy9rv.us-east-1.rds.amazonaws.com:5432/postgres?sslmode=verify-full&sslrootcert=./global-bundle.pem]
	Database driver: PostgreSQL JDBC Driver
	Database dialect: PostgreSQLDialect
	Database version: 17.6
	Default catalog/schema: postgres/public
	Autocommit mode: undefined/unknown
	Isolation level: READ_COMMITTED [default READ_COMMITTED]
	JDBC fetch size: none
	Pool: DataSourceConnectionProvider
	Minimum pool size: undefined/unknown
	Maximum pool size: undefined/unknown
2026-04-14T11:19:52.931-04:00  INFO 67941 --- [dsp-demo-project] [restartedMain] org.hibernate.orm.core                   : HHH000489: No JTA platform available (set 'hibernate.transaction.jta.platform' to enable JTA platform integration)
2026-04-14T11:19:53.199-04:00  INFO 67941 --- [dsp-demo-project] [restartedMain] j.LocalContainerEntityManagerFactoryBean : Initialized JPA EntityManagerFactory for persistence unit 'default'
2026-04-14T11:19:53.226-04:00  WARN 67941 --- [dsp-demo-project] [restartedMain] ConfigServletWebServerApplicationContext : Exception encountered during context initialization - cancelling refresh attempt: org.springframework.beans.factory.UnsatisfiedDependencyException: Error creating bean with name 'dashBoardServiceImpl': Unsatisfied dependency expressed through field 'advRepo': Error creating bean with name 'advertiserRepository' defined in repository.com.garygz.dspdemoproject.AdvertiserRepository defined in @EnableJpaRepositories declared on DataJpaRepositoriesRegistrar.EnableJpaRepositoriesConfiguration: No property 'addAdvertiser' found for type 'Advertiser'
2026-04-14T11:19:53.226-04:00  INFO 67941 --- [dsp-demo-project] [restartedMain] j.LocalContainerEntityManagerFactoryBean : Closing JPA EntityManagerFactory for persistence unit 'default'
2026-04-14T11:19:53.226-04:00  INFO 67941 --- [dsp-demo-project] [restartedMain] com.zaxxer.hikari.HikariDataSource       : HikariPool-6 - Shutdown initiated...
2026-04-14T11:19:53.417-04:00  INFO 67941 --- [dsp-demo-project] [restartedMain] com.zaxxer.hikari.HikariDataSource       : HikariPool-6 - Shutdown completed.
2026-04-14T11:19:53.418-04:00  INFO 67941 --- [dsp-demo-project] [restartedMain] o.apache.catalina.core.StandardService   : Stopping service [Tomcat]
2026-04-14T11:19:53.421-04:00  INFO 67941 --- [dsp-demo-project] [restartedMain] .s.b.a.l.ConditionEvaluationReportLogger : 

Error starting ApplicationContext. To display the condition evaluation report re-run your application with 'debug' enabled.
2026-04-14T11:19:53.423-04:00 ERROR 67941 --- [dsp-demo-project] [restartedMain] o.s.boot.SpringApplication               : Application run failed

org.springframework.beans.factory.UnsatisfiedDependencyException: Error creating bean with name 'dashBoardServiceImpl': Unsatisfied dependency expressed through field 'advRepo': Error creating bean with name 'advertiserRepository' defined in repository.com.garygz.dspdemoproject.AdvertiserRepository defined in @EnableJpaRepositories declared on DataJpaRepositoriesRegistrar.EnableJpaRepositoriesConfiguration: No property 'addAdvertiser' found for type 'Advertiser'
	at org.springframework.beans.factory.annotation.AutowiredAnnotationBeanPostProcessor$AutowiredFieldElement.resolveFieldValue(AutowiredAnnotationBeanPostProcessor.java:767) ~[spring-beans-7.0.6.jar:7.0.6]
	at org.springframework.beans.factory.annotation.AutowiredAnnotationBeanPostProcessor$AutowiredFieldElement.inject(AutowiredAnnotationBeanPostProcessor.java:748) ~[spring-beans-7.0.6.jar:7.0.6]
	at org.springframework.beans.factory.annotation.InjectionMetadata.inject(InjectionMetadata.java:146) ~[spring-beans-7.0.6.jar:7.0.6]
	at org.springframework.beans.factory.annotation.AutowiredAnnotationBeanPostProcessor.postProcessProperties(AutowiredAnnotationBeanPostProcessor.java:493) ~[spring-beans-7.0.6.jar:7.0.6]
	at org.springframework.beans.factory.support.AbstractAutowireCapableBeanFactory.populateBean(AbstractAutowireCapableBeanFactory.java:1446) ~[spring-beans-7.0.6.jar:7.0.6]
	at org.springframework.beans.factory.support.AbstractAutowireCapableBeanFactory.doCreateBean(AbstractAutowireCapableBeanFactory.java:602) ~[spring-beans-7.0.6.jar:7.0.6]
	at org.springframework.beans.factory.support.AbstractAutowireCapableBeanFactory.createBean(AbstractAutowireCapableBeanFactory.java:525) ~[spring-beans-7.0.6.jar:7.0.6]
	at org.springframework.beans.factory.support.AbstractBeanFactory.lambda$doGetBean$0(AbstractBeanFactory.java:333) ~[spring-beans-7.0.6.jar:7.0.6]
	at org.springframework.beans.factory.support.DefaultSingletonBeanRegistry.getSingleton(DefaultSingletonBeanRegistry.java:371) ~[spring-beans-7.0.6.jar:7.0.6]
	at org.springframework.beans.factory.support.AbstractBeanFactory.doGetBean(AbstractBeanFactory.java:331) ~[spring-beans-7.0.6.jar:7.0.6]
	at org.springframework.beans.factory.support.AbstractBeanFactory.getBean(AbstractBeanFactory.java:196) ~[spring-beans-7.0.6.jar:7.0.6]
	at org.springframework.beans.factory.support.DefaultListableBeanFactory.instantiateSingleton(DefaultListableBeanFactory.java:1218) ~[spring-beans-7.0.6.jar:7.0.6]
	at org.springframework.beans.factory.support.DefaultListableBeanFactory.preInstantiateSingleton(DefaultListableBeanFactory.java:1184) ~[spring-beans-7.0.6.jar:7.0.6]
	at org.springframework.beans.factory.support.DefaultListableBeanFactory.preInstantiateSingletons(DefaultListableBeanFactory.java:1121) ~[spring-beans-7.0.6.jar:7.0.6]
	at org.springframework.context.support.AbstractApplicationContext.finishBeanFactoryInitialization(AbstractApplicationContext.java:994) ~[spring-context-7.0.6.jar:7.0.6]
	at org.springframework.context.support.AbstractApplicationContext.refresh(AbstractApplicationContext.java:621) ~[spring-context-7.0.6.jar:7.0.6]
	at org.springframework.boot.web.server.servlet.context.ServletWebServerApplicationContext.refresh(ServletWebServerApplicationContext.java:143) ~[spring-boot-web-server-4.0.5.jar:4.0.5]
	at org.springframework.boot.SpringApplication.refresh(SpringApplication.java:756) ~[spring-boot-4.0.5.jar:4.0.5]
	at org.springframework.boot.SpringApplication.refreshContext(SpringApplication.java:445) ~[spring-boot-4.0.5.jar:4.0.5]
	at org.springframework.boot.SpringApplication.run(SpringApplication.java:321) ~[spring-boot-4.0.5.jar:4.0.5]
	at org.springframework.boot.SpringApplication.run(SpringApplication.java:1365) ~[spring-boot-4.0.5.jar:4.0.5]
	at org.springframework.boot.SpringApplication.run(SpringApplication.java:1354) ~[spring-boot-4.0.5.jar:4.0.5]
	at com.garygz.dspdemoproject.DspDemoProjectApplication.main(DspDemoProjectApplication.java:10) ~[main/:na]
	at java.base/jdk.internal.reflect.NativeMethodAccessorImpl.invoke0(Native Method) ~[na:na]
	at java.base/jdk.internal.reflect.NativeMethodAccessorImpl.invoke(NativeMethodAccessorImpl.java:77) ~[na:na]
	at java.base/jdk.internal.reflect.DelegatingMethodAccessorImpl.invoke(DelegatingMethodAccessorImpl.java:43) ~[na:na]
	at java.base/java.lang.reflect.Method.invoke(Method.java:569) ~[na:na]
	at org.springframework.boot.devtools.restart.RestartLauncher.run(RestartLauncher.java:52) ~[spring-boot-devtools-4.0.5.jar:4.0.5]
Caused by: org.springframework.beans.factory.BeanCreationException: Error creating bean with name 'advertiserRepository' defined in repository.com.garygz.dspdemoproject.AdvertiserRepository defined in @EnableJpaRepositories declared on DataJpaRepositoriesRegistrar.EnableJpaRepositoriesConfiguration: No property 'addAdvertiser' found for type 'Advertiser'
	at org.springframework.beans.factory.support.AbstractAutowireCapableBeanFactory.initializeBean(AbstractAutowireCapableBeanFactory.java:1817) ~[spring-beans-7.0.6.jar:7.0.6]
	at org.springframework.beans.factory.support.AbstractAutowireCapableBeanFactory.doCreateBean(AbstractAutowireCapableBeanFactory.java:603) ~[spring-beans-7.0.6.jar:7.0.6]
	at org.springframework.beans.factory.support.AbstractAutowireCapableBeanFactory.createBean(AbstractAutowireCapableBeanFactory.java:525) ~[spring-beans-7.0.6.jar:7.0.6]
	at org.springframework.beans.factory.support.AbstractBeanFactory.lambda$doGetBean$0(AbstractBeanFactory.java:333) ~[spring-beans-7.0.6.jar:7.0.6]
	at org.springframework.beans.factory.support.DefaultSingletonBeanRegistry.getSingleton(DefaultSingletonBeanRegistry.java:371) ~[spring-beans-7.0.6.jar:7.0.6]
	at org.springframework.beans.factory.support.AbstractBeanFactory.doGetBean(AbstractBeanFactory.java:331) ~[spring-beans-7.0.6.jar:7.0.6]
	at org.springframework.beans.factory.support.AbstractBeanFactory.getBean(AbstractBeanFactory.java:201) ~[spring-beans-7.0.6.jar:7.0.6]
	at org.springframework.beans.factory.config.DependencyDescriptor.resolveCandidate(DependencyDescriptor.java:229) ~[spring-beans-7.0.6.jar:7.0.6]
	at org.springframework.beans.factory.support.DefaultListableBeanFactory.doResolveDependency(DefaultListableBeanFactory.java:1762) ~[spring-beans-7.0.6.jar:7.0.6]
	at org.springframework.beans.factory.support.DefaultListableBeanFactory.resolveDependency(DefaultListableBeanFactory.java:1651) ~[spring-beans-7.0.6.jar:7.0.6]
	at org.springframework.beans.factory.annotation.AutowiredAnnotationBeanPostProcessor$AutowiredFieldElement.resolveFieldValue(AutowiredAnnotationBeanPostProcessor.java:764) ~[spring-beans-7.0.6.jar:7.0.6]
	... 27 common frames omitted
Caused by: org.springframework.data.repository.query.QueryCreationException: Cannot create query for method [AdvertiserRepository.addAdvertiser(java.lang.String)]; No property 'addAdvertiser' found for type 'Advertiser'
	at org.springframework.data.repository.query.QueryCreationException.create(QueryCreationException.java:109) ~[spring-data-commons-4.0.4.jar:4.0.4]
	at org.springframework.data.jpa.repository.query.PartTreeJpaQuery.<init>(PartTreeJpaQuery.java:114) ~[spring-data-jpa-4.0.4.jar:4.0.4]
	at org.springframework.data.jpa.repository.query.JpaQueryLookupStrategy$CreateQueryLookupStrategy.resolveQuery(JpaQueryLookupStrategy.java:118) ~[spring-data-jpa-4.0.4.jar:4.0.4]
	at org.springframework.data.jpa.repository.query.JpaQueryLookupStrategy$CreateIfNotFoundQueryLookupStrategy.resolveQuery(JpaQueryLookupStrategy.java:291) ~[spring-data-jpa-4.0.4.jar:4.0.4]
	at org.springframework.data.jpa.repository.query.JpaQueryLookupStrategy$AbstractQueryLookupStrategy.resolveQuery(JpaQueryLookupStrategy.java:93) ~[spring-data-jpa-4.0.4.jar:4.0.4]
	at org.springframework.data.repository.core.support.QueryExecutorMethodInterceptor.lookupQuery(QueryExecutorMethodInterceptor.java:114) ~[spring-data-commons-4.0.4.jar:4.0.4]
	at org.springframework.data.repository.core.support.QueryExecutorMethodInterceptor.mapMethodsToQuery(QueryExecutorMethodInterceptor.java:102) ~[spring-data-commons-4.0.4.jar:4.0.4]
	at org.springframework.data.repository.core.support.QueryExecutorMethodInterceptor.<init>(QueryExecutorMethodInterceptor.java:90) ~[spring-data-commons-4.0.4.jar:4.0.4]
	at org.springframework.data.repository.core.support.RepositoryFactorySupport.getRepository(RepositoryFactorySupport.java:413) ~[spring-data-commons-4.0.4.jar:4.0.4]
	at org.springframework.data.repository.core.support.RepositoryFactoryBeanSupport.lambda$afterPropertiesSet$1(RepositoryFactoryBeanSupport.java:361) ~[spring-data-commons-4.0.4.jar:4.0.4]
	at org.springframework.data.util.Lazy.getNullable(Lazy.java:136) ~[spring-data-commons-4.0.4.jar:4.0.4]
	at org.springframework.data.util.Lazy.get(Lazy.java:114) ~[spring-data-commons-4.0.4.jar:4.0.4]
	at org.springframework.data.repository.core.support.RepositoryFactoryBeanSupport.afterPropertiesSet(RepositoryFactoryBeanSupport.java:370) ~[spring-data-commons-4.0.4.jar:4.0.4]
	at org.springframework.data.jpa.repository.support.JpaRepositoryFactoryBean.afterPropertiesSet(JpaRepositoryFactoryBean.java:212) ~[spring-data-jpa-4.0.4.jar:4.0.4]
	at org.springframework.beans.factory.support.AbstractAutowireCapableBeanFactory.invokeInitMethods(AbstractAutowireCapableBeanFactory.java:1864) ~[spring-beans-7.0.6.jar:7.0.6]
	at org.springframework.beans.factory.support.AbstractAutowireCapableBeanFactory.initializeBean(AbstractAutowireCapableBeanFactory.java:1813) ~[spring-beans-7.0.6.jar:7.0.6]
	... 37 common frames omitted
Caused by: org.springframework.data.core.PropertyReferenceException: No property 'addAdvertiser' found for type 'Advertiser'
	at org.springframework.data.core.SimplePropertyPath.<init>(SimplePropertyPath.java:93) ~[spring-data-commons-4.0.4.jar:4.0.4]
	at org.springframework.data.core.SimplePropertyPath.create(SimplePropertyPath.java:360) ~[spring-data-commons-4.0.4.jar:4.0.4]
	at org.springframework.data.core.SimplePropertyPath.create(SimplePropertyPath.java:335) ~[spring-data-commons-4.0.4.jar:4.0.4]
	at org.springframework.data.core.SimplePropertyPath.lambda$from$0(SimplePropertyPath.java:288) ~[spring-data-commons-4.0.4.jar:4.0.4]
	at org.springframework.util.ConcurrentReferenceHashMap$6.execute(ConcurrentReferenceHashMap.java:387) ~[spring-core-7.0.6.jar:7.0.6]
	at org.springframework.util.ConcurrentReferenceHashMap$Segment.doTask(ConcurrentReferenceHashMap.java:681) ~[spring-core-7.0.6.jar:7.0.6]
	at org.springframework.util.ConcurrentReferenceHashMap.doTask(ConcurrentReferenceHashMap.java:565) ~[spring-core-7.0.6.jar:7.0.6]
	at org.springframework.util.ConcurrentReferenceHashMap.computeIfAbsent(ConcurrentReferenceHashMap.java:381) ~[spring-core-7.0.6.jar:7.0.6]
	at org.springframework.data.core.SimplePropertyPath.from(SimplePropertyPath.java:270) ~[spring-data-commons-4.0.4.jar:4.0.4]
	at org.springframework.data.core.PropertyPath.from(PropertyPath.java:210) ~[spring-data-commons-4.0.4.jar:4.0.4]
	at org.springframework.data.core.PropertyPath.from(PropertyPath.java:193) ~[spring-data-commons-4.0.4.jar:4.0.4]
	at org.springframework.data.repository.query.parser.Part.<init>(Part.java:81) ~[spring-data-commons-4.0.4.jar:4.0.4]
	at org.springframework.data.repository.query.parser.PartTree$OrPart.lambda$new$0(PartTree.java:260) ~[spring-data-commons-4.0.4.jar:4.0.4]
	at java.base/java.util.stream.ReferencePipeline$3$1.accept(ReferencePipeline.java:197) ~[na:na]
	at java.base/java.util.stream.ReferencePipeline$2$1.accept(ReferencePipeline.java:179) ~[na:na]
	at java.base/java.util.Spliterators$ArraySpliterator.forEachRemaining(Spliterators.java:992) ~[na:na]
	at java.base/java.util.stream.AbstractPipeline.copyInto(AbstractPipeline.java:509) ~[na:na]
	at java.base/java.util.stream.AbstractPipeline.wrapAndCopyInto(AbstractPipeline.java:499) ~[na:na]
	at java.base/java.util.stream.ReduceOps$ReduceOp.evaluateSequential(ReduceOps.java:921) ~[na:na]
	at java.base/java.util.stream.AbstractPipeline.evaluate(AbstractPipeline.java:234) ~[na:na]
	at java.base/java.util.stream.ReferencePipeline.collect(ReferencePipeline.java:682) ~[na:na]
	at org.springframework.data.repository.query.parser.PartTree$OrPart.<init>(PartTree.java:261) ~[spring-data-commons-4.0.4.jar:4.0.4]
	at org.springframework.data.repository.query.parser.PartTree$Predicate.lambda$new$0(PartTree.java:390) ~[spring-data-commons-4.0.4.jar:4.0.4]
	at java.base/java.util.stream.ReferencePipeline$3$1.accept(ReferencePipeline.java:197) ~[na:na]
	at java.base/java.util.stream.ReferencePipeline$2$1.accept(ReferencePipeline.java:179) ~[na:na]
	at java.base/java.util.Spliterators$ArraySpliterator.forEachRemaining(Spliterators.java:992) ~[na:na]
	at java.base/java.util.stream.AbstractPipeline.copyInto(AbstractPipeline.java:509) ~[na:na]
	at java.base/java.util.stream.AbstractPipeline.wrapAndCopyInto(AbstractPipeline.java:499) ~[na:na]
	at java.base/java.util.stream.ReduceOps$ReduceOp.evaluateSequential(ReduceOps.java:921) ~[na:na]
	at java.base/java.util.stream.AbstractPipeline.evaluate(AbstractPipeline.java:234) ~[na:na]
	at java.base/java.util.stream.ReferencePipeline.collect(ReferencePipeline.java:682) ~[na:na]
	at org.springframework.data.repository.query.parser.PartTree$Predicate.<init>(PartTree.java:391) ~[spring-data-commons-4.0.4.jar:4.0.4]
	at org.springframework.data.repository.query.parser.PartTree.<init>(PartTree.java:101) ~[spring-data-commons-4.0.4.jar:4.0.4]
	at org.springframework.data.jpa.repository.query.PartTreeJpaQuery.<init>(PartTreeJpaQuery.java:108) ~[spring-data-jpa-4.0.4.jar:4.0.4]
	... 51 common frames omitted

2026-04-14T11:21:27.643-04:00  INFO 67941 --- [dsp-demo-project] [restartedMain] c.e.d.DspDemoProjectApplication          : Starting DspDemoProjectApplication using Java 17.0.18 with PID 67941 (/Users/garygz/IdeaProjects/dsp-demo-project/build/classes/java/main started by garygz in /Users/garygz/IdeaProjects/dsp-demo-project)
2026-04-14T11:21:27.644-04:00 DEBUG 67941 --- [dsp-demo-project] [restartedMain] c.e.d.DspDemoProjectApplication          : Running with Spring Boot v4.0.5, Spring v7.0.6
2026-04-14T11:21:27.644-04:00  INFO 67941 --- [dsp-demo-project] [restartedMain] c.e.d.DspDemoProjectApplication          : No active profile set, falling back to 1 default profile: "default"
2026-04-14T11:21:27.685-04:00  INFO 67941 --- [dsp-demo-project] [restartedMain] .s.d.r.c.RepositoryConfigurationDelegate : Bootstrapping Spring Data JPA repositories in DEFAULT mode.
2026-04-14T11:21:27.688-04:00  INFO 67941 --- [dsp-demo-project] [restartedMain] .s.d.r.c.RepositoryConfigurationDelegate : Finished Spring Data repository scanning in 2 ms. Found 2 JPA repository interfaces.
2026-04-14T11:21:27.719-04:00  INFO 67941 --- [dsp-demo-project] [restartedMain] o.s.boot.tomcat.TomcatWebServer          : Tomcat initialized with port 8080 (http)
2026-04-14T11:21:27.719-04:00  INFO 67941 --- [dsp-demo-project] [restartedMain] o.apache.catalina.core.StandardService   : Starting service [Tomcat]
2026-04-14T11:21:27.719-04:00  INFO 67941 --- [dsp-demo-project] [restartedMain] o.apache.catalina.core.StandardEngine    : Starting Servlet engine: [Apache Tomcat/11.0.20]
2026-04-14T11:21:27.723-04:00  INFO 67941 --- [dsp-demo-project] [restartedMain] b.w.c.s.WebApplicationContextInitializer : Root WebApplicationContext: initialization completed in 79 ms
2026-04-14T11:21:27.736-04:00  INFO 67941 --- [dsp-demo-project] [restartedMain] org.hibernate.orm.jpa                    : HHH008540: Processing PersistenceUnitInfo [name: default]
2026-04-14T11:21:27.745-04:00  INFO 67941 --- [dsp-demo-project] [restartedMain] o.s.o.j.p.SpringPersistenceUnitInfo      : No LoadTimeWeaver setup: ignoring JPA class transformer
2026-04-14T11:21:27.745-04:00  INFO 67941 --- [dsp-demo-project] [restartedMain] com.zaxxer.hikari.HikariDataSource       : HikariPool-7 - Starting...
2026-04-14T11:21:28.100-04:00  INFO 67941 --- [dsp-demo-project] [restartedMain] com.zaxxer.hikari.pool.HikariPool        : HikariPool-7 - Added connection org.postgresql.jdbc.PgConnection@4b4d1fae
2026-04-14T11:21:28.100-04:00  INFO 67941 --- [dsp-demo-project] [restartedMain] com.zaxxer.hikari.HikariDataSource       : HikariPool-7 - Start completed.
2026-04-14T11:21:28.132-04:00  WARN 67941 --- [dsp-demo-project] [restartedMain] org.hibernate.orm.deprecation            : HHH90000025: PostgreSQLDialect does not need to be specified explicitly using 'hibernate.dialect' (remove the property setting and it will be selected by default)
2026-04-14T11:21:28.252-04:00  INFO 67941 --- [dsp-demo-project] [restartedMain] org.hibernate.orm.connections.pooling    : HHH10001005: Database info:
	Database JDBC URL [jdbc:postgresql://dsp-demo-1.cwomfw6wy9rv.us-east-1.rds.amazonaws.com:5432/postgres?sslmode=verify-full&sslrootcert=./global-bundle.pem]
	Database driver: PostgreSQL JDBC Driver
	Database dialect: PostgreSQLDialect
	Database version: 17.6
	Default catalog/schema: postgres/public
	Autocommit mode: undefined/unknown
	Isolation level: READ_COMMITTED [default READ_COMMITTED]
	JDBC fetch size: none
	Pool: DataSourceConnectionProvider
	Minimum pool size: undefined/unknown
	Maximum pool size: undefined/unknown
2026-04-14T11:21:28.290-04:00  INFO 67941 --- [dsp-demo-project] [restartedMain] org.hibernate.orm.core                   : HHH000489: No JTA platform available (set 'hibernate.transaction.jta.platform' to enable JTA platform integration)
2026-04-14T11:21:28.520-04:00  INFO 67941 --- [dsp-demo-project] [restartedMain] j.LocalContainerEntityManagerFactoryBean : Initialized JPA EntityManagerFactory for persistence unit 'default'
2026-04-14T11:21:28.538-04:00  WARN 67941 --- [dsp-demo-project] [restartedMain] JpaBaseConfiguration$JpaWebConfiguration : spring.jpa.open-in-view is enabled by default. Therefore, database queries may be performed during view rendering. Explicitly configure spring.jpa.open-in-view to disable this warning
2026-04-14T11:21:28.561-04:00 DEBUG 67941 --- [dsp-demo-project] [restartedMain] s.w.s.m.m.a.RequestMappingHandlerMapping : 4 mappings in 'requestMappingHandlerMapping'
2026-04-14T11:21:28.566-04:00 DEBUG 67941 --- [dsp-demo-project] [restartedMain] o.s.w.s.handler.SimpleUrlHandlerMapping  : Patterns [/webjars/**, /**] in 'resourceHandlerMapping'
2026-04-14T11:21:28.569-04:00 DEBUG 67941 --- [dsp-demo-project] [restartedMain] s.w.s.m.m.a.RequestMappingHandlerAdapter : ControllerAdvice beans: 0 @ModelAttribute, 0 @InitBinder, 2 RequestBodyAdvice, 1 ResponseBodyAdvice
2026-04-14T11:21:28.573-04:00 DEBUG 67941 --- [dsp-demo-project] [restartedMain] .m.m.a.ExceptionHandlerExceptionResolver : ControllerAdvice beans: 0 @ExceptionHandler, 1 ResponseBodyAdvice
2026-04-14T11:21:28.591-04:00  WARN 67941 --- [dsp-demo-project] [restartedMain] ConfigServletWebServerApplicationContext : Exception encountered during context initialization - cancelling refresh attempt: org.springframework.beans.factory.BeanCreationException: Error creating bean with name 'advertiserRepository' defined in repository.com.garygz.dspdemoproject.AdvertiserRepository defined in @EnableJpaRepositories declared on DataJpaRepositoriesRegistrar.EnableJpaRepositoriesConfiguration: No property 'addAdvertiser' found for type 'Advertiser'
2026-04-14T11:21:28.592-04:00  INFO 67941 --- [dsp-demo-project] [restartedMain] j.LocalContainerEntityManagerFactoryBean : Closing JPA EntityManagerFactory for persistence unit 'default'
2026-04-14T11:21:28.592-04:00  INFO 67941 --- [dsp-demo-project] [restartedMain] com.zaxxer.hikari.HikariDataSource       : HikariPool-7 - Shutdown initiated...
2026-04-14T11:21:28.851-04:00  INFO 67941 --- [dsp-demo-project] [restartedMain] com.zaxxer.hikari.HikariDataSource       : HikariPool-7 - Shutdown completed.
2026-04-14T11:21:28.852-04:00  INFO 67941 --- [dsp-demo-project] [restartedMain] o.apache.catalina.core.StandardService   : Stopping service [Tomcat]
2026-04-14T11:21:28.856-04:00  INFO 67941 --- [dsp-demo-project] [restartedMain] .s.b.a.l.ConditionEvaluationReportLogger : 

Error starting ApplicationContext. To display the condition evaluation report re-run your application with 'debug' enabled.
2026-04-14T11:21:28.858-04:00 ERROR 67941 --- [dsp-demo-project] [restartedMain] o.s.boot.SpringApplication               : Application run failed

org.springframework.beans.factory.BeanCreationException: Error creating bean with name 'advertiserRepository' defined in repository.com.garygz.dspdemoproject.AdvertiserRepository defined in @EnableJpaRepositories declared on DataJpaRepositoriesRegistrar.EnableJpaRepositoriesConfiguration: No property 'addAdvertiser' found for type 'Advertiser'
	at org.springframework.beans.factory.support.AbstractAutowireCapableBeanFactory.initializeBean(AbstractAutowireCapableBeanFactory.java:1817) ~[spring-beans-7.0.6.jar:7.0.6]
	at org.springframework.beans.factory.support.AbstractAutowireCapableBeanFactory.doCreateBean(AbstractAutowireCapableBeanFactory.java:603) ~[spring-beans-7.0.6.jar:7.0.6]
	at org.springframework.beans.factory.support.AbstractAutowireCapableBeanFactory.createBean(AbstractAutowireCapableBeanFactory.java:525) ~[spring-beans-7.0.6.jar:7.0.6]
	at org.springframework.beans.factory.support.AbstractBeanFactory.lambda$doGetBean$0(AbstractBeanFactory.java:333) ~[spring-beans-7.0.6.jar:7.0.6]
	at org.springframework.beans.factory.support.DefaultSingletonBeanRegistry.getSingleton(DefaultSingletonBeanRegistry.java:371) ~[spring-beans-7.0.6.jar:7.0.6]
	at org.springframework.beans.factory.support.AbstractBeanFactory.doGetBean(AbstractBeanFactory.java:331) ~[spring-beans-7.0.6.jar:7.0.6]
	at org.springframework.beans.factory.support.AbstractBeanFactory.getBean(AbstractBeanFactory.java:196) ~[spring-beans-7.0.6.jar:7.0.6]
	at org.springframework.beans.factory.support.DefaultListableBeanFactory.instantiateSingleton(DefaultListableBeanFactory.java:1212) ~[spring-beans-7.0.6.jar:7.0.6]
	at org.springframework.beans.factory.support.DefaultListableBeanFactory.preInstantiateSingleton(DefaultListableBeanFactory.java:1184) ~[spring-beans-7.0.6.jar:7.0.6]
	at org.springframework.beans.factory.support.DefaultListableBeanFactory.preInstantiateSingletons(DefaultListableBeanFactory.java:1121) ~[spring-beans-7.0.6.jar:7.0.6]
	at org.springframework.context.support.AbstractApplicationContext.finishBeanFactoryInitialization(AbstractApplicationContext.java:994) ~[spring-context-7.0.6.jar:7.0.6]
	at org.springframework.context.support.AbstractApplicationContext.refresh(AbstractApplicationContext.java:621) ~[spring-context-7.0.6.jar:7.0.6]
	at org.springframework.boot.web.server.servlet.context.ServletWebServerApplicationContext.refresh(ServletWebServerApplicationContext.java:143) ~[spring-boot-web-server-4.0.5.jar:4.0.5]
	at org.springframework.boot.SpringApplication.refresh(SpringApplication.java:756) ~[spring-boot-4.0.5.jar:4.0.5]
	at org.springframework.boot.SpringApplication.refreshContext(SpringApplication.java:445) ~[spring-boot-4.0.5.jar:4.0.5]
	at org.springframework.boot.SpringApplication.run(SpringApplication.java:321) ~[spring-boot-4.0.5.jar:4.0.5]
	at org.springframework.boot.SpringApplication.run(SpringApplication.java:1365) ~[spring-boot-4.0.5.jar:4.0.5]
	at org.springframework.boot.SpringApplication.run(SpringApplication.java:1354) ~[spring-boot-4.0.5.jar:4.0.5]
	at com.garygz.dspdemoproject.DspDemoProjectApplication.main(DspDemoProjectApplication.java:10) ~[main/:na]
	at java.base/jdk.internal.reflect.NativeMethodAccessorImpl.invoke0(Native Method) ~[na:na]
	at java.base/jdk.internal.reflect.NativeMethodAccessorImpl.invoke(NativeMethodAccessorImpl.java:77) ~[na:na]
	at java.base/jdk.internal.reflect.DelegatingMethodAccessorImpl.invoke(DelegatingMethodAccessorImpl.java:43) ~[na:na]
	at java.base/java.lang.reflect.Method.invoke(Method.java:569) ~[na:na]
	at org.springframework.boot.devtools.restart.RestartLauncher.run(RestartLauncher.java:52) ~[spring-boot-devtools-4.0.5.jar:4.0.5]
Caused by: org.springframework.data.repository.query.QueryCreationException: Cannot create query for method [AdvertiserRepository.addAdvertiser(java.lang.String)]; No property 'addAdvertiser' found for type 'Advertiser'
	at org.springframework.data.repository.query.QueryCreationException.create(QueryCreationException.java:109) ~[spring-data-commons-4.0.4.jar:4.0.4]
	at org.springframework.data.jpa.repository.query.PartTreeJpaQuery.<init>(PartTreeJpaQuery.java:114) ~[spring-data-jpa-4.0.4.jar:4.0.4]
	at org.springframework.data.jpa.repository.query.JpaQueryLookupStrategy$CreateQueryLookupStrategy.resolveQuery(JpaQueryLookupStrategy.java:118) ~[spring-data-jpa-4.0.4.jar:4.0.4]
	at org.springframework.data.jpa.repository.query.JpaQueryLookupStrategy$CreateIfNotFoundQueryLookupStrategy.resolveQuery(JpaQueryLookupStrategy.java:291) ~[spring-data-jpa-4.0.4.jar:4.0.4]
	at org.springframework.data.jpa.repository.query.JpaQueryLookupStrategy$AbstractQueryLookupStrategy.resolveQuery(JpaQueryLookupStrategy.java:93) ~[spring-data-jpa-4.0.4.jar:4.0.4]
	at org.springframework.data.repository.core.support.QueryExecutorMethodInterceptor.lookupQuery(QueryExecutorMethodInterceptor.java:114) ~[spring-data-commons-4.0.4.jar:4.0.4]
	at org.springframework.data.repository.core.support.QueryExecutorMethodInterceptor.mapMethodsToQuery(QueryExecutorMethodInterceptor.java:102) ~[spring-data-commons-4.0.4.jar:4.0.4]
	at org.springframework.data.repository.core.support.QueryExecutorMethodInterceptor.<init>(QueryExecutorMethodInterceptor.java:90) ~[spring-data-commons-4.0.4.jar:4.0.4]
	at org.springframework.data.repository.core.support.RepositoryFactorySupport.getRepository(RepositoryFactorySupport.java:413) ~[spring-data-commons-4.0.4.jar:4.0.4]
	at org.springframework.data.repository.core.support.RepositoryFactoryBeanSupport.lambda$afterPropertiesSet$1(RepositoryFactoryBeanSupport.java:361) ~[spring-data-commons-4.0.4.jar:4.0.4]
	at org.springframework.data.util.Lazy.getNullable(Lazy.java:136) ~[spring-data-commons-4.0.4.jar:4.0.4]
	at org.springframework.data.util.Lazy.get(Lazy.java:114) ~[spring-data-commons-4.0.4.jar:4.0.4]
	at org.springframework.data.repository.core.support.RepositoryFactoryBeanSupport.afterPropertiesSet(RepositoryFactoryBeanSupport.java:370) ~[spring-data-commons-4.0.4.jar:4.0.4]
	at org.springframework.data.jpa.repository.support.JpaRepositoryFactoryBean.afterPropertiesSet(JpaRepositoryFactoryBean.java:212) ~[spring-data-jpa-4.0.4.jar:4.0.4]
	at org.springframework.beans.factory.support.AbstractAutowireCapableBeanFactory.invokeInitMethods(AbstractAutowireCapableBeanFactory.java:1864) ~[spring-beans-7.0.6.jar:7.0.6]
	at org.springframework.beans.factory.support.AbstractAutowireCapableBeanFactory.initializeBean(AbstractAutowireCapableBeanFactory.java:1813) ~[spring-beans-7.0.6.jar:7.0.6]
	... 23 common frames omitted
Caused by: org.springframework.data.core.PropertyReferenceException: No property 'addAdvertiser' found for type 'Advertiser'
	at org.springframework.data.core.SimplePropertyPath.<init>(SimplePropertyPath.java:93) ~[spring-data-commons-4.0.4.jar:4.0.4]
	at org.springframework.data.core.SimplePropertyPath.create(SimplePropertyPath.java:360) ~[spring-data-commons-4.0.4.jar:4.0.4]
	at org.springframework.data.core.SimplePropertyPath.create(SimplePropertyPath.java:335) ~[spring-data-commons-4.0.4.jar:4.0.4]
	at org.springframework.data.core.SimplePropertyPath.lambda$from$0(SimplePropertyPath.java:288) ~[spring-data-commons-4.0.4.jar:4.0.4]
	at org.springframework.util.ConcurrentReferenceHashMap$6.execute(ConcurrentReferenceHashMap.java:387) ~[spring-core-7.0.6.jar:7.0.6]
	at org.springframework.util.ConcurrentReferenceHashMap$Segment.doTask(ConcurrentReferenceHashMap.java:681) ~[spring-core-7.0.6.jar:7.0.6]
	at org.springframework.util.ConcurrentReferenceHashMap.doTask(ConcurrentReferenceHashMap.java:565) ~[spring-core-7.0.6.jar:7.0.6]
	at org.springframework.util.ConcurrentReferenceHashMap.computeIfAbsent(ConcurrentReferenceHashMap.java:381) ~[spring-core-7.0.6.jar:7.0.6]
	at org.springframework.data.core.SimplePropertyPath.from(SimplePropertyPath.java:270) ~[spring-data-commons-4.0.4.jar:4.0.4]
	at org.springframework.data.core.PropertyPath.from(PropertyPath.java:210) ~[spring-data-commons-4.0.4.jar:4.0.4]
	at org.springframework.data.core.PropertyPath.from(PropertyPath.java:193) ~[spring-data-commons-4.0.4.jar:4.0.4]
	at org.springframework.data.repository.query.parser.Part.<init>(Part.java:81) ~[spring-data-commons-4.0.4.jar:4.0.4]
	at org.springframework.data.repository.query.parser.PartTree$OrPart.lambda$new$0(PartTree.java:260) ~[spring-data-commons-4.0.4.jar:4.0.4]
	at java.base/java.util.stream.ReferencePipeline$3$1.accept(ReferencePipeline.java:197) ~[na:na]
	at java.base/java.util.stream.ReferencePipeline$2$1.accept(ReferencePipeline.java:179) ~[na:na]
	at java.base/java.util.Spliterators$ArraySpliterator.forEachRemaining(Spliterators.java:992) ~[na:na]
	at java.base/java.util.stream.AbstractPipeline.copyInto(AbstractPipeline.java:509) ~[na:na]
	at java.base/java.util.stream.AbstractPipeline.wrapAndCopyInto(AbstractPipeline.java:499) ~[na:na]
	at java.base/java.util.stream.ReduceOps$ReduceOp.evaluateSequential(ReduceOps.java:921) ~[na:na]
	at java.base/java.util.stream.AbstractPipeline.evaluate(AbstractPipeline.java:234) ~[na:na]
	at java.base/java.util.stream.ReferencePipeline.collect(ReferencePipeline.java:682) ~[na:na]
	at org.springframework.data.repository.query.parser.PartTree$OrPart.<init>(PartTree.java:261) ~[spring-data-commons-4.0.4.jar:4.0.4]
	at org.springframework.data.repository.query.parser.PartTree$Predicate.lambda$new$0(PartTree.java:390) ~[spring-data-commons-4.0.4.jar:4.0.4]
	at java.base/java.util.stream.ReferencePipeline$3$1.accept(ReferencePipeline.java:197) ~[na:na]
	at java.base/java.util.stream.ReferencePipeline$2$1.accept(ReferencePipeline.java:179) ~[na:na]
	at java.base/java.util.Spliterators$ArraySpliterator.forEachRemaining(Spliterators.java:992) ~[na:na]
	at java.base/java.util.stream.AbstractPipeline.copyInto(AbstractPipeline.java:509) ~[na:na]
	at java.base/java.util.stream.AbstractPipeline.wrapAndCopyInto(AbstractPipeline.java:499) ~[na:na]
	at java.base/java.util.stream.ReduceOps$ReduceOp.evaluateSequential(ReduceOps.java:921) ~[na:na]
	at java.base/java.util.stream.AbstractPipeline.evaluate(AbstractPipeline.java:234) ~[na:na]
	at java.base/java.util.stream.ReferencePipeline.collect(ReferencePipeline.java:682) ~[na:na]
	at org.springframework.data.repository.query.parser.PartTree$Predicate.<init>(PartTree.java:391) ~[spring-data-commons-4.0.4.jar:4.0.4]
	at org.springframework.data.repository.query.parser.PartTree.<init>(PartTree.java:101) ~[spring-data-commons-4.0.4.jar:4.0.4]
	at org.springframework.data.jpa.repository.query.PartTreeJpaQuery.<init>(PartTreeJpaQuery.java:108) ~[spring-data-jpa-4.0.4.jar:4.0.4]
	... 37 common frames omitted

2026-04-14T11:21:32.315-04:00  INFO 67941 --- [dsp-demo-project] [restartedMain] c.e.d.DspDemoProjectApplication          : Starting DspDemoProjectApplication using Java 17.0.18 with PID 67941 (/Users/garygz/IdeaProjects/dsp-demo-project/build/classes/java/main started by garygz in /Users/garygz/IdeaProjects/dsp-demo-project)
2026-04-14T11:21:32.316-04:00 DEBUG 67941 --- [dsp-demo-project] [restartedMain] c.e.d.DspDemoProjectApplication          : Running with Spring Boot v4.0.5, Spring v7.0.6
2026-04-14T11:21:32.316-04:00  INFO 67941 --- [dsp-demo-project] [restartedMain] c.e.d.DspDemoProjectApplication          : No active profile set, falling back to 1 default profile: "default"
2026-04-14T11:21:32.360-04:00  INFO 67941 --- [dsp-demo-project] [restartedMain] .s.d.r.c.RepositoryConfigurationDelegate : Bootstrapping Spring Data JPA repositories in DEFAULT mode.
2026-04-14T11:21:32.363-04:00  INFO 67941 --- [dsp-demo-project] [restartedMain] .s.d.r.c.RepositoryConfigurationDelegate : Finished Spring Data repository scanning in 2 ms. Found 2 JPA repository interfaces.
2026-04-14T11:21:32.390-04:00  INFO 67941 --- [dsp-demo-project] [restartedMain] o.s.boot.tomcat.TomcatWebServer          : Tomcat initialized with port 8080 (http)
2026-04-14T11:21:32.391-04:00  INFO 67941 --- [dsp-demo-project] [restartedMain] o.apache.catalina.core.StandardService   : Starting service [Tomcat]
2026-04-14T11:21:32.391-04:00  INFO 67941 --- [dsp-demo-project] [restartedMain] o.apache.catalina.core.StandardEngine    : Starting Servlet engine: [Apache Tomcat/11.0.20]
2026-04-14T11:21:32.395-04:00  INFO 67941 --- [dsp-demo-project] [restartedMain] b.w.c.s.WebApplicationContextInitializer : Root WebApplicationContext: initialization completed in 78 ms
2026-04-14T11:21:32.407-04:00  INFO 67941 --- [dsp-demo-project] [restartedMain] org.hibernate.orm.jpa                    : HHH008540: Processing PersistenceUnitInfo [name: default]
2026-04-14T11:21:32.417-04:00  INFO 67941 --- [dsp-demo-project] [restartedMain] o.s.o.j.p.SpringPersistenceUnitInfo      : No LoadTimeWeaver setup: ignoring JPA class transformer
2026-04-14T11:21:32.417-04:00  INFO 67941 --- [dsp-demo-project] [restartedMain] com.zaxxer.hikari.HikariDataSource       : HikariPool-8 - Starting...
2026-04-14T11:21:32.742-04:00  INFO 67941 --- [dsp-demo-project] [restartedMain] com.zaxxer.hikari.pool.HikariPool        : HikariPool-8 - Added connection org.postgresql.jdbc.PgConnection@5274ff4b
2026-04-14T11:21:32.743-04:00  INFO 67941 --- [dsp-demo-project] [restartedMain] com.zaxxer.hikari.HikariDataSource       : HikariPool-8 - Start completed.
2026-04-14T11:21:32.778-04:00  WARN 67941 --- [dsp-demo-project] [restartedMain] org.hibernate.orm.deprecation            : HHH90000025: PostgreSQLDialect does not need to be specified explicitly using 'hibernate.dialect' (remove the property setting and it will be selected by default)
2026-04-14T11:21:32.907-04:00  INFO 67941 --- [dsp-demo-project] [restartedMain] org.hibernate.orm.connections.pooling    : HHH10001005: Database info:
	Database JDBC URL [jdbc:postgresql://dsp-demo-1.cwomfw6wy9rv.us-east-1.rds.amazonaws.com:5432/postgres?sslmode=verify-full&sslrootcert=./global-bundle.pem]
	Database driver: PostgreSQL JDBC Driver
	Database dialect: PostgreSQLDialect
	Database version: 17.6
	Default catalog/schema: postgres/public
	Autocommit mode: undefined/unknown
	Isolation level: READ_COMMITTED [default READ_COMMITTED]
	JDBC fetch size: none
	Pool: DataSourceConnectionProvider
	Minimum pool size: undefined/unknown
	Maximum pool size: undefined/unknown
2026-04-14T11:21:32.949-04:00  INFO 67941 --- [dsp-demo-project] [restartedMain] org.hibernate.orm.core                   : HHH000489: No JTA platform available (set 'hibernate.transaction.jta.platform' to enable JTA platform integration)
2026-04-14T11:21:33.191-04:00  INFO 67941 --- [dsp-demo-project] [restartedMain] j.LocalContainerEntityManagerFactoryBean : Initialized JPA EntityManagerFactory for persistence unit 'default'
2026-04-14T11:21:33.223-04:00  WARN 67941 --- [dsp-demo-project] [restartedMain] ConfigServletWebServerApplicationContext : Exception encountered during context initialization - cancelling refresh attempt: org.springframework.beans.factory.UnsatisfiedDependencyException: Error creating bean with name 'dashBoardServiceImpl': Unsatisfied dependency expressed through field 'advRepo': Error creating bean with name 'advertiserRepository' defined in repository.com.garygz.dspdemoproject.AdvertiserRepository defined in @EnableJpaRepositories declared on DataJpaRepositoriesRegistrar.EnableJpaRepositoriesConfiguration: No property 'addAdvertiser' found for type 'Advertiser'
2026-04-14T11:21:33.223-04:00  INFO 67941 --- [dsp-demo-project] [restartedMain] j.LocalContainerEntityManagerFactoryBean : Closing JPA EntityManagerFactory for persistence unit 'default'
2026-04-14T11:21:33.224-04:00  INFO 67941 --- [dsp-demo-project] [restartedMain] com.zaxxer.hikari.HikariDataSource       : HikariPool-8 - Shutdown initiated...
2026-04-14T11:21:33.459-04:00  INFO 67941 --- [dsp-demo-project] [restartedMain] com.zaxxer.hikari.HikariDataSource       : HikariPool-8 - Shutdown completed.
2026-04-14T11:21:33.460-04:00  INFO 67941 --- [dsp-demo-project] [restartedMain] o.apache.catalina.core.StandardService   : Stopping service [Tomcat]
2026-04-14T11:21:33.465-04:00  INFO 67941 --- [dsp-demo-project] [restartedMain] .s.b.a.l.ConditionEvaluationReportLogger : 

Error starting ApplicationContext. To display the condition evaluation report re-run your application with 'debug' enabled.
2026-04-14T11:21:33.467-04:00 ERROR 67941 --- [dsp-demo-project] [restartedMain] o.s.boot.SpringApplication               : Application run failed

org.springframework.beans.factory.UnsatisfiedDependencyException: Error creating bean with name 'dashBoardServiceImpl': Unsatisfied dependency expressed through field 'advRepo': Error creating bean with name 'advertiserRepository' defined in repository.com.garygz.dspdemoproject.AdvertiserRepository defined in @EnableJpaRepositories declared on DataJpaRepositoriesRegistrar.EnableJpaRepositoriesConfiguration: No property 'addAdvertiser' found for type 'Advertiser'
	at org.springframework.beans.factory.annotation.AutowiredAnnotationBeanPostProcessor$AutowiredFieldElement.resolveFieldValue(AutowiredAnnotationBeanPostProcessor.java:767) ~[spring-beans-7.0.6.jar:7.0.6]
	at org.springframework.beans.factory.annotation.AutowiredAnnotationBeanPostProcessor$AutowiredFieldElement.inject(AutowiredAnnotationBeanPostProcessor.java:748) ~[spring-beans-7.0.6.jar:7.0.6]
	at org.springframework.beans.factory.annotation.InjectionMetadata.inject(InjectionMetadata.java:146) ~[spring-beans-7.0.6.jar:7.0.6]
	at org.springframework.beans.factory.annotation.AutowiredAnnotationBeanPostProcessor.postProcessProperties(AutowiredAnnotationBeanPostProcessor.java:493) ~[spring-beans-7.0.6.jar:7.0.6]
	at org.springframework.beans.factory.support.AbstractAutowireCapableBeanFactory.populateBean(AbstractAutowireCapableBeanFactory.java:1446) ~[spring-beans-7.0.6.jar:7.0.6]
	at org.springframework.beans.factory.support.AbstractAutowireCapableBeanFactory.doCreateBean(AbstractAutowireCapableBeanFactory.java:602) ~[spring-beans-7.0.6.jar:7.0.6]
	at org.springframework.beans.factory.support.AbstractAutowireCapableBeanFactory.createBean(AbstractAutowireCapableBeanFactory.java:525) ~[spring-beans-7.0.6.jar:7.0.6]
	at org.springframework.beans.factory.support.AbstractBeanFactory.lambda$doGetBean$0(AbstractBeanFactory.java:333) ~[spring-beans-7.0.6.jar:7.0.6]
	at org.springframework.beans.factory.support.DefaultSingletonBeanRegistry.getSingleton(DefaultSingletonBeanRegistry.java:371) ~[spring-beans-7.0.6.jar:7.0.6]
	at org.springframework.beans.factory.support.AbstractBeanFactory.doGetBean(AbstractBeanFactory.java:331) ~[spring-beans-7.0.6.jar:7.0.6]
	at org.springframework.beans.factory.support.AbstractBeanFactory.getBean(AbstractBeanFactory.java:196) ~[spring-beans-7.0.6.jar:7.0.6]
	at org.springframework.beans.factory.support.DefaultListableBeanFactory.instantiateSingleton(DefaultListableBeanFactory.java:1218) ~[spring-beans-7.0.6.jar:7.0.6]
	at org.springframework.beans.factory.support.DefaultListableBeanFactory.preInstantiateSingleton(DefaultListableBeanFactory.java:1184) ~[spring-beans-7.0.6.jar:7.0.6]
	at org.springframework.beans.factory.support.DefaultListableBeanFactory.preInstantiateSingletons(DefaultListableBeanFactory.java:1121) ~[spring-beans-7.0.6.jar:7.0.6]
	at org.springframework.context.support.AbstractApplicationContext.finishBeanFactoryInitialization(AbstractApplicationContext.java:994) ~[spring-context-7.0.6.jar:7.0.6]
	at org.springframework.context.support.AbstractApplicationContext.refresh(AbstractApplicationContext.java:621) ~[spring-context-7.0.6.jar:7.0.6]
	at org.springframework.boot.web.server.servlet.context.ServletWebServerApplicationContext.refresh(ServletWebServerApplicationContext.java:143) ~[spring-boot-web-server-4.0.5.jar:4.0.5]
	at org.springframework.boot.SpringApplication.refresh(SpringApplication.java:756) ~[spring-boot-4.0.5.jar:4.0.5]
	at org.springframework.boot.SpringApplication.refreshContext(SpringApplication.java:445) ~[spring-boot-4.0.5.jar:4.0.5]
	at org.springframework.boot.SpringApplication.run(SpringApplication.java:321) ~[spring-boot-4.0.5.jar:4.0.5]
	at org.springframework.boot.SpringApplication.run(SpringApplication.java:1365) ~[spring-boot-4.0.5.jar:4.0.5]
	at org.springframework.boot.SpringApplication.run(SpringApplication.java:1354) ~[spring-boot-4.0.5.jar:4.0.5]
	at com.garygz.dspdemoproject.DspDemoProjectApplication.main(DspDemoProjectApplication.java:10) ~[main/:na]
	at java.base/jdk.internal.reflect.NativeMethodAccessorImpl.invoke0(Native Method) ~[na:na]
	at java.base/jdk.internal.reflect.NativeMethodAccessorImpl.invoke(NativeMethodAccessorImpl.java:77) ~[na:na]
	at java.base/jdk.internal.reflect.DelegatingMethodAccessorImpl.invoke(DelegatingMethodAccessorImpl.java:43) ~[na:na]
	at java.base/java.lang.reflect.Method.invoke(Method.java:569) ~[na:na]
	at org.springframework.boot.devtools.restart.RestartLauncher.run(RestartLauncher.java:52) ~[spring-boot-devtools-4.0.5.jar:4.0.5]
Caused by: org.springframework.beans.factory.BeanCreationException: Error creating bean with name 'advertiserRepository' defined in repository.com.garygz.dspdemoproject.AdvertiserRepository defined in @EnableJpaRepositories declared on DataJpaRepositoriesRegistrar.EnableJpaRepositoriesConfiguration: No property 'addAdvertiser' found for type 'Advertiser'
	at org.springframework.beans.factory.support.AbstractAutowireCapableBeanFactory.initializeBean(AbstractAutowireCapableBeanFactory.java:1817) ~[spring-beans-7.0.6.jar:7.0.6]
	at org.springframework.beans.factory.support.AbstractAutowireCapableBeanFactory.doCreateBean(AbstractAutowireCapableBeanFactory.java:603) ~[spring-beans-7.0.6.jar:7.0.6]
	at org.springframework.beans.factory.support.AbstractAutowireCapableBeanFactory.createBean(AbstractAutowireCapableBeanFactory.java:525) ~[spring-beans-7.0.6.jar:7.0.6]
	at org.springframework.beans.factory.support.AbstractBeanFactory.lambda$doGetBean$0(AbstractBeanFactory.java:333) ~[spring-beans-7.0.6.jar:7.0.6]
	at org.springframework.beans.factory.support.DefaultSingletonBeanRegistry.getSingleton(DefaultSingletonBeanRegistry.java:371) ~[spring-beans-7.0.6.jar:7.0.6]
	at org.springframework.beans.factory.support.AbstractBeanFactory.doGetBean(AbstractBeanFactory.java:331) ~[spring-beans-7.0.6.jar:7.0.6]
	at org.springframework.beans.factory.support.AbstractBeanFactory.getBean(AbstractBeanFactory.java:201) ~[spring-beans-7.0.6.jar:7.0.6]
	at org.springframework.beans.factory.config.DependencyDescriptor.resolveCandidate(DependencyDescriptor.java:229) ~[spring-beans-7.0.6.jar:7.0.6]
	at org.springframework.beans.factory.support.DefaultListableBeanFactory.doResolveDependency(DefaultListableBeanFactory.java:1762) ~[spring-beans-7.0.6.jar:7.0.6]
	at org.springframework.beans.factory.support.DefaultListableBeanFactory.resolveDependency(DefaultListableBeanFactory.java:1651) ~[spring-beans-7.0.6.jar:7.0.6]
	at org.springframework.beans.factory.annotation.AutowiredAnnotationBeanPostProcessor$AutowiredFieldElement.resolveFieldValue(AutowiredAnnotationBeanPostProcessor.java:764) ~[spring-beans-7.0.6.jar:7.0.6]
	... 27 common frames omitted
Caused by: org.springframework.data.repository.query.QueryCreationException: Cannot create query for method [AdvertiserRepository.addAdvertiser(java.lang.String)]; No property 'addAdvertiser' found for type 'Advertiser'
	at org.springframework.data.repository.query.QueryCreationException.create(QueryCreationException.java:109) ~[spring-data-commons-4.0.4.jar:4.0.4]
	at org.springframework.data.jpa.repository.query.PartTreeJpaQuery.<init>(PartTreeJpaQuery.java:114) ~[spring-data-jpa-4.0.4.jar:4.0.4]
	at org.springframework.data.jpa.repository.query.JpaQueryLookupStrategy$CreateQueryLookupStrategy.resolveQuery(JpaQueryLookupStrategy.java:118) ~[spring-data-jpa-4.0.4.jar:4.0.4]
	at org.springframework.data.jpa.repository.query.JpaQueryLookupStrategy$CreateIfNotFoundQueryLookupStrategy.resolveQuery(JpaQueryLookupStrategy.java:291) ~[spring-data-jpa-4.0.4.jar:4.0.4]
	at org.springframework.data.jpa.repository.query.JpaQueryLookupStrategy$AbstractQueryLookupStrategy.resolveQuery(JpaQueryLookupStrategy.java:93) ~[spring-data-jpa-4.0.4.jar:4.0.4]
	at org.springframework.data.repository.core.support.QueryExecutorMethodInterceptor.lookupQuery(QueryExecutorMethodInterceptor.java:114) ~[spring-data-commons-4.0.4.jar:4.0.4]
	at org.springframework.data.repository.core.support.QueryExecutorMethodInterceptor.mapMethodsToQuery(QueryExecutorMethodInterceptor.java:102) ~[spring-data-commons-4.0.4.jar:4.0.4]
	at org.springframework.data.repository.core.support.QueryExecutorMethodInterceptor.<init>(QueryExecutorMethodInterceptor.java:90) ~[spring-data-commons-4.0.4.jar:4.0.4]
	at org.springframework.data.repository.core.support.RepositoryFactorySupport.getRepository(RepositoryFactorySupport.java:413) ~[spring-data-commons-4.0.4.jar:4.0.4]
	at org.springframework.data.repository.core.support.RepositoryFactoryBeanSupport.lambda$afterPropertiesSet$1(RepositoryFactoryBeanSupport.java:361) ~[spring-data-commons-4.0.4.jar:4.0.4]
	at org.springframework.data.util.Lazy.getNullable(Lazy.java:136) ~[spring-data-commons-4.0.4.jar:4.0.4]
	at org.springframework.data.util.Lazy.get(Lazy.java:114) ~[spring-data-commons-4.0.4.jar:4.0.4]
	at org.springframework.data.repository.core.support.RepositoryFactoryBeanSupport.afterPropertiesSet(RepositoryFactoryBeanSupport.java:370) ~[spring-data-commons-4.0.4.jar:4.0.4]
	at org.springframework.data.jpa.repository.support.JpaRepositoryFactoryBean.afterPropertiesSet(JpaRepositoryFactoryBean.java:212) ~[spring-data-jpa-4.0.4.jar:4.0.4]
	at org.springframework.beans.factory.support.AbstractAutowireCapableBeanFactory.invokeInitMethods(AbstractAutowireCapableBeanFactory.java:1864) ~[spring-beans-7.0.6.jar:7.0.6]
	at org.springframework.beans.factory.support.AbstractAutowireCapableBeanFactory.initializeBean(AbstractAutowireCapableBeanFactory.java:1813) ~[spring-beans-7.0.6.jar:7.0.6]
	... 37 common frames omitted
Caused by: org.springframework.data.core.PropertyReferenceException: No property 'addAdvertiser' found for type 'Advertiser'
	at org.springframework.data.core.SimplePropertyPath.<init>(SimplePropertyPath.java:93) ~[spring-data-commons-4.0.4.jar:4.0.4]
	at org.springframework.data.core.SimplePropertyPath.create(SimplePropertyPath.java:360) ~[spring-data-commons-4.0.4.jar:4.0.4]
	at org.springframework.data.core.SimplePropertyPath.create(SimplePropertyPath.java:335) ~[spring-data-commons-4.0.4.jar:4.0.4]
	at org.springframework.data.core.SimplePropertyPath.lambda$from$0(SimplePropertyPath.java:288) ~[spring-data-commons-4.0.4.jar:4.0.4]
	at org.springframework.util.ConcurrentReferenceHashMap$6.execute(ConcurrentReferenceHashMap.java:387) ~[spring-core-7.0.6.jar:7.0.6]
	at org.springframework.util.ConcurrentReferenceHashMap$Segment.doTask(ConcurrentReferenceHashMap.java:681) ~[spring-core-7.0.6.jar:7.0.6]
	at org.springframework.util.ConcurrentReferenceHashMap.doTask(ConcurrentReferenceHashMap.java:565) ~[spring-core-7.0.6.jar:7.0.6]
	at org.springframework.util.ConcurrentReferenceHashMap.computeIfAbsent(ConcurrentReferenceHashMap.java:381) ~[spring-core-7.0.6.jar:7.0.6]
	at org.springframework.data.core.SimplePropertyPath.from(SimplePropertyPath.java:270) ~[spring-data-commons-4.0.4.jar:4.0.4]
	at org.springframework.data.core.PropertyPath.from(PropertyPath.java:210) ~[spring-data-commons-4.0.4.jar:4.0.4]
	at org.springframework.data.core.PropertyPath.from(PropertyPath.java:193) ~[spring-data-commons-4.0.4.jar:4.0.4]
	at org.springframework.data.repository.query.parser.Part.<init>(Part.java:81) ~[spring-data-commons-4.0.4.jar:4.0.4]
	at org.springframework.data.repository.query.parser.PartTree$OrPart.lambda$new$0(PartTree.java:260) ~[spring-data-commons-4.0.4.jar:4.0.4]
	at java.base/java.util.stream.ReferencePipeline$3$1.accept(ReferencePipeline.java:197) ~[na:na]
	at java.base/java.util.stream.ReferencePipeline$2$1.accept(ReferencePipeline.java:179) ~[na:na]
	at java.base/java.util.Spliterators$ArraySpliterator.forEachRemaining(Spliterators.java:992) ~[na:na]
	at java.base/java.util.stream.AbstractPipeline.copyInto(AbstractPipeline.java:509) ~[na:na]
	at java.base/java.util.stream.AbstractPipeline.wrapAndCopyInto(AbstractPipeline.java:499) ~[na:na]
	at java.base/java.util.stream.ReduceOps$ReduceOp.evaluateSequential(ReduceOps.java:921) ~[na:na]
	at java.base/java.util.stream.AbstractPipeline.evaluate(AbstractPipeline.java:234) ~[na:na]
	at java.base/java.util.stream.ReferencePipeline.collect(ReferencePipeline.java:682) ~[na:na]
	at org.springframework.data.repository.query.parser.PartTree$OrPart.<init>(PartTree.java:261) ~[spring-data-commons-4.0.4.jar:4.0.4]
	at org.springframework.data.repository.query.parser.PartTree$Predicate.lambda$new$0(PartTree.java:390) ~[spring-data-commons-4.0.4.jar:4.0.4]
	at java.base/java.util.stream.ReferencePipeline$3$1.accept(ReferencePipeline.java:197) ~[na:na]
	at java.base/java.util.stream.ReferencePipeline$2$1.accept(ReferencePipeline.java:179) ~[na:na]
	at java.base/java.util.Spliterators$ArraySpliterator.forEachRemaining(Spliterators.java:992) ~[na:na]
	at java.base/java.util.stream.AbstractPipeline.copyInto(AbstractPipeline.java:509) ~[na:na]
	at java.base/java.util.stream.AbstractPipeline.wrapAndCopyInto(AbstractPipeline.java:499) ~[na:na]
	at java.base/java.util.stream.ReduceOps$ReduceOp.evaluateSequential(ReduceOps.java:921) ~[na:na]
	at java.base/java.util.stream.AbstractPipeline.evaluate(AbstractPipeline.java:234) ~[na:na]
	at java.base/java.util.stream.ReferencePipeline.collect(ReferencePipeline.java:682) ~[na:na]
	at org.springframework.data.repository.query.parser.PartTree$Predicate.<init>(PartTree.java:391) ~[spring-data-commons-4.0.4.jar:4.0.4]
	at org.springframework.data.repository.query.parser.PartTree.<init>(PartTree.java:101) ~[spring-data-commons-4.0.4.jar:4.0.4]
	at org.springframework.data.jpa.repository.query.PartTreeJpaQuery.<init>(PartTreeJpaQuery.java:108) ~[spring-data-jpa-4.0.4.jar:4.0.4]
	... 51 common frames omitted

2026-04-14T11:21:52.052-04:00  INFO 67941 --- [dsp-demo-project] [restartedMain] c.e.d.DspDemoProjectApplication          : Starting DspDemoProjectApplication using Java 17.0.18 with PID 67941 (/Users/garygz/IdeaProjects/dsp-demo-project/build/classes/java/main started by garygz in /Users/garygz/IdeaProjects/dsp-demo-project)
2026-04-14T11:21:52.052-04:00 DEBUG 67941 --- [dsp-demo-project] [restartedMain] c.e.d.DspDemoProjectApplication          : Running with Spring Boot v4.0.5, Spring v7.0.6
2026-04-14T11:21:52.052-04:00  INFO 67941 --- [dsp-demo-project] [restartedMain] c.e.d.DspDemoProjectApplication          : No active profile set, falling back to 1 default profile: "default"
2026-04-14T11:21:52.108-04:00  INFO 67941 --- [dsp-demo-project] [restartedMain] .s.d.r.c.RepositoryConfigurationDelegate : Bootstrapping Spring Data JPA repositories in DEFAULT mode.
2026-04-14T11:21:52.111-04:00  INFO 67941 --- [dsp-demo-project] [restartedMain] .s.d.r.c.RepositoryConfigurationDelegate : Finished Spring Data repository scanning in 2 ms. Found 2 JPA repository interfaces.
2026-04-14T11:21:52.138-04:00  INFO 67941 --- [dsp-demo-project] [restartedMain] o.s.boot.tomcat.TomcatWebServer          : Tomcat initialized with port 8080 (http)
2026-04-14T11:21:52.138-04:00  INFO 67941 --- [dsp-demo-project] [restartedMain] o.apache.catalina.core.StandardService   : Starting service [Tomcat]
2026-04-14T11:21:52.138-04:00  INFO 67941 --- [dsp-demo-project] [restartedMain] o.apache.catalina.core.StandardEngine    : Starting Servlet engine: [Apache Tomcat/11.0.20]
2026-04-14T11:21:52.142-04:00  INFO 67941 --- [dsp-demo-project] [restartedMain] b.w.c.s.WebApplicationContextInitializer : Root WebApplicationContext: initialization completed in 89 ms
2026-04-14T11:21:52.154-04:00  INFO 67941 --- [dsp-demo-project] [restartedMain] org.hibernate.orm.jpa                    : HHH008540: Processing PersistenceUnitInfo [name: default]
2026-04-14T11:21:52.163-04:00  INFO 67941 --- [dsp-demo-project] [restartedMain] o.s.o.j.p.SpringPersistenceUnitInfo      : No LoadTimeWeaver setup: ignoring JPA class transformer
2026-04-14T11:21:52.163-04:00  INFO 67941 --- [dsp-demo-project] [restartedMain] com.zaxxer.hikari.HikariDataSource       : HikariPool-9 - Starting...
2026-04-14T11:21:52.464-04:00  INFO 67941 --- [dsp-demo-project] [restartedMain] com.zaxxer.hikari.pool.HikariPool        : HikariPool-9 - Added connection org.postgresql.jdbc.PgConnection@24cf8146
2026-04-14T11:21:52.465-04:00  INFO 67941 --- [dsp-demo-project] [restartedMain] com.zaxxer.hikari.HikariDataSource       : HikariPool-9 - Start completed.
2026-04-14T11:21:52.497-04:00  WARN 67941 --- [dsp-demo-project] [restartedMain] org.hibernate.orm.deprecation            : HHH90000025: PostgreSQLDialect does not need to be specified explicitly using 'hibernate.dialect' (remove the property setting and it will be selected by default)
2026-04-14T11:21:52.620-04:00  INFO 67941 --- [dsp-demo-project] [restartedMain] org.hibernate.orm.connections.pooling    : HHH10001005: Database info:
	Database JDBC URL [jdbc:postgresql://dsp-demo-1.cwomfw6wy9rv.us-east-1.rds.amazonaws.com:5432/postgres?sslmode=verify-full&sslrootcert=./global-bundle.pem]
	Database driver: PostgreSQL JDBC Driver
	Database dialect: PostgreSQLDialect
	Database version: 17.6
	Default catalog/schema: postgres/public
	Autocommit mode: undefined/unknown
	Isolation level: READ_COMMITTED [default READ_COMMITTED]
	JDBC fetch size: none
	Pool: DataSourceConnectionProvider
	Minimum pool size: undefined/unknown
	Maximum pool size: undefined/unknown
2026-04-14T11:21:52.666-04:00  INFO 67941 --- [dsp-demo-project] [restartedMain] org.hibernate.orm.core                   : HHH000489: No JTA platform available (set 'hibernate.transaction.jta.platform' to enable JTA platform integration)
2026-04-14T11:21:52.892-04:00  INFO 67941 --- [dsp-demo-project] [restartedMain] j.LocalContainerEntityManagerFactoryBean : Initialized JPA EntityManagerFactory for persistence unit 'default'
2026-04-14T11:21:52.919-04:00  WARN 67941 --- [dsp-demo-project] [restartedMain] ConfigServletWebServerApplicationContext : Exception encountered during context initialization - cancelling refresh attempt: org.springframework.beans.factory.UnsatisfiedDependencyException: Error creating bean with name 'dashBoardServiceImpl': Unsatisfied dependency expressed through field 'advRepo': Error creating bean with name 'advertiserRepository' defined in repository.com.garygz.dspdemoproject.AdvertiserRepository defined in @EnableJpaRepositories declared on DataJpaRepositoriesRegistrar.EnableJpaRepositoriesConfiguration: No property 'addAdvertiser' found for type 'Advertiser'
2026-04-14T11:21:52.920-04:00  INFO 67941 --- [dsp-demo-project] [restartedMain] j.LocalContainerEntityManagerFactoryBean : Closing JPA EntityManagerFactory for persistence unit 'default'
2026-04-14T11:21:52.920-04:00  INFO 67941 --- [dsp-demo-project] [restartedMain] com.zaxxer.hikari.HikariDataSource       : HikariPool-9 - Shutdown initiated...
2026-04-14T11:21:53.176-04:00  INFO 67941 --- [dsp-demo-project] [restartedMain] com.zaxxer.hikari.HikariDataSource       : HikariPool-9 - Shutdown completed.
2026-04-14T11:21:53.177-04:00  INFO 67941 --- [dsp-demo-project] [restartedMain] o.apache.catalina.core.StandardService   : Stopping service [Tomcat]
2026-04-14T11:21:53.180-04:00  INFO 67941 --- [dsp-demo-project] [restartedMain] .s.b.a.l.ConditionEvaluationReportLogger : 

Error starting ApplicationContext. To display the condition evaluation report re-run your application with 'debug' enabled.
2026-04-14T11:21:53.182-04:00 ERROR 67941 --- [dsp-demo-project] [restartedMain] o.s.boot.SpringApplication               : Application run failed

org.springframework.beans.factory.UnsatisfiedDependencyException: Error creating bean with name 'dashBoardServiceImpl': Unsatisfied dependency expressed through field 'advRepo': Error creating bean with name 'advertiserRepository' defined in repository.com.garygz.dspdemoproject.AdvertiserRepository defined in @EnableJpaRepositories declared on DataJpaRepositoriesRegistrar.EnableJpaRepositoriesConfiguration: No property 'addAdvertiser' found for type 'Advertiser'
	at org.springframework.beans.factory.annotation.AutowiredAnnotationBeanPostProcessor$AutowiredFieldElement.resolveFieldValue(AutowiredAnnotationBeanPostProcessor.java:767) ~[spring-beans-7.0.6.jar:7.0.6]
	at org.springframework.beans.factory.annotation.AutowiredAnnotationBeanPostProcessor$AutowiredFieldElement.inject(AutowiredAnnotationBeanPostProcessor.java:748) ~[spring-beans-7.0.6.jar:7.0.6]
	at org.springframework.beans.factory.annotation.InjectionMetadata.inject(InjectionMetadata.java:146) ~[spring-beans-7.0.6.jar:7.0.6]
	at org.springframework.beans.factory.annotation.AutowiredAnnotationBeanPostProcessor.postProcessProperties(AutowiredAnnotationBeanPostProcessor.java:493) ~[spring-beans-7.0.6.jar:7.0.6]
	at org.springframework.beans.factory.support.AbstractAutowireCapableBeanFactory.populateBean(AbstractAutowireCapableBeanFactory.java:1446) ~[spring-beans-7.0.6.jar:7.0.6]
	at org.springframework.beans.factory.support.AbstractAutowireCapableBeanFactory.doCreateBean(AbstractAutowireCapableBeanFactory.java:602) ~[spring-beans-7.0.6.jar:7.0.6]
	at org.springframework.beans.factory.support.AbstractAutowireCapableBeanFactory.createBean(AbstractAutowireCapableBeanFactory.java:525) ~[spring-beans-7.0.6.jar:7.0.6]
	at org.springframework.beans.factory.support.AbstractBeanFactory.lambda$doGetBean$0(AbstractBeanFactory.java:333) ~[spring-beans-7.0.6.jar:7.0.6]
	at org.springframework.beans.factory.support.DefaultSingletonBeanRegistry.getSingleton(DefaultSingletonBeanRegistry.java:371) ~[spring-beans-7.0.6.jar:7.0.6]
	at org.springframework.beans.factory.support.AbstractBeanFactory.doGetBean(AbstractBeanFactory.java:331) ~[spring-beans-7.0.6.jar:7.0.6]
	at org.springframework.beans.factory.support.AbstractBeanFactory.getBean(AbstractBeanFactory.java:196) ~[spring-beans-7.0.6.jar:7.0.6]
	at org.springframework.beans.factory.support.DefaultListableBeanFactory.instantiateSingleton(DefaultListableBeanFactory.java:1218) ~[spring-beans-7.0.6.jar:7.0.6]
	at org.springframework.beans.factory.support.DefaultListableBeanFactory.preInstantiateSingleton(DefaultListableBeanFactory.java:1184) ~[spring-beans-7.0.6.jar:7.0.6]
	at org.springframework.beans.factory.support.DefaultListableBeanFactory.preInstantiateSingletons(DefaultListableBeanFactory.java:1121) ~[spring-beans-7.0.6.jar:7.0.6]
	at org.springframework.context.support.AbstractApplicationContext.finishBeanFactoryInitialization(AbstractApplicationContext.java:994) ~[spring-context-7.0.6.jar:7.0.6]
	at org.springframework.context.support.AbstractApplicationContext.refresh(AbstractApplicationContext.java:621) ~[spring-context-7.0.6.jar:7.0.6]
	at org.springframework.boot.web.server.servlet.context.ServletWebServerApplicationContext.refresh(ServletWebServerApplicationContext.java:143) ~[spring-boot-web-server-4.0.5.jar:4.0.5]
	at org.springframework.boot.SpringApplication.refresh(SpringApplication.java:756) ~[spring-boot-4.0.5.jar:4.0.5]
	at org.springframework.boot.SpringApplication.refreshContext(SpringApplication.java:445) ~[spring-boot-4.0.5.jar:4.0.5]
	at org.springframework.boot.SpringApplication.run(SpringApplication.java:321) ~[spring-boot-4.0.5.jar:4.0.5]
	at org.springframework.boot.SpringApplication.run(SpringApplication.java:1365) ~[spring-boot-4.0.5.jar:4.0.5]
	at org.springframework.boot.SpringApplication.run(SpringApplication.java:1354) ~[spring-boot-4.0.5.jar:4.0.5]
	at com.garygz.dspdemoproject.DspDemoProjectApplication.main(DspDemoProjectApplication.java:10) ~[main/:na]
	at java.base/jdk.internal.reflect.NativeMethodAccessorImpl.invoke0(Native Method) ~[na:na]
	at java.base/jdk.internal.reflect.NativeMethodAccessorImpl.invoke(NativeMethodAccessorImpl.java:77) ~[na:na]
	at java.base/jdk.internal.reflect.DelegatingMethodAccessorImpl.invoke(DelegatingMethodAccessorImpl.java:43) ~[na:na]
	at java.base/java.lang.reflect.Method.invoke(Method.java:569) ~[na:na]
	at org.springframework.boot.devtools.restart.RestartLauncher.run(RestartLauncher.java:52) ~[spring-boot-devtools-4.0.5.jar:4.0.5]
Caused by: org.springframework.beans.factory.BeanCreationException: Error creating bean with name 'advertiserRepository' defined in repository.com.garygz.dspdemoproject.AdvertiserRepository defined in @EnableJpaRepositories declared on DataJpaRepositoriesRegistrar.EnableJpaRepositoriesConfiguration: No property 'addAdvertiser' found for type 'Advertiser'
	at org.springframework.beans.factory.support.AbstractAutowireCapableBeanFactory.initializeBean(AbstractAutowireCapableBeanFactory.java:1817) ~[spring-beans-7.0.6.jar:7.0.6]
	at org.springframework.beans.factory.support.AbstractAutowireCapableBeanFactory.doCreateBean(AbstractAutowireCapableBeanFactory.java:603) ~[spring-beans-7.0.6.jar:7.0.6]
	at org.springframework.beans.factory.support.AbstractAutowireCapableBeanFactory.createBean(AbstractAutowireCapableBeanFactory.java:525) ~[spring-beans-7.0.6.jar:7.0.6]
	at org.springframework.beans.factory.support.AbstractBeanFactory.lambda$doGetBean$0(AbstractBeanFactory.java:333) ~[spring-beans-7.0.6.jar:7.0.6]
	at org.springframework.beans.factory.support.DefaultSingletonBeanRegistry.getSingleton(DefaultSingletonBeanRegistry.java:371) ~[spring-beans-7.0.6.jar:7.0.6]
	at org.springframework.beans.factory.support.AbstractBeanFactory.doGetBean(AbstractBeanFactory.java:331) ~[spring-beans-7.0.6.jar:7.0.6]
	at org.springframework.beans.factory.support.AbstractBeanFactory.getBean(AbstractBeanFactory.java:201) ~[spring-beans-7.0.6.jar:7.0.6]
	at org.springframework.beans.factory.config.DependencyDescriptor.resolveCandidate(DependencyDescriptor.java:229) ~[spring-beans-7.0.6.jar:7.0.6]
	at org.springframework.beans.factory.support.DefaultListableBeanFactory.doResolveDependency(DefaultListableBeanFactory.java:1762) ~[spring-beans-7.0.6.jar:7.0.6]
	at org.springframework.beans.factory.support.DefaultListableBeanFactory.resolveDependency(DefaultListableBeanFactory.java:1651) ~[spring-beans-7.0.6.jar:7.0.6]
	at org.springframework.beans.factory.annotation.AutowiredAnnotationBeanPostProcessor$AutowiredFieldElement.resolveFieldValue(AutowiredAnnotationBeanPostProcessor.java:764) ~[spring-beans-7.0.6.jar:7.0.6]
	... 27 common frames omitted
Caused by: org.springframework.data.repository.query.QueryCreationException: Cannot create query for method [AdvertiserRepository.addAdvertiser(java.lang.String)]; No property 'addAdvertiser' found for type 'Advertiser'
	at org.springframework.data.repository.query.QueryCreationException.create(QueryCreationException.java:109) ~[spring-data-commons-4.0.4.jar:4.0.4]
	at org.springframework.data.jpa.repository.query.PartTreeJpaQuery.<init>(PartTreeJpaQuery.java:114) ~[spring-data-jpa-4.0.4.jar:4.0.4]
	at org.springframework.data.jpa.repository.query.JpaQueryLookupStrategy$CreateQueryLookupStrategy.resolveQuery(JpaQueryLookupStrategy.java:118) ~[spring-data-jpa-4.0.4.jar:4.0.4]
	at org.springframework.data.jpa.repository.query.JpaQueryLookupStrategy$CreateIfNotFoundQueryLookupStrategy.resolveQuery(JpaQueryLookupStrategy.java:291) ~[spring-data-jpa-4.0.4.jar:4.0.4]
	at org.springframework.data.jpa.repository.query.JpaQueryLookupStrategy$AbstractQueryLookupStrategy.resolveQuery(JpaQueryLookupStrategy.java:93) ~[spring-data-jpa-4.0.4.jar:4.0.4]
	at org.springframework.data.repository.core.support.QueryExecutorMethodInterceptor.lookupQuery(QueryExecutorMethodInterceptor.java:114) ~[spring-data-commons-4.0.4.jar:4.0.4]
	at org.springframework.data.repository.core.support.QueryExecutorMethodInterceptor.mapMethodsToQuery(QueryExecutorMethodInterceptor.java:102) ~[spring-data-commons-4.0.4.jar:4.0.4]
	at org.springframework.data.repository.core.support.QueryExecutorMethodInterceptor.<init>(QueryExecutorMethodInterceptor.java:90) ~[spring-data-commons-4.0.4.jar:4.0.4]
	at org.springframework.data.repository.core.support.RepositoryFactorySupport.getRepository(RepositoryFactorySupport.java:413) ~[spring-data-commons-4.0.4.jar:4.0.4]
	at org.springframework.data.repository.core.support.RepositoryFactoryBeanSupport.lambda$afterPropertiesSet$1(RepositoryFactoryBeanSupport.java:361) ~[spring-data-commons-4.0.4.jar:4.0.4]
	at org.springframework.data.util.Lazy.getNullable(Lazy.java:136) ~[spring-data-commons-4.0.4.jar:4.0.4]
	at org.springframework.data.util.Lazy.get(Lazy.java:114) ~[spring-data-commons-4.0.4.jar:4.0.4]
	at org.springframework.data.repository.core.support.RepositoryFactoryBeanSupport.afterPropertiesSet(RepositoryFactoryBeanSupport.java:370) ~[spring-data-commons-4.0.4.jar:4.0.4]
	at org.springframework.data.jpa.repository.support.JpaRepositoryFactoryBean.afterPropertiesSet(JpaRepositoryFactoryBean.java:212) ~[spring-data-jpa-4.0.4.jar:4.0.4]
	at org.springframework.beans.factory.support.AbstractAutowireCapableBeanFactory.invokeInitMethods(AbstractAutowireCapableBeanFactory.java:1864) ~[spring-beans-7.0.6.jar:7.0.6]
	at org.springframework.beans.factory.support.AbstractAutowireCapableBeanFactory.initializeBean(AbstractAutowireCapableBeanFactory.java:1813) ~[spring-beans-7.0.6.jar:7.0.6]
	... 37 common frames omitted
Caused by: org.springframework.data.core.PropertyReferenceException: No property 'addAdvertiser' found for type 'Advertiser'
	at org.springframework.data.core.SimplePropertyPath.<init>(SimplePropertyPath.java:93) ~[spring-data-commons-4.0.4.jar:4.0.4]
	at org.springframework.data.core.SimplePropertyPath.create(SimplePropertyPath.java:360) ~[spring-data-commons-4.0.4.jar:4.0.4]
	at org.springframework.data.core.SimplePropertyPath.create(SimplePropertyPath.java:335) ~[spring-data-commons-4.0.4.jar:4.0.4]
	at org.springframework.data.core.SimplePropertyPath.lambda$from$0(SimplePropertyPath.java:288) ~[spring-data-commons-4.0.4.jar:4.0.4]
	at org.springframework.util.ConcurrentReferenceHashMap$6.execute(ConcurrentReferenceHashMap.java:387) ~[spring-core-7.0.6.jar:7.0.6]
	at org.springframework.util.ConcurrentReferenceHashMap$Segment.doTask(ConcurrentReferenceHashMap.java:681) ~[spring-core-7.0.6.jar:7.0.6]
	at org.springframework.util.ConcurrentReferenceHashMap.doTask(ConcurrentReferenceHashMap.java:565) ~[spring-core-7.0.6.jar:7.0.6]
	at org.springframework.util.ConcurrentReferenceHashMap.computeIfAbsent(ConcurrentReferenceHashMap.java:381) ~[spring-core-7.0.6.jar:7.0.6]
	at org.springframework.data.core.SimplePropertyPath.from(SimplePropertyPath.java:270) ~[spring-data-commons-4.0.4.jar:4.0.4]
	at org.springframework.data.core.PropertyPath.from(PropertyPath.java:210) ~[spring-data-commons-4.0.4.jar:4.0.4]
	at org.springframework.data.core.PropertyPath.from(PropertyPath.java:193) ~[spring-data-commons-4.0.4.jar:4.0.4]
	at org.springframework.data.repository.query.parser.Part.<init>(Part.java:81) ~[spring-data-commons-4.0.4.jar:4.0.4]
	at org.springframework.data.repository.query.parser.PartTree$OrPart.lambda$new$0(PartTree.java:260) ~[spring-data-commons-4.0.4.jar:4.0.4]
	at java.base/java.util.stream.ReferencePipeline$3$1.accept(ReferencePipeline.java:197) ~[na:na]
	at java.base/java.util.stream.ReferencePipeline$2$1.accept(ReferencePipeline.java:179) ~[na:na]
	at java.base/java.util.Spliterators$ArraySpliterator.forEachRemaining(Spliterators.java:992) ~[na:na]
	at java.base/java.util.stream.AbstractPipeline.copyInto(AbstractPipeline.java:509) ~[na:na]
	at java.base/java.util.stream.AbstractPipeline.wrapAndCopyInto(AbstractPipeline.java:499) ~[na:na]
	at java.base/java.util.stream.ReduceOps$ReduceOp.evaluateSequential(ReduceOps.java:921) ~[na:na]
	at java.base/java.util.stream.AbstractPipeline.evaluate(AbstractPipeline.java:234) ~[na:na]
	at java.base/java.util.stream.ReferencePipeline.collect(ReferencePipeline.java:682) ~[na:na]
	at org.springframework.data.repository.query.parser.PartTree$OrPart.<init>(PartTree.java:261) ~[spring-data-commons-4.0.4.jar:4.0.4]
	at org.springframework.data.repository.query.parser.PartTree$Predicate.lambda$new$0(PartTree.java:390) ~[spring-data-commons-4.0.4.jar:4.0.4]
	at java.base/java.util.stream.ReferencePipeline$3$1.accept(ReferencePipeline.java:197) ~[na:na]
	at java.base/java.util.stream.ReferencePipeline$2$1.accept(ReferencePipeline.java:179) ~[na:na]
	at java.base/java.util.Spliterators$ArraySpliterator.forEachRemaining(Spliterators.java:992) ~[na:na]
	at java.base/java.util.stream.AbstractPipeline.copyInto(AbstractPipeline.java:509) ~[na:na]
	at java.base/java.util.stream.AbstractPipeline.wrapAndCopyInto(AbstractPipeline.java:499) ~[na:na]
	at java.base/java.util.stream.ReduceOps$ReduceOp.evaluateSequential(ReduceOps.java:921) ~[na:na]
	at java.base/java.util.stream.AbstractPipeline.evaluate(AbstractPipeline.java:234) ~[na:na]
	at java.base/java.util.stream.ReferencePipeline.collect(ReferencePipeline.java:682) ~[na:na]
	at org.springframework.data.repository.query.parser.PartTree$Predicate.<init>(PartTree.java:391) ~[spring-data-commons-4.0.4.jar:4.0.4]
	at org.springframework.data.repository.query.parser.PartTree.<init>(PartTree.java:101) ~[spring-data-commons-4.0.4.jar:4.0.4]
	at org.springframework.data.jpa.repository.query.PartTreeJpaQuery.<init>(PartTreeJpaQuery.java:108) ~[spring-data-jpa-4.0.4.jar:4.0.4]
	... 51 common frames omitted

2026-04-14T11:22:29.315-04:00  INFO 67941 --- [dsp-demo-project] [restartedMain] c.e.d.DspDemoProjectApplication          : Starting DspDemoProjectApplication using Java 17.0.18 with PID 67941 (/Users/garygz/IdeaProjects/dsp-demo-project/build/classes/java/main started by garygz in /Users/garygz/IdeaProjects/dsp-demo-project)
2026-04-14T11:22:29.316-04:00 DEBUG 67941 --- [dsp-demo-project] [restartedMain] c.e.d.DspDemoProjectApplication          : Running with Spring Boot v4.0.5, Spring v7.0.6
2026-04-14T11:22:29.316-04:00  INFO 67941 --- [dsp-demo-project] [restartedMain] c.e.d.DspDemoProjectApplication          : No active profile set, falling back to 1 default profile: "default"
2026-04-14T11:22:29.362-04:00  INFO 67941 --- [dsp-demo-project] [restartedMain] .s.d.r.c.RepositoryConfigurationDelegate : Bootstrapping Spring Data JPA repositories in DEFAULT mode.
2026-04-14T11:22:29.365-04:00  INFO 67941 --- [dsp-demo-project] [restartedMain] .s.d.r.c.RepositoryConfigurationDelegate : Finished Spring Data repository scanning in 2 ms. Found 2 JPA repository interfaces.
2026-04-14T11:22:29.396-04:00  INFO 67941 --- [dsp-demo-project] [restartedMain] o.s.boot.tomcat.TomcatWebServer          : Tomcat initialized with port 8080 (http)
2026-04-14T11:22:29.396-04:00  INFO 67941 --- [dsp-demo-project] [restartedMain] o.apache.catalina.core.StandardService   : Starting service [Tomcat]
2026-04-14T11:22:29.396-04:00  INFO 67941 --- [dsp-demo-project] [restartedMain] o.apache.catalina.core.StandardEngine    : Starting Servlet engine: [Apache Tomcat/11.0.20]
2026-04-14T11:22:29.400-04:00  INFO 67941 --- [dsp-demo-project] [restartedMain] b.w.c.s.WebApplicationContextInitializer : Root WebApplicationContext: initialization completed in 83 ms
2026-04-14T11:22:29.412-04:00  INFO 67941 --- [dsp-demo-project] [restartedMain] org.hibernate.orm.jpa                    : HHH008540: Processing PersistenceUnitInfo [name: default]
2026-04-14T11:22:29.421-04:00  INFO 67941 --- [dsp-demo-project] [restartedMain] o.s.o.j.p.SpringPersistenceUnitInfo      : No LoadTimeWeaver setup: ignoring JPA class transformer
2026-04-14T11:22:29.421-04:00  INFO 67941 --- [dsp-demo-project] [restartedMain] com.zaxxer.hikari.HikariDataSource       : HikariPool-10 - Starting...
2026-04-14T11:22:29.799-04:00  INFO 67941 --- [dsp-demo-project] [restartedMain] com.zaxxer.hikari.pool.HikariPool        : HikariPool-10 - Added connection org.postgresql.jdbc.PgConnection@2c2799ea
2026-04-14T11:22:29.799-04:00  INFO 67941 --- [dsp-demo-project] [restartedMain] com.zaxxer.hikari.HikariDataSource       : HikariPool-10 - Start completed.
2026-04-14T11:22:29.838-04:00  WARN 67941 --- [dsp-demo-project] [restartedMain] org.hibernate.orm.deprecation            : HHH90000025: PostgreSQLDialect does not need to be specified explicitly using 'hibernate.dialect' (remove the property setting and it will be selected by default)
2026-04-14T11:22:29.979-04:00  INFO 67941 --- [dsp-demo-project] [restartedMain] org.hibernate.orm.connections.pooling    : HHH10001005: Database info:
	Database JDBC URL [jdbc:postgresql://dsp-demo-1.cwomfw6wy9rv.us-east-1.rds.amazonaws.com:5432/postgres?sslmode=verify-full&sslrootcert=./global-bundle.pem]
	Database driver: PostgreSQL JDBC Driver
	Database dialect: PostgreSQLDialect
	Database version: 17.6
	Default catalog/schema: postgres/public
	Autocommit mode: undefined/unknown
	Isolation level: READ_COMMITTED [default READ_COMMITTED]
	JDBC fetch size: none
	Pool: DataSourceConnectionProvider
	Minimum pool size: undefined/unknown
	Maximum pool size: undefined/unknown
2026-04-14T11:22:30.012-04:00  INFO 67941 --- [dsp-demo-project] [restartedMain] org.hibernate.orm.core                   : HHH000489: No JTA platform available (set 'hibernate.transaction.jta.platform' to enable JTA platform integration)
2026-04-14T11:22:30.281-04:00  INFO 67941 --- [dsp-demo-project] [restartedMain] j.LocalContainerEntityManagerFactoryBean : Initialized JPA EntityManagerFactory for persistence unit 'default'
2026-04-14T11:22:30.307-04:00  WARN 67941 --- [dsp-demo-project] [restartedMain] ConfigServletWebServerApplicationContext : Exception encountered during context initialization - cancelling refresh attempt: org.springframework.beans.factory.UnsatisfiedDependencyException: Error creating bean with name 'dashBoardServiceImpl': Unsatisfied dependency expressed through field 'advRepo': Error creating bean with name 'advertiserRepository' defined in repository.com.garygz.dspdemoproject.AdvertiserRepository defined in @EnableJpaRepositories declared on DataJpaRepositoriesRegistrar.EnableJpaRepositoriesConfiguration: No property 'addAdvertiser' found for type 'Advertiser'
2026-04-14T11:22:30.307-04:00  INFO 67941 --- [dsp-demo-project] [restartedMain] j.LocalContainerEntityManagerFactoryBean : Closing JPA EntityManagerFactory for persistence unit 'default'
2026-04-14T11:22:30.307-04:00  INFO 67941 --- [dsp-demo-project] [restartedMain] com.zaxxer.hikari.HikariDataSource       : HikariPool-10 - Shutdown initiated...
2026-04-14T11:22:30.517-04:00  INFO 67941 --- [dsp-demo-project] [restartedMain] com.zaxxer.hikari.HikariDataSource       : HikariPool-10 - Shutdown completed.
2026-04-14T11:22:30.517-04:00  INFO 67941 --- [dsp-demo-project] [restartedMain] o.apache.catalina.core.StandardService   : Stopping service [Tomcat]
2026-04-14T11:22:30.521-04:00  INFO 67941 --- [dsp-demo-project] [restartedMain] .s.b.a.l.ConditionEvaluationReportLogger : 

Error starting ApplicationContext. To display the condition evaluation report re-run your application with 'debug' enabled.
2026-04-14T11:22:30.523-04:00 ERROR 67941 --- [dsp-demo-project] [restartedMain] o.s.boot.SpringApplication               : Application run failed

org.springframework.beans.factory.UnsatisfiedDependencyException: Error creating bean with name 'dashBoardServiceImpl': Unsatisfied dependency expressed through field 'advRepo': Error creating bean with name 'advertiserRepository' defined in repository.com.garygz.dspdemoproject.AdvertiserRepository defined in @EnableJpaRepositories declared on DataJpaRepositoriesRegistrar.EnableJpaRepositoriesConfiguration: No property 'addAdvertiser' found for type 'Advertiser'
	at org.springframework.beans.factory.annotation.AutowiredAnnotationBeanPostProcessor$AutowiredFieldElement.resolveFieldValue(AutowiredAnnotationBeanPostProcessor.java:767) ~[spring-beans-7.0.6.jar:7.0.6]
	at org.springframework.beans.factory.annotation.AutowiredAnnotationBeanPostProcessor$AutowiredFieldElement.inject(AutowiredAnnotationBeanPostProcessor.java:748) ~[spring-beans-7.0.6.jar:7.0.6]
	at org.springframework.beans.factory.annotation.InjectionMetadata.inject(InjectionMetadata.java:146) ~[spring-beans-7.0.6.jar:7.0.6]
	at org.springframework.beans.factory.annotation.AutowiredAnnotationBeanPostProcessor.postProcessProperties(AutowiredAnnotationBeanPostProcessor.java:493) ~[spring-beans-7.0.6.jar:7.0.6]
	at org.springframework.beans.factory.support.AbstractAutowireCapableBeanFactory.populateBean(AbstractAutowireCapableBeanFactory.java:1446) ~[spring-beans-7.0.6.jar:7.0.6]
	at org.springframework.beans.factory.support.AbstractAutowireCapableBeanFactory.doCreateBean(AbstractAutowireCapableBeanFactory.java:602) ~[spring-beans-7.0.6.jar:7.0.6]
	at org.springframework.beans.factory.support.AbstractAutowireCapableBeanFactory.createBean(AbstractAutowireCapableBeanFactory.java:525) ~[spring-beans-7.0.6.jar:7.0.6]
	at org.springframework.beans.factory.support.AbstractBeanFactory.lambda$doGetBean$0(AbstractBeanFactory.java:333) ~[spring-beans-7.0.6.jar:7.0.6]
	at org.springframework.beans.factory.support.DefaultSingletonBeanRegistry.getSingleton(DefaultSingletonBeanRegistry.java:371) ~[spring-beans-7.0.6.jar:7.0.6]
	at org.springframework.beans.factory.support.AbstractBeanFactory.doGetBean(AbstractBeanFactory.java:331) ~[spring-beans-7.0.6.jar:7.0.6]
	at org.springframework.beans.factory.support.AbstractBeanFactory.getBean(AbstractBeanFactory.java:196) ~[spring-beans-7.0.6.jar:7.0.6]
	at org.springframework.beans.factory.support.DefaultListableBeanFactory.instantiateSingleton(DefaultListableBeanFactory.java:1218) ~[spring-beans-7.0.6.jar:7.0.6]
	at org.springframework.beans.factory.support.DefaultListableBeanFactory.preInstantiateSingleton(DefaultListableBeanFactory.java:1184) ~[spring-beans-7.0.6.jar:7.0.6]
	at org.springframework.beans.factory.support.DefaultListableBeanFactory.preInstantiateSingletons(DefaultListableBeanFactory.java:1121) ~[spring-beans-7.0.6.jar:7.0.6]
	at org.springframework.context.support.AbstractApplicationContext.finishBeanFactoryInitialization(AbstractApplicationContext.java:994) ~[spring-context-7.0.6.jar:7.0.6]
	at org.springframework.context.support.AbstractApplicationContext.refresh(AbstractApplicationContext.java:621) ~[spring-context-7.0.6.jar:7.0.6]
	at org.springframework.boot.web.server.servlet.context.ServletWebServerApplicationContext.refresh(ServletWebServerApplicationContext.java:143) ~[spring-boot-web-server-4.0.5.jar:4.0.5]
	at org.springframework.boot.SpringApplication.refresh(SpringApplication.java:756) ~[spring-boot-4.0.5.jar:4.0.5]
	at org.springframework.boot.SpringApplication.refreshContext(SpringApplication.java:445) ~[spring-boot-4.0.5.jar:4.0.5]
	at org.springframework.boot.SpringApplication.run(SpringApplication.java:321) ~[spring-boot-4.0.5.jar:4.0.5]
	at org.springframework.boot.SpringApplication.run(SpringApplication.java:1365) ~[spring-boot-4.0.5.jar:4.0.5]
	at org.springframework.boot.SpringApplication.run(SpringApplication.java:1354) ~[spring-boot-4.0.5.jar:4.0.5]
	at com.garygz.dspdemoproject.DspDemoProjectApplication.main(DspDemoProjectApplication.java:10) ~[main/:na]
	at java.base/jdk.internal.reflect.NativeMethodAccessorImpl.invoke0(Native Method) ~[na:na]
	at java.base/jdk.internal.reflect.NativeMethodAccessorImpl.invoke(NativeMethodAccessorImpl.java:77) ~[na:na]
	at java.base/jdk.internal.reflect.DelegatingMethodAccessorImpl.invoke(DelegatingMethodAccessorImpl.java:43) ~[na:na]
	at java.base/java.lang.reflect.Method.invoke(Method.java:569) ~[na:na]
	at org.springframework.boot.devtools.restart.RestartLauncher.run(RestartLauncher.java:52) ~[spring-boot-devtools-4.0.5.jar:4.0.5]
Caused by: org.springframework.beans.factory.BeanCreationException: Error creating bean with name 'advertiserRepository' defined in repository.com.garygz.dspdemoproject.AdvertiserRepository defined in @EnableJpaRepositories declared on DataJpaRepositoriesRegistrar.EnableJpaRepositoriesConfiguration: No property 'addAdvertiser' found for type 'Advertiser'
	at org.springframework.beans.factory.support.AbstractAutowireCapableBeanFactory.initializeBean(AbstractAutowireCapableBeanFactory.java:1817) ~[spring-beans-7.0.6.jar:7.0.6]
	at org.springframework.beans.factory.support.AbstractAutowireCapableBeanFactory.doCreateBean(AbstractAutowireCapableBeanFactory.java:603) ~[spring-beans-7.0.6.jar:7.0.6]
	at org.springframework.beans.factory.support.AbstractAutowireCapableBeanFactory.createBean(AbstractAutowireCapableBeanFactory.java:525) ~[spring-beans-7.0.6.jar:7.0.6]
	at org.springframework.beans.factory.support.AbstractBeanFactory.lambda$doGetBean$0(AbstractBeanFactory.java:333) ~[spring-beans-7.0.6.jar:7.0.6]
	at org.springframework.beans.factory.support.DefaultSingletonBeanRegistry.getSingleton(DefaultSingletonBeanRegistry.java:371) ~[spring-beans-7.0.6.jar:7.0.6]
	at org.springframework.beans.factory.support.AbstractBeanFactory.doGetBean(AbstractBeanFactory.java:331) ~[spring-beans-7.0.6.jar:7.0.6]
	at org.springframework.beans.factory.support.AbstractBeanFactory.getBean(AbstractBeanFactory.java:201) ~[spring-beans-7.0.6.jar:7.0.6]
	at org.springframework.beans.factory.config.DependencyDescriptor.resolveCandidate(DependencyDescriptor.java:229) ~[spring-beans-7.0.6.jar:7.0.6]
	at org.springframework.beans.factory.support.DefaultListableBeanFactory.doResolveDependency(DefaultListableBeanFactory.java:1762) ~[spring-beans-7.0.6.jar:7.0.6]
	at org.springframework.beans.factory.support.DefaultListableBeanFactory.resolveDependency(DefaultListableBeanFactory.java:1651) ~[spring-beans-7.0.6.jar:7.0.6]
	at org.springframework.beans.factory.annotation.AutowiredAnnotationBeanPostProcessor$AutowiredFieldElement.resolveFieldValue(AutowiredAnnotationBeanPostProcessor.java:764) ~[spring-beans-7.0.6.jar:7.0.6]
	... 27 common frames omitted
Caused by: org.springframework.data.repository.query.QueryCreationException: Cannot create query for method [AdvertiserRepository.addAdvertiser(java.lang.String,java.util.UUID)]; No property 'addAdvertiser' found for type 'Advertiser'
	at org.springframework.data.repository.query.QueryCreationException.create(QueryCreationException.java:109) ~[spring-data-commons-4.0.4.jar:4.0.4]
	at org.springframework.data.jpa.repository.query.PartTreeJpaQuery.<init>(PartTreeJpaQuery.java:114) ~[spring-data-jpa-4.0.4.jar:4.0.4]
	at org.springframework.data.jpa.repository.query.JpaQueryLookupStrategy$CreateQueryLookupStrategy.resolveQuery(JpaQueryLookupStrategy.java:118) ~[spring-data-jpa-4.0.4.jar:4.0.4]
	at org.springframework.data.jpa.repository.query.JpaQueryLookupStrategy$CreateIfNotFoundQueryLookupStrategy.resolveQuery(JpaQueryLookupStrategy.java:291) ~[spring-data-jpa-4.0.4.jar:4.0.4]
	at org.springframework.data.jpa.repository.query.JpaQueryLookupStrategy$AbstractQueryLookupStrategy.resolveQuery(JpaQueryLookupStrategy.java:93) ~[spring-data-jpa-4.0.4.jar:4.0.4]
	at org.springframework.data.repository.core.support.QueryExecutorMethodInterceptor.lookupQuery(QueryExecutorMethodInterceptor.java:114) ~[spring-data-commons-4.0.4.jar:4.0.4]
	at org.springframework.data.repository.core.support.QueryExecutorMethodInterceptor.mapMethodsToQuery(QueryExecutorMethodInterceptor.java:102) ~[spring-data-commons-4.0.4.jar:4.0.4]
	at org.springframework.data.repository.core.support.QueryExecutorMethodInterceptor.<init>(QueryExecutorMethodInterceptor.java:90) ~[spring-data-commons-4.0.4.jar:4.0.4]
	at org.springframework.data.repository.core.support.RepositoryFactorySupport.getRepository(RepositoryFactorySupport.java:413) ~[spring-data-commons-4.0.4.jar:4.0.4]
	at org.springframework.data.repository.core.support.RepositoryFactoryBeanSupport.lambda$afterPropertiesSet$1(RepositoryFactoryBeanSupport.java:361) ~[spring-data-commons-4.0.4.jar:4.0.4]
	at org.springframework.data.util.Lazy.getNullable(Lazy.java:136) ~[spring-data-commons-4.0.4.jar:4.0.4]
	at org.springframework.data.util.Lazy.get(Lazy.java:114) ~[spring-data-commons-4.0.4.jar:4.0.4]
	at org.springframework.data.repository.core.support.RepositoryFactoryBeanSupport.afterPropertiesSet(RepositoryFactoryBeanSupport.java:370) ~[spring-data-commons-4.0.4.jar:4.0.4]
	at org.springframework.data.jpa.repository.support.JpaRepositoryFactoryBean.afterPropertiesSet(JpaRepositoryFactoryBean.java:212) ~[spring-data-jpa-4.0.4.jar:4.0.4]
	at org.springframework.beans.factory.support.AbstractAutowireCapableBeanFactory.invokeInitMethods(AbstractAutowireCapableBeanFactory.java:1864) ~[spring-beans-7.0.6.jar:7.0.6]
	at org.springframework.beans.factory.support.AbstractAutowireCapableBeanFactory.initializeBean(AbstractAutowireCapableBeanFactory.java:1813) ~[spring-beans-7.0.6.jar:7.0.6]
	... 37 common frames omitted
Caused by: org.springframework.data.core.PropertyReferenceException: No property 'addAdvertiser' found for type 'Advertiser'
	at org.springframework.data.core.SimplePropertyPath.<init>(SimplePropertyPath.java:93) ~[spring-data-commons-4.0.4.jar:4.0.4]
	at org.springframework.data.core.SimplePropertyPath.create(SimplePropertyPath.java:360) ~[spring-data-commons-4.0.4.jar:4.0.4]
	at org.springframework.data.core.SimplePropertyPath.create(SimplePropertyPath.java:335) ~[spring-data-commons-4.0.4.jar:4.0.4]
	at org.springframework.data.core.SimplePropertyPath.lambda$from$0(SimplePropertyPath.java:288) ~[spring-data-commons-4.0.4.jar:4.0.4]
	at org.springframework.util.ConcurrentReferenceHashMap$6.execute(ConcurrentReferenceHashMap.java:387) ~[spring-core-7.0.6.jar:7.0.6]
	at org.springframework.util.ConcurrentReferenceHashMap$Segment.doTask(ConcurrentReferenceHashMap.java:681) ~[spring-core-7.0.6.jar:7.0.6]
	at org.springframework.util.ConcurrentReferenceHashMap.doTask(ConcurrentReferenceHashMap.java:565) ~[spring-core-7.0.6.jar:7.0.6]
	at org.springframework.util.ConcurrentReferenceHashMap.computeIfAbsent(ConcurrentReferenceHashMap.java:381) ~[spring-core-7.0.6.jar:7.0.6]
	at org.springframework.data.core.SimplePropertyPath.from(SimplePropertyPath.java:270) ~[spring-data-commons-4.0.4.jar:4.0.4]
	at org.springframework.data.core.PropertyPath.from(PropertyPath.java:210) ~[spring-data-commons-4.0.4.jar:4.0.4]
	at org.springframework.data.core.PropertyPath.from(PropertyPath.java:193) ~[spring-data-commons-4.0.4.jar:4.0.4]
	at org.springframework.data.repository.query.parser.Part.<init>(Part.java:81) ~[spring-data-commons-4.0.4.jar:4.0.4]
	at org.springframework.data.repository.query.parser.PartTree$OrPart.lambda$new$0(PartTree.java:260) ~[spring-data-commons-4.0.4.jar:4.0.4]
	at java.base/java.util.stream.ReferencePipeline$3$1.accept(ReferencePipeline.java:197) ~[na:na]
	at java.base/java.util.stream.ReferencePipeline$2$1.accept(ReferencePipeline.java:179) ~[na:na]
	at java.base/java.util.Spliterators$ArraySpliterator.forEachRemaining(Spliterators.java:992) ~[na:na]
	at java.base/java.util.stream.AbstractPipeline.copyInto(AbstractPipeline.java:509) ~[na:na]
	at java.base/java.util.stream.AbstractPipeline.wrapAndCopyInto(AbstractPipeline.java:499) ~[na:na]
	at java.base/java.util.stream.ReduceOps$ReduceOp.evaluateSequential(ReduceOps.java:921) ~[na:na]
	at java.base/java.util.stream.AbstractPipeline.evaluate(AbstractPipeline.java:234) ~[na:na]
	at java.base/java.util.stream.ReferencePipeline.collect(ReferencePipeline.java:682) ~[na:na]
	at org.springframework.data.repository.query.parser.PartTree$OrPart.<init>(PartTree.java:261) ~[spring-data-commons-4.0.4.jar:4.0.4]
	at org.springframework.data.repository.query.parser.PartTree$Predicate.lambda$new$0(PartTree.java:390) ~[spring-data-commons-4.0.4.jar:4.0.4]
	at java.base/java.util.stream.ReferencePipeline$3$1.accept(ReferencePipeline.java:197) ~[na:na]
	at java.base/java.util.stream.ReferencePipeline$2$1.accept(ReferencePipeline.java:179) ~[na:na]
	at java.base/java.util.Spliterators$ArraySpliterator.forEachRemaining(Spliterators.java:992) ~[na:na]
	at java.base/java.util.stream.AbstractPipeline.copyInto(AbstractPipeline.java:509) ~[na:na]
	at java.base/java.util.stream.AbstractPipeline.wrapAndCopyInto(AbstractPipeline.java:499) ~[na:na]
	at java.base/java.util.stream.ReduceOps$ReduceOp.evaluateSequential(ReduceOps.java:921) ~[na:na]
	at java.base/java.util.stream.AbstractPipeline.evaluate(AbstractPipeline.java:234) ~[na:na]
	at java.base/java.util.stream.ReferencePipeline.collect(ReferencePipeline.java:682) ~[na:na]
	at org.springframework.data.repository.query.parser.PartTree$Predicate.<init>(PartTree.java:391) ~[spring-data-commons-4.0.4.jar:4.0.4]
	at org.springframework.data.repository.query.parser.PartTree.<init>(PartTree.java:101) ~[spring-data-commons-4.0.4.jar:4.0.4]
	at org.springframework.data.jpa.repository.query.PartTreeJpaQuery.<init>(PartTreeJpaQuery.java:108) ~[spring-data-jpa-4.0.4.jar:4.0.4]
	... 51 common frames omitted

2026-04-14T11:35:30.433-04:00  INFO 67941 --- [dsp-demo-project] [restartedMain] c.e.d.DspDemoProjectApplication          : Starting DspDemoProjectApplication using Java 17.0.18 with PID 67941 (/Users/garygz/IdeaProjects/dsp-demo-project/build/classes/java/main started by garygz in /Users/garygz/IdeaProjects/dsp-demo-project)
2026-04-14T11:35:30.433-04:00 DEBUG 67941 --- [dsp-demo-project] [restartedMain] c.e.d.DspDemoProjectApplication          : Running with Spring Boot v4.0.5, Spring v7.0.6
2026-04-14T11:35:30.433-04:00  INFO 67941 --- [dsp-demo-project] [restartedMain] c.e.d.DspDemoProjectApplication          : No active profile set, falling back to 1 default profile: "default"
2026-04-14T11:35:30.484-04:00  INFO 67941 --- [dsp-demo-project] [restartedMain] .s.d.r.c.RepositoryConfigurationDelegate : Bootstrapping Spring Data JPA repositories in DEFAULT mode.
2026-04-14T11:35:30.487-04:00  INFO 67941 --- [dsp-demo-project] [restartedMain] .s.d.r.c.RepositoryConfigurationDelegate : Finished Spring Data repository scanning in 3 ms. Found 2 JPA repository interfaces.
2026-04-14T11:35:30.518-04:00  INFO 67941 --- [dsp-demo-project] [restartedMain] o.s.boot.tomcat.TomcatWebServer          : Tomcat initialized with port 8080 (http)
2026-04-14T11:35:30.518-04:00  INFO 67941 --- [dsp-demo-project] [restartedMain] o.apache.catalina.core.StandardService   : Starting service [Tomcat]
2026-04-14T11:35:30.518-04:00  INFO 67941 --- [dsp-demo-project] [restartedMain] o.apache.catalina.core.StandardEngine    : Starting Servlet engine: [Apache Tomcat/11.0.20]
2026-04-14T11:35:30.523-04:00  INFO 67941 --- [dsp-demo-project] [restartedMain] b.w.c.s.WebApplicationContextInitializer : Root WebApplicationContext: initialization completed in 88 ms
2026-04-14T11:35:30.535-04:00  INFO 67941 --- [dsp-demo-project] [restartedMain] org.hibernate.orm.jpa                    : HHH008540: Processing PersistenceUnitInfo [name: default]
2026-04-14T11:35:30.545-04:00  INFO 67941 --- [dsp-demo-project] [restartedMain] o.s.o.j.p.SpringPersistenceUnitInfo      : No LoadTimeWeaver setup: ignoring JPA class transformer
2026-04-14T11:35:30.546-04:00  INFO 67941 --- [dsp-demo-project] [restartedMain] com.zaxxer.hikari.HikariDataSource       : HikariPool-11 - Starting...
2026-04-14T11:35:30.909-04:00  INFO 67941 --- [dsp-demo-project] [restartedMain] com.zaxxer.hikari.pool.HikariPool        : HikariPool-11 - Added connection org.postgresql.jdbc.PgConnection@26d458f1
2026-04-14T11:35:30.910-04:00  INFO 67941 --- [dsp-demo-project] [restartedMain] com.zaxxer.hikari.HikariDataSource       : HikariPool-11 - Start completed.
2026-04-14T11:35:30.949-04:00  WARN 67941 --- [dsp-demo-project] [restartedMain] org.hibernate.orm.deprecation            : HHH90000025: PostgreSQLDialect does not need to be specified explicitly using 'hibernate.dialect' (remove the property setting and it will be selected by default)
2026-04-14T11:35:31.072-04:00  INFO 67941 --- [dsp-demo-project] [restartedMain] org.hibernate.orm.connections.pooling    : HHH10001005: Database info:
	Database JDBC URL [jdbc:postgresql://dsp-demo-1.cwomfw6wy9rv.us-east-1.rds.amazonaws.com:5432/postgres?sslmode=verify-full&sslrootcert=./global-bundle.pem]
	Database driver: PostgreSQL JDBC Driver
	Database dialect: PostgreSQLDialect
	Database version: 17.6
	Default catalog/schema: postgres/public
	Autocommit mode: undefined/unknown
	Isolation level: READ_COMMITTED [default READ_COMMITTED]
	JDBC fetch size: none
	Pool: DataSourceConnectionProvider
	Minimum pool size: undefined/unknown
	Maximum pool size: undefined/unknown
2026-04-14T11:35:31.108-04:00  INFO 67941 --- [dsp-demo-project] [restartedMain] org.hibernate.orm.core                   : HHH000489: No JTA platform available (set 'hibernate.transaction.jta.platform' to enable JTA platform integration)
2026-04-14T11:35:31.343-04:00  INFO 67941 --- [dsp-demo-project] [restartedMain] j.LocalContainerEntityManagerFactoryBean : Initialized JPA EntityManagerFactory for persistence unit 'default'
2026-04-14T11:35:31.360-04:00  WARN 67941 --- [dsp-demo-project] [restartedMain] ConfigServletWebServerApplicationContext : Exception encountered during context initialization - cancelling refresh attempt: org.springframework.beans.factory.UnsatisfiedDependencyException: Error creating bean with name 'dashBoardServiceImpl': Unsatisfied dependency expressed through field 'advRepo': Error creating bean with name 'advertiserRepository' defined in repository.com.garygz.dspdemoproject.AdvertiserRepository defined in @EnableJpaRepositories declared on DataJpaRepositoriesRegistrar.EnableJpaRepositoriesConfiguration: No property 'addAdvertiser' found for type 'Advertiser'
2026-04-14T11:35:31.360-04:00  INFO 67941 --- [dsp-demo-project] [restartedMain] j.LocalContainerEntityManagerFactoryBean : Closing JPA EntityManagerFactory for persistence unit 'default'
2026-04-14T11:35:31.360-04:00  INFO 67941 --- [dsp-demo-project] [restartedMain] com.zaxxer.hikari.HikariDataSource       : HikariPool-11 - Shutdown initiated...
2026-04-14T11:35:31.638-04:00  INFO 67941 --- [dsp-demo-project] [restartedMain] com.zaxxer.hikari.HikariDataSource       : HikariPool-11 - Shutdown completed.
2026-04-14T11:35:31.638-04:00  INFO 67941 --- [dsp-demo-project] [restartedMain] o.apache.catalina.core.StandardService   : Stopping service [Tomcat]
2026-04-14T11:35:31.642-04:00  INFO 67941 --- [dsp-demo-project] [restartedMain] .s.b.a.l.ConditionEvaluationReportLogger : 

Error starting ApplicationContext. To display the condition evaluation report re-run your application with 'debug' enabled.
2026-04-14T11:35:31.644-04:00 ERROR 67941 --- [dsp-demo-project] [restartedMain] o.s.boot.SpringApplication               : Application run failed

org.springframework.beans.factory.UnsatisfiedDependencyException: Error creating bean with name 'dashBoardServiceImpl': Unsatisfied dependency expressed through field 'advRepo': Error creating bean with name 'advertiserRepository' defined in repository.com.garygz.dspdemoproject.AdvertiserRepository defined in @EnableJpaRepositories declared on DataJpaRepositoriesRegistrar.EnableJpaRepositoriesConfiguration: No property 'addAdvertiser' found for type 'Advertiser'
	at org.springframework.beans.factory.annotation.AutowiredAnnotationBeanPostProcessor$AutowiredFieldElement.resolveFieldValue(AutowiredAnnotationBeanPostProcessor.java:767) ~[spring-beans-7.0.6.jar:7.0.6]
	at org.springframework.beans.factory.annotation.AutowiredAnnotationBeanPostProcessor$AutowiredFieldElement.inject(AutowiredAnnotationBeanPostProcessor.java:748) ~[spring-beans-7.0.6.jar:7.0.6]
	at org.springframework.beans.factory.annotation.InjectionMetadata.inject(InjectionMetadata.java:146) ~[spring-beans-7.0.6.jar:7.0.6]
	at org.springframework.beans.factory.annotation.AutowiredAnnotationBeanPostProcessor.postProcessProperties(AutowiredAnnotationBeanPostProcessor.java:493) ~[spring-beans-7.0.6.jar:7.0.6]
	at org.springframework.beans.factory.support.AbstractAutowireCapableBeanFactory.populateBean(AbstractAutowireCapableBeanFactory.java:1446) ~[spring-beans-7.0.6.jar:7.0.6]
	at org.springframework.beans.factory.support.AbstractAutowireCapableBeanFactory.doCreateBean(AbstractAutowireCapableBeanFactory.java:602) ~[spring-beans-7.0.6.jar:7.0.6]
	at org.springframework.beans.factory.support.AbstractAutowireCapableBeanFactory.createBean(AbstractAutowireCapableBeanFactory.java:525) ~[spring-beans-7.0.6.jar:7.0.6]
	at org.springframework.beans.factory.support.AbstractBeanFactory.lambda$doGetBean$0(AbstractBeanFactory.java:333) ~[spring-beans-7.0.6.jar:7.0.6]
	at org.springframework.beans.factory.support.DefaultSingletonBeanRegistry.getSingleton(DefaultSingletonBeanRegistry.java:371) ~[spring-beans-7.0.6.jar:7.0.6]
	at org.springframework.beans.factory.support.AbstractBeanFactory.doGetBean(AbstractBeanFactory.java:331) ~[spring-beans-7.0.6.jar:7.0.6]
	at org.springframework.beans.factory.support.AbstractBeanFactory.getBean(AbstractBeanFactory.java:196) ~[spring-beans-7.0.6.jar:7.0.6]
	at org.springframework.beans.factory.support.DefaultListableBeanFactory.instantiateSingleton(DefaultListableBeanFactory.java:1218) ~[spring-beans-7.0.6.jar:7.0.6]
	at org.springframework.beans.factory.support.DefaultListableBeanFactory.preInstantiateSingleton(DefaultListableBeanFactory.java:1184) ~[spring-beans-7.0.6.jar:7.0.6]
	at org.springframework.beans.factory.support.DefaultListableBeanFactory.preInstantiateSingletons(DefaultListableBeanFactory.java:1121) ~[spring-beans-7.0.6.jar:7.0.6]
	at org.springframework.context.support.AbstractApplicationContext.finishBeanFactoryInitialization(AbstractApplicationContext.java:994) ~[spring-context-7.0.6.jar:7.0.6]
	at org.springframework.context.support.AbstractApplicationContext.refresh(AbstractApplicationContext.java:621) ~[spring-context-7.0.6.jar:7.0.6]
	at org.springframework.boot.web.server.servlet.context.ServletWebServerApplicationContext.refresh(ServletWebServerApplicationContext.java:143) ~[spring-boot-web-server-4.0.5.jar:4.0.5]
	at org.springframework.boot.SpringApplication.refresh(SpringApplication.java:756) ~[spring-boot-4.0.5.jar:4.0.5]
	at org.springframework.boot.SpringApplication.refreshContext(SpringApplication.java:445) ~[spring-boot-4.0.5.jar:4.0.5]
	at org.springframework.boot.SpringApplication.run(SpringApplication.java:321) ~[spring-boot-4.0.5.jar:4.0.5]
	at org.springframework.boot.SpringApplication.run(SpringApplication.java:1365) ~[spring-boot-4.0.5.jar:4.0.5]
	at org.springframework.boot.SpringApplication.run(SpringApplication.java:1354) ~[spring-boot-4.0.5.jar:4.0.5]
	at com.garygz.dspdemoproject.DspDemoProjectApplication.main(DspDemoProjectApplication.java:10) ~[main/:na]
	at java.base/jdk.internal.reflect.NativeMethodAccessorImpl.invoke0(Native Method) ~[na:na]
	at java.base/jdk.internal.reflect.NativeMethodAccessorImpl.invoke(NativeMethodAccessorImpl.java:77) ~[na:na]
	at java.base/jdk.internal.reflect.DelegatingMethodAccessorImpl.invoke(DelegatingMethodAccessorImpl.java:43) ~[na:na]
	at java.base/java.lang.reflect.Method.invoke(Method.java:569) ~[na:na]
	at org.springframework.boot.devtools.restart.RestartLauncher.run(RestartLauncher.java:52) ~[spring-boot-devtools-4.0.5.jar:4.0.5]
Caused by: org.springframework.beans.factory.BeanCreationException: Error creating bean with name 'advertiserRepository' defined in repository.com.garygz.dspdemoproject.AdvertiserRepository defined in @EnableJpaRepositories declared on DataJpaRepositoriesRegistrar.EnableJpaRepositoriesConfiguration: No property 'addAdvertiser' found for type 'Advertiser'
	at org.springframework.beans.factory.support.AbstractAutowireCapableBeanFactory.initializeBean(AbstractAutowireCapableBeanFactory.java:1817) ~[spring-beans-7.0.6.jar:7.0.6]
	at org.springframework.beans.factory.support.AbstractAutowireCapableBeanFactory.doCreateBean(AbstractAutowireCapableBeanFactory.java:603) ~[spring-beans-7.0.6.jar:7.0.6]
	at org.springframework.beans.factory.support.AbstractAutowireCapableBeanFactory.createBean(AbstractAutowireCapableBeanFactory.java:525) ~[spring-beans-7.0.6.jar:7.0.6]
	at org.springframework.beans.factory.support.AbstractBeanFactory.lambda$doGetBean$0(AbstractBeanFactory.java:333) ~[spring-beans-7.0.6.jar:7.0.6]
	at org.springframework.beans.factory.support.DefaultSingletonBeanRegistry.getSingleton(DefaultSingletonBeanRegistry.java:371) ~[spring-beans-7.0.6.jar:7.0.6]
	at org.springframework.beans.factory.support.AbstractBeanFactory.doGetBean(AbstractBeanFactory.java:331) ~[spring-beans-7.0.6.jar:7.0.6]
	at org.springframework.beans.factory.support.AbstractBeanFactory.getBean(AbstractBeanFactory.java:201) ~[spring-beans-7.0.6.jar:7.0.6]
	at org.springframework.beans.factory.config.DependencyDescriptor.resolveCandidate(DependencyDescriptor.java:229) ~[spring-beans-7.0.6.jar:7.0.6]
	at org.springframework.beans.factory.support.DefaultListableBeanFactory.doResolveDependency(DefaultListableBeanFactory.java:1762) ~[spring-beans-7.0.6.jar:7.0.6]
	at org.springframework.beans.factory.support.DefaultListableBeanFactory.resolveDependency(DefaultListableBeanFactory.java:1651) ~[spring-beans-7.0.6.jar:7.0.6]
	at org.springframework.beans.factory.annotation.AutowiredAnnotationBeanPostProcessor$AutowiredFieldElement.resolveFieldValue(AutowiredAnnotationBeanPostProcessor.java:764) ~[spring-beans-7.0.6.jar:7.0.6]
	... 27 common frames omitted
Caused by: org.springframework.data.repository.query.QueryCreationException: Cannot create query for method [AdvertiserRepository.addAdvertiser(java.lang.String,java.util.UUID)]; No property 'addAdvertiser' found for type 'Advertiser'
	at org.springframework.data.repository.query.QueryCreationException.create(QueryCreationException.java:109) ~[spring-data-commons-4.0.4.jar:4.0.4]
	at org.springframework.data.jpa.repository.query.PartTreeJpaQuery.<init>(PartTreeJpaQuery.java:114) ~[spring-data-jpa-4.0.4.jar:4.0.4]
	at org.springframework.data.jpa.repository.query.JpaQueryLookupStrategy$CreateQueryLookupStrategy.resolveQuery(JpaQueryLookupStrategy.java:118) ~[spring-data-jpa-4.0.4.jar:4.0.4]
	at org.springframework.data.jpa.repository.query.JpaQueryLookupStrategy$CreateIfNotFoundQueryLookupStrategy.resolveQuery(JpaQueryLookupStrategy.java:291) ~[spring-data-jpa-4.0.4.jar:4.0.4]
	at org.springframework.data.jpa.repository.query.JpaQueryLookupStrategy$AbstractQueryLookupStrategy.resolveQuery(JpaQueryLookupStrategy.java:93) ~[spring-data-jpa-4.0.4.jar:4.0.4]
	at org.springframework.data.repository.core.support.QueryExecutorMethodInterceptor.lookupQuery(QueryExecutorMethodInterceptor.java:114) ~[spring-data-commons-4.0.4.jar:4.0.4]
	at org.springframework.data.repository.core.support.QueryExecutorMethodInterceptor.mapMethodsToQuery(QueryExecutorMethodInterceptor.java:102) ~[spring-data-commons-4.0.4.jar:4.0.4]
	at org.springframework.data.repository.core.support.QueryExecutorMethodInterceptor.<init>(QueryExecutorMethodInterceptor.java:90) ~[spring-data-commons-4.0.4.jar:4.0.4]
	at org.springframework.data.repository.core.support.RepositoryFactorySupport.getRepository(RepositoryFactorySupport.java:413) ~[spring-data-commons-4.0.4.jar:4.0.4]
	at org.springframework.data.repository.core.support.RepositoryFactoryBeanSupport.lambda$afterPropertiesSet$1(RepositoryFactoryBeanSupport.java:361) ~[spring-data-commons-4.0.4.jar:4.0.4]
	at org.springframework.data.util.Lazy.getNullable(Lazy.java:136) ~[spring-data-commons-4.0.4.jar:4.0.4]
	at org.springframework.data.util.Lazy.get(Lazy.java:114) ~[spring-data-commons-4.0.4.jar:4.0.4]
	at org.springframework.data.repository.core.support.RepositoryFactoryBeanSupport.afterPropertiesSet(RepositoryFactoryBeanSupport.java:370) ~[spring-data-commons-4.0.4.jar:4.0.4]
	at org.springframework.data.jpa.repository.support.JpaRepositoryFactoryBean.afterPropertiesSet(JpaRepositoryFactoryBean.java:212) ~[spring-data-jpa-4.0.4.jar:4.0.4]
	at org.springframework.beans.factory.support.AbstractAutowireCapableBeanFactory.invokeInitMethods(AbstractAutowireCapableBeanFactory.java:1864) ~[spring-beans-7.0.6.jar:7.0.6]
	at org.springframework.beans.factory.support.AbstractAutowireCapableBeanFactory.initializeBean(AbstractAutowireCapableBeanFactory.java:1813) ~[spring-beans-7.0.6.jar:7.0.6]
	... 37 common frames omitted
Caused by: org.springframework.data.core.PropertyReferenceException: No property 'addAdvertiser' found for type 'Advertiser'
	at org.springframework.data.core.SimplePropertyPath.<init>(SimplePropertyPath.java:93) ~[spring-data-commons-4.0.4.jar:4.0.4]
	at org.springframework.data.core.SimplePropertyPath.create(SimplePropertyPath.java:360) ~[spring-data-commons-4.0.4.jar:4.0.4]
	at org.springframework.data.core.SimplePropertyPath.create(SimplePropertyPath.java:335) ~[spring-data-commons-4.0.4.jar:4.0.4]
	at org.springframework.data.core.SimplePropertyPath.lambda$from$0(SimplePropertyPath.java:288) ~[spring-data-commons-4.0.4.jar:4.0.4]
	at org.springframework.util.ConcurrentReferenceHashMap$6.execute(ConcurrentReferenceHashMap.java:387) ~[spring-core-7.0.6.jar:7.0.6]
	at org.springframework.util.ConcurrentReferenceHashMap$Segment.doTask(ConcurrentReferenceHashMap.java:681) ~[spring-core-7.0.6.jar:7.0.6]
	at org.springframework.util.ConcurrentReferenceHashMap.doTask(ConcurrentReferenceHashMap.java:565) ~[spring-core-7.0.6.jar:7.0.6]
	at org.springframework.util.ConcurrentReferenceHashMap.computeIfAbsent(ConcurrentReferenceHashMap.java:381) ~[spring-core-7.0.6.jar:7.0.6]
	at org.springframework.data.core.SimplePropertyPath.from(SimplePropertyPath.java:270) ~[spring-data-commons-4.0.4.jar:4.0.4]
	at org.springframework.data.core.PropertyPath.from(PropertyPath.java:210) ~[spring-data-commons-4.0.4.jar:4.0.4]
	at org.springframework.data.core.PropertyPath.from(PropertyPath.java:193) ~[spring-data-commons-4.0.4.jar:4.0.4]
	at org.springframework.data.repository.query.parser.Part.<init>(Part.java:81) ~[spring-data-commons-4.0.4.jar:4.0.4]
	at org.springframework.data.repository.query.parser.PartTree$OrPart.lambda$new$0(PartTree.java:260) ~[spring-data-commons-4.0.4.jar:4.0.4]
	at java.base/java.util.stream.ReferencePipeline$3$1.accept(ReferencePipeline.java:197) ~[na:na]
	at java.base/java.util.stream.ReferencePipeline$2$1.accept(ReferencePipeline.java:179) ~[na:na]
	at java.base/java.util.Spliterators$ArraySpliterator.forEachRemaining(Spliterators.java:992) ~[na:na]
	at java.base/java.util.stream.AbstractPipeline.copyInto(AbstractPipeline.java:509) ~[na:na]
	at java.base/java.util.stream.AbstractPipeline.wrapAndCopyInto(AbstractPipeline.java:499) ~[na:na]
	at java.base/java.util.stream.ReduceOps$ReduceOp.evaluateSequential(ReduceOps.java:921) ~[na:na]
	at java.base/java.util.stream.AbstractPipeline.evaluate(AbstractPipeline.java:234) ~[na:na]
	at java.base/java.util.stream.ReferencePipeline.collect(ReferencePipeline.java:682) ~[na:na]
	at org.springframework.data.repository.query.parser.PartTree$OrPart.<init>(PartTree.java:261) ~[spring-data-commons-4.0.4.jar:4.0.4]
	at org.springframework.data.repository.query.parser.PartTree$Predicate.lambda$new$0(PartTree.java:390) ~[spring-data-commons-4.0.4.jar:4.0.4]
	at java.base/java.util.stream.ReferencePipeline$3$1.accept(ReferencePipeline.java:197) ~[na:na]
	at java.base/java.util.stream.ReferencePipeline$2$1.accept(ReferencePipeline.java:179) ~[na:na]
	at java.base/java.util.Spliterators$ArraySpliterator.forEachRemaining(Spliterators.java:992) ~[na:na]
	at java.base/java.util.stream.AbstractPipeline.copyInto(AbstractPipeline.java:509) ~[na:na]
	at java.base/java.util.stream.AbstractPipeline.wrapAndCopyInto(AbstractPipeline.java:499) ~[na:na]
	at java.base/java.util.stream.ReduceOps$ReduceOp.evaluateSequential(ReduceOps.java:921) ~[na:na]
	at java.base/java.util.stream.AbstractPipeline.evaluate(AbstractPipeline.java:234) ~[na:na]
	at java.base/java.util.stream.ReferencePipeline.collect(ReferencePipeline.java:682) ~[na:na]
	at org.springframework.data.repository.query.parser.PartTree$Predicate.<init>(PartTree.java:391) ~[spring-data-commons-4.0.4.jar:4.0.4]
	at org.springframework.data.repository.query.parser.PartTree.<init>(PartTree.java:101) ~[spring-data-commons-4.0.4.jar:4.0.4]
	at org.springframework.data.jpa.repository.query.PartTreeJpaQuery.<init>(PartTreeJpaQuery.java:108) ~[spring-data-jpa-4.0.4.jar:4.0.4]
	... 51 common frames omitted

2026-04-14T12:44:01.089-04:00  INFO 67941 --- [dsp-demo-project] [restartedMain] c.e.d.DspDemoProjectApplication          : Starting DspDemoProjectApplication using Java 17.0.18 with PID 67941 (/Users/garygz/IdeaProjects/dsp-demo-project/build/classes/java/main started by garygz in /Users/garygz/IdeaProjects/dsp-demo-project)
2026-04-14T12:44:01.090-04:00 DEBUG 67941 --- [dsp-demo-project] [restartedMain] c.e.d.DspDemoProjectApplication          : Running with Spring Boot v4.0.5, Spring v7.0.6
2026-04-14T12:44:01.090-04:00  INFO 67941 --- [dsp-demo-project] [restartedMain] c.e.d.DspDemoProjectApplication          : No active profile set, falling back to 1 default profile: "default"
2026-04-14T12:44:01.149-04:00  INFO 67941 --- [dsp-demo-project] [restartedMain] .s.d.r.c.RepositoryConfigurationDelegate : Bootstrapping Spring Data JPA repositories in DEFAULT mode.
2026-04-14T12:44:01.153-04:00  INFO 67941 --- [dsp-demo-project] [restartedMain] .s.d.r.c.RepositoryConfigurationDelegate : Finished Spring Data repository scanning in 3 ms. Found 2 JPA repository interfaces.
2026-04-14T12:44:01.184-04:00  INFO 67941 --- [dsp-demo-project] [restartedMain] o.s.boot.tomcat.TomcatWebServer          : Tomcat initialized with port 8080 (http)
2026-04-14T12:44:01.184-04:00  INFO 67941 --- [dsp-demo-project] [restartedMain] o.apache.catalina.core.StandardService   : Starting service [Tomcat]
2026-04-14T12:44:01.184-04:00  INFO 67941 --- [dsp-demo-project] [restartedMain] o.apache.catalina.core.StandardEngine    : Starting Servlet engine: [Apache Tomcat/11.0.20]
2026-04-14T12:44:01.188-04:00  INFO 67941 --- [dsp-demo-project] [restartedMain] b.w.c.s.WebApplicationContextInitializer : Root WebApplicationContext: initialization completed in 96 ms
2026-04-14T12:44:01.201-04:00  INFO 67941 --- [dsp-demo-project] [restartedMain] org.hibernate.orm.jpa                    : HHH008540: Processing PersistenceUnitInfo [name: default]
2026-04-14T12:44:01.211-04:00  INFO 67941 --- [dsp-demo-project] [restartedMain] o.s.o.j.p.SpringPersistenceUnitInfo      : No LoadTimeWeaver setup: ignoring JPA class transformer
2026-04-14T12:44:01.212-04:00  INFO 67941 --- [dsp-demo-project] [restartedMain] com.zaxxer.hikari.HikariDataSource       : HikariPool-12 - Starting...
2026-04-14T12:44:01.589-04:00  INFO 67941 --- [dsp-demo-project] [restartedMain] com.zaxxer.hikari.pool.HikariPool        : HikariPool-12 - Added connection org.postgresql.jdbc.PgConnection@af7b3a5
2026-04-14T12:44:01.589-04:00  INFO 67941 --- [dsp-demo-project] [restartedMain] com.zaxxer.hikari.HikariDataSource       : HikariPool-12 - Start completed.
2026-04-14T12:44:01.622-04:00  WARN 67941 --- [dsp-demo-project] [restartedMain] org.hibernate.orm.deprecation            : HHH90000025: PostgreSQLDialect does not need to be specified explicitly using 'hibernate.dialect' (remove the property setting and it will be selected by default)
2026-04-14T12:44:01.744-04:00  INFO 67941 --- [dsp-demo-project] [restartedMain] org.hibernate.orm.connections.pooling    : HHH10001005: Database info:
	Database JDBC URL [jdbc:postgresql://dsp-demo-1.cwomfw6wy9rv.us-east-1.rds.amazonaws.com:5432/postgres?sslmode=verify-full&sslrootcert=./global-bundle.pem]
	Database driver: PostgreSQL JDBC Driver
	Database dialect: PostgreSQLDialect
	Database version: 17.6
	Default catalog/schema: postgres/public
	Autocommit mode: undefined/unknown
	Isolation level: READ_COMMITTED [default READ_COMMITTED]
	JDBC fetch size: none
	Pool: DataSourceConnectionProvider
	Minimum pool size: undefined/unknown
	Maximum pool size: undefined/unknown
2026-04-14T12:44:01.784-04:00  INFO 67941 --- [dsp-demo-project] [restartedMain] org.hibernate.orm.core                   : HHH000489: No JTA platform available (set 'hibernate.transaction.jta.platform' to enable JTA platform integration)
2026-04-14T12:44:02.022-04:00  INFO 67941 --- [dsp-demo-project] [restartedMain] j.LocalContainerEntityManagerFactoryBean : Initialized JPA EntityManagerFactory for persistence unit 'default'
2026-04-14T12:44:02.056-04:00  WARN 67941 --- [dsp-demo-project] [restartedMain] ConfigServletWebServerApplicationContext : Exception encountered during context initialization - cancelling refresh attempt: org.springframework.beans.factory.UnsatisfiedDependencyException: Error creating bean with name 'dashBoardServiceImpl': Unsatisfied dependency expressed through field 'advRepo': Error creating bean with name 'advertiserRepository' defined in repository.com.garygz.dspdemoproject.AdvertiserRepository defined in @EnableJpaRepositories declared on DataJpaRepositoriesRegistrar.EnableJpaRepositoriesConfiguration: No property 'addAdvertiser' found for type 'Advertiser'
2026-04-14T12:44:02.056-04:00  INFO 67941 --- [dsp-demo-project] [restartedMain] j.LocalContainerEntityManagerFactoryBean : Closing JPA EntityManagerFactory for persistence unit 'default'
2026-04-14T12:44:02.056-04:00  INFO 67941 --- [dsp-demo-project] [restartedMain] com.zaxxer.hikari.HikariDataSource       : HikariPool-12 - Shutdown initiated...
2026-04-14T12:44:02.287-04:00  INFO 67941 --- [dsp-demo-project] [restartedMain] com.zaxxer.hikari.HikariDataSource       : HikariPool-12 - Shutdown completed.
2026-04-14T12:44:02.288-04:00  INFO 67941 --- [dsp-demo-project] [restartedMain] o.apache.catalina.core.StandardService   : Stopping service [Tomcat]
2026-04-14T12:44:02.292-04:00  INFO 67941 --- [dsp-demo-project] [restartedMain] .s.b.a.l.ConditionEvaluationReportLogger : 

Error starting ApplicationContext. To display the condition evaluation report re-run your application with 'debug' enabled.
2026-04-14T12:44:02.295-04:00 ERROR 67941 --- [dsp-demo-project] [restartedMain] o.s.boot.SpringApplication               : Application run failed

org.springframework.beans.factory.UnsatisfiedDependencyException: Error creating bean with name 'dashBoardServiceImpl': Unsatisfied dependency expressed through field 'advRepo': Error creating bean with name 'advertiserRepository' defined in repository.com.garygz.dspdemoproject.AdvertiserRepository defined in @EnableJpaRepositories declared on DataJpaRepositoriesRegistrar.EnableJpaRepositoriesConfiguration: No property 'addAdvertiser' found for type 'Advertiser'
	at org.springframework.beans.factory.annotation.AutowiredAnnotationBeanPostProcessor$AutowiredFieldElement.resolveFieldValue(AutowiredAnnotationBeanPostProcessor.java:767) ~[spring-beans-7.0.6.jar:7.0.6]
	at org.springframework.beans.factory.annotation.AutowiredAnnotationBeanPostProcessor$AutowiredFieldElement.inject(AutowiredAnnotationBeanPostProcessor.java:748) ~[spring-beans-7.0.6.jar:7.0.6]
	at org.springframework.beans.factory.annotation.InjectionMetadata.inject(InjectionMetadata.java:146) ~[spring-beans-7.0.6.jar:7.0.6]
	at org.springframework.beans.factory.annotation.AutowiredAnnotationBeanPostProcessor.postProcessProperties(AutowiredAnnotationBeanPostProcessor.java:493) ~[spring-beans-7.0.6.jar:7.0.6]
	at org.springframework.beans.factory.support.AbstractAutowireCapableBeanFactory.populateBean(AbstractAutowireCapableBeanFactory.java:1446) ~[spring-beans-7.0.6.jar:7.0.6]
	at org.springframework.beans.factory.support.AbstractAutowireCapableBeanFactory.doCreateBean(AbstractAutowireCapableBeanFactory.java:602) ~[spring-beans-7.0.6.jar:7.0.6]
	at org.springframework.beans.factory.support.AbstractAutowireCapableBeanFactory.createBean(AbstractAutowireCapableBeanFactory.java:525) ~[spring-beans-7.0.6.jar:7.0.6]
	at org.springframework.beans.factory.support.AbstractBeanFactory.lambda$doGetBean$0(AbstractBeanFactory.java:333) ~[spring-beans-7.0.6.jar:7.0.6]
	at org.springframework.beans.factory.support.DefaultSingletonBeanRegistry.getSingleton(DefaultSingletonBeanRegistry.java:371) ~[spring-beans-7.0.6.jar:7.0.6]
	at org.springframework.beans.factory.support.AbstractBeanFactory.doGetBean(AbstractBeanFactory.java:331) ~[spring-beans-7.0.6.jar:7.0.6]
	at org.springframework.beans.factory.support.AbstractBeanFactory.getBean(AbstractBeanFactory.java:196) ~[spring-beans-7.0.6.jar:7.0.6]
	at org.springframework.beans.factory.support.DefaultListableBeanFactory.instantiateSingleton(DefaultListableBeanFactory.java:1218) ~[spring-beans-7.0.6.jar:7.0.6]
	at org.springframework.beans.factory.support.DefaultListableBeanFactory.preInstantiateSingleton(DefaultListableBeanFactory.java:1184) ~[spring-beans-7.0.6.jar:7.0.6]
	at org.springframework.beans.factory.support.DefaultListableBeanFactory.preInstantiateSingletons(DefaultListableBeanFactory.java:1121) ~[spring-beans-7.0.6.jar:7.0.6]
	at org.springframework.context.support.AbstractApplicationContext.finishBeanFactoryInitialization(AbstractApplicationContext.java:994) ~[spring-context-7.0.6.jar:7.0.6]
	at org.springframework.context.support.AbstractApplicationContext.refresh(AbstractApplicationContext.java:621) ~[spring-context-7.0.6.jar:7.0.6]
	at org.springframework.boot.web.server.servlet.context.ServletWebServerApplicationContext.refresh(ServletWebServerApplicationContext.java:143) ~[spring-boot-web-server-4.0.5.jar:4.0.5]
	at org.springframework.boot.SpringApplication.refresh(SpringApplication.java:756) ~[spring-boot-4.0.5.jar:4.0.5]
	at org.springframework.boot.SpringApplication.refreshContext(SpringApplication.java:445) ~[spring-boot-4.0.5.jar:4.0.5]
	at org.springframework.boot.SpringApplication.run(SpringApplication.java:321) ~[spring-boot-4.0.5.jar:4.0.5]
	at org.springframework.boot.SpringApplication.run(SpringApplication.java:1365) ~[spring-boot-4.0.5.jar:4.0.5]
	at org.springframework.boot.SpringApplication.run(SpringApplication.java:1354) ~[spring-boot-4.0.5.jar:4.0.5]
	at com.garygz.dspdemoproject.DspDemoProjectApplication.main(DspDemoProjectApplication.java:10) ~[main/:na]
	at java.base/jdk.internal.reflect.NativeMethodAccessorImpl.invoke0(Native Method) ~[na:na]
	at java.base/jdk.internal.reflect.NativeMethodAccessorImpl.invoke(NativeMethodAccessorImpl.java:77) ~[na:na]
	at java.base/jdk.internal.reflect.DelegatingMethodAccessorImpl.invoke(DelegatingMethodAccessorImpl.java:43) ~[na:na]
	at java.base/java.lang.reflect.Method.invoke(Method.java:569) ~[na:na]
	at org.springframework.boot.devtools.restart.RestartLauncher.run(RestartLauncher.java:52) ~[spring-boot-devtools-4.0.5.jar:4.0.5]
Caused by: org.springframework.beans.factory.BeanCreationException: Error creating bean with name 'advertiserRepository' defined in repository.com.garygz.dspdemoproject.AdvertiserRepository defined in @EnableJpaRepositories declared on DataJpaRepositoriesRegistrar.EnableJpaRepositoriesConfiguration: No property 'addAdvertiser' found for type 'Advertiser'
	at org.springframework.beans.factory.support.AbstractAutowireCapableBeanFactory.initializeBean(AbstractAutowireCapableBeanFactory.java:1817) ~[spring-beans-7.0.6.jar:7.0.6]
	at org.springframework.beans.factory.support.AbstractAutowireCapableBeanFactory.doCreateBean(AbstractAutowireCapableBeanFactory.java:603) ~[spring-beans-7.0.6.jar:7.0.6]
	at org.springframework.beans.factory.support.AbstractAutowireCapableBeanFactory.createBean(AbstractAutowireCapableBeanFactory.java:525) ~[spring-beans-7.0.6.jar:7.0.6]
	at org.springframework.beans.factory.support.AbstractBeanFactory.lambda$doGetBean$0(AbstractBeanFactory.java:333) ~[spring-beans-7.0.6.jar:7.0.6]
	at org.springframework.beans.factory.support.DefaultSingletonBeanRegistry.getSingleton(DefaultSingletonBeanRegistry.java:371) ~[spring-beans-7.0.6.jar:7.0.6]
	at org.springframework.beans.factory.support.AbstractBeanFactory.doGetBean(AbstractBeanFactory.java:331) ~[spring-beans-7.0.6.jar:7.0.6]
	at org.springframework.beans.factory.support.AbstractBeanFactory.getBean(AbstractBeanFactory.java:201) ~[spring-beans-7.0.6.jar:7.0.6]
	at org.springframework.beans.factory.config.DependencyDescriptor.resolveCandidate(DependencyDescriptor.java:229) ~[spring-beans-7.0.6.jar:7.0.6]
	at org.springframework.beans.factory.support.DefaultListableBeanFactory.doResolveDependency(DefaultListableBeanFactory.java:1762) ~[spring-beans-7.0.6.jar:7.0.6]
	at org.springframework.beans.factory.support.DefaultListableBeanFactory.resolveDependency(DefaultListableBeanFactory.java:1651) ~[spring-beans-7.0.6.jar:7.0.6]
	at org.springframework.beans.factory.annotation.AutowiredAnnotationBeanPostProcessor$AutowiredFieldElement.resolveFieldValue(AutowiredAnnotationBeanPostProcessor.java:764) ~[spring-beans-7.0.6.jar:7.0.6]
	... 27 common frames omitted
Caused by: org.springframework.data.repository.query.QueryCreationException: Cannot create query for method [AdvertiserRepository.addAdvertiser(java.lang.String,java.util.UUID)]; No property 'addAdvertiser' found for type 'Advertiser'
	at org.springframework.data.repository.query.QueryCreationException.create(QueryCreationException.java:109) ~[spring-data-commons-4.0.4.jar:4.0.4]
	at org.springframework.data.jpa.repository.query.PartTreeJpaQuery.<init>(PartTreeJpaQuery.java:114) ~[spring-data-jpa-4.0.4.jar:4.0.4]
	at org.springframework.data.jpa.repository.query.JpaQueryLookupStrategy$CreateQueryLookupStrategy.resolveQuery(JpaQueryLookupStrategy.java:118) ~[spring-data-jpa-4.0.4.jar:4.0.4]
	at org.springframework.data.jpa.repository.query.JpaQueryLookupStrategy$CreateIfNotFoundQueryLookupStrategy.resolveQuery(JpaQueryLookupStrategy.java:291) ~[spring-data-jpa-4.0.4.jar:4.0.4]
	at org.springframework.data.jpa.repository.query.JpaQueryLookupStrategy$AbstractQueryLookupStrategy.resolveQuery(JpaQueryLookupStrategy.java:93) ~[spring-data-jpa-4.0.4.jar:4.0.4]
	at org.springframework.data.repository.core.support.QueryExecutorMethodInterceptor.lookupQuery(QueryExecutorMethodInterceptor.java:114) ~[spring-data-commons-4.0.4.jar:4.0.4]
	at org.springframework.data.repository.core.support.QueryExecutorMethodInterceptor.mapMethodsToQuery(QueryExecutorMethodInterceptor.java:102) ~[spring-data-commons-4.0.4.jar:4.0.4]
	at org.springframework.data.repository.core.support.QueryExecutorMethodInterceptor.<init>(QueryExecutorMethodInterceptor.java:90) ~[spring-data-commons-4.0.4.jar:4.0.4]
	at org.springframework.data.repository.core.support.RepositoryFactorySupport.getRepository(RepositoryFactorySupport.java:413) ~[spring-data-commons-4.0.4.jar:4.0.4]
	at org.springframework.data.repository.core.support.RepositoryFactoryBeanSupport.lambda$afterPropertiesSet$1(RepositoryFactoryBeanSupport.java:361) ~[spring-data-commons-4.0.4.jar:4.0.4]
	at org.springframework.data.util.Lazy.getNullable(Lazy.java:136) ~[spring-data-commons-4.0.4.jar:4.0.4]
	at org.springframework.data.util.Lazy.get(Lazy.java:114) ~[spring-data-commons-4.0.4.jar:4.0.4]
	at org.springframework.data.repository.core.support.RepositoryFactoryBeanSupport.afterPropertiesSet(RepositoryFactoryBeanSupport.java:370) ~[spring-data-commons-4.0.4.jar:4.0.4]
	at org.springframework.data.jpa.repository.support.JpaRepositoryFactoryBean.afterPropertiesSet(JpaRepositoryFactoryBean.java:212) ~[spring-data-jpa-4.0.4.jar:4.0.4]
	at org.springframework.beans.factory.support.AbstractAutowireCapableBeanFactory.invokeInitMethods(AbstractAutowireCapableBeanFactory.java:1864) ~[spring-beans-7.0.6.jar:7.0.6]
	at org.springframework.beans.factory.support.AbstractAutowireCapableBeanFactory.initializeBean(AbstractAutowireCapableBeanFactory.java:1813) ~[spring-beans-7.0.6.jar:7.0.6]
	... 37 common frames omitted
Caused by: org.springframework.data.core.PropertyReferenceException: No property 'addAdvertiser' found for type 'Advertiser'
	at org.springframework.data.core.SimplePropertyPath.<init>(SimplePropertyPath.java:93) ~[spring-data-commons-4.0.4.jar:4.0.4]
	at org.springframework.data.core.SimplePropertyPath.create(SimplePropertyPath.java:360) ~[spring-data-commons-4.0.4.jar:4.0.4]
	at org.springframework.data.core.SimplePropertyPath.create(SimplePropertyPath.java:335) ~[spring-data-commons-4.0.4.jar:4.0.4]
	at org.springframework.data.core.SimplePropertyPath.lambda$from$0(SimplePropertyPath.java:288) ~[spring-data-commons-4.0.4.jar:4.0.4]
	at org.springframework.util.ConcurrentReferenceHashMap$6.execute(ConcurrentReferenceHashMap.java:387) ~[spring-core-7.0.6.jar:7.0.6]
	at org.springframework.util.ConcurrentReferenceHashMap$Segment.doTask(ConcurrentReferenceHashMap.java:681) ~[spring-core-7.0.6.jar:7.0.6]
	at org.springframework.util.ConcurrentReferenceHashMap.doTask(ConcurrentReferenceHashMap.java:565) ~[spring-core-7.0.6.jar:7.0.6]
	at org.springframework.util.ConcurrentReferenceHashMap.computeIfAbsent(ConcurrentReferenceHashMap.java:381) ~[spring-core-7.0.6.jar:7.0.6]
	at org.springframework.data.core.SimplePropertyPath.from(SimplePropertyPath.java:270) ~[spring-data-commons-4.0.4.jar:4.0.4]
	at org.springframework.data.core.PropertyPath.from(PropertyPath.java:210) ~[spring-data-commons-4.0.4.jar:4.0.4]
	at org.springframework.data.core.PropertyPath.from(PropertyPath.java:193) ~[spring-data-commons-4.0.4.jar:4.0.4]
	at org.springframework.data.repository.query.parser.Part.<init>(Part.java:81) ~[spring-data-commons-4.0.4.jar:4.0.4]
	at org.springframework.data.repository.query.parser.PartTree$OrPart.lambda$new$0(PartTree.java:260) ~[spring-data-commons-4.0.4.jar:4.0.4]
	at java.base/java.util.stream.ReferencePipeline$3$1.accept(ReferencePipeline.java:197) ~[na:na]
	at java.base/java.util.stream.ReferencePipeline$2$1.accept(ReferencePipeline.java:179) ~[na:na]
	at java.base/java.util.Spliterators$ArraySpliterator.forEachRemaining(Spliterators.java:992) ~[na:na]
	at java.base/java.util.stream.AbstractPipeline.copyInto(AbstractPipeline.java:509) ~[na:na]
	at java.base/java.util.stream.AbstractPipeline.wrapAndCopyInto(AbstractPipeline.java:499) ~[na:na]
	at java.base/java.util.stream.ReduceOps$ReduceOp.evaluateSequential(ReduceOps.java:921) ~[na:na]
	at java.base/java.util.stream.AbstractPipeline.evaluate(AbstractPipeline.java:234) ~[na:na]
	at java.base/java.util.stream.ReferencePipeline.collect(ReferencePipeline.java:682) ~[na:na]
	at org.springframework.data.repository.query.parser.PartTree$OrPart.<init>(PartTree.java:261) ~[spring-data-commons-4.0.4.jar:4.0.4]
	at org.springframework.data.repository.query.parser.PartTree$Predicate.lambda$new$0(PartTree.java:390) ~[spring-data-commons-4.0.4.jar:4.0.4]
	at java.base/java.util.stream.ReferencePipeline$3$1.accept(ReferencePipeline.java:197) ~[na:na]
	at java.base/java.util.stream.ReferencePipeline$2$1.accept(ReferencePipeline.java:179) ~[na:na]
	at java.base/java.util.Spliterators$ArraySpliterator.forEachRemaining(Spliterators.java:992) ~[na:na]
	at java.base/java.util.stream.AbstractPipeline.copyInto(AbstractPipeline.java:509) ~[na:na]
	at java.base/java.util.stream.AbstractPipeline.wrapAndCopyInto(AbstractPipeline.java:499) ~[na:na]
	at java.base/java.util.stream.ReduceOps$ReduceOp.evaluateSequential(ReduceOps.java:921) ~[na:na]
	at java.base/java.util.stream.AbstractPipeline.evaluate(AbstractPipeline.java:234) ~[na:na]
	at java.base/java.util.stream.ReferencePipeline.collect(ReferencePipeline.java:682) ~[na:na]
	at org.springframework.data.repository.query.parser.PartTree$Predicate.<init>(PartTree.java:391) ~[spring-data-commons-4.0.4.jar:4.0.4]
	at org.springframework.data.repository.query.parser.PartTree.<init>(PartTree.java:101) ~[spring-data-commons-4.0.4.jar:4.0.4]
	at org.springframework.data.jpa.repository.query.PartTreeJpaQuery.<init>(PartTreeJpaQuery.java:108) ~[spring-data-jpa-4.0.4.jar:4.0.4]
	... 51 common frames omitted

2026-04-14T12:49:45.840-04:00  INFO 67941 --- [dsp-demo-project] [restartedMain] c.e.d.DspDemoProjectApplication          : Starting DspDemoProjectApplication using Java 17.0.18 with PID 67941 (/Users/garygz/IdeaProjects/dsp-demo-project/build/classes/java/main started by garygz in /Users/garygz/IdeaProjects/dsp-demo-project)
2026-04-14T12:49:45.840-04:00 DEBUG 67941 --- [dsp-demo-project] [restartedMain] c.e.d.DspDemoProjectApplication          : Running with Spring Boot v4.0.5, Spring v7.0.6
2026-04-14T12:49:45.840-04:00  INFO 67941 --- [dsp-demo-project] [restartedMain] c.e.d.DspDemoProjectApplication          : No active profile set, falling back to 1 default profile: "default"
2026-04-14T12:49:45.894-04:00  INFO 67941 --- [dsp-demo-project] [restartedMain] .s.d.r.c.RepositoryConfigurationDelegate : Bootstrapping Spring Data JPA repositories in DEFAULT mode.
2026-04-14T12:49:45.898-04:00  INFO 67941 --- [dsp-demo-project] [restartedMain] .s.d.r.c.RepositoryConfigurationDelegate : Finished Spring Data repository scanning in 3 ms. Found 2 JPA repository interfaces.
2026-04-14T12:49:45.929-04:00  INFO 67941 --- [dsp-demo-project] [restartedMain] o.s.boot.tomcat.TomcatWebServer          : Tomcat initialized with port 8080 (http)
2026-04-14T12:49:45.930-04:00  INFO 67941 --- [dsp-demo-project] [restartedMain] o.apache.catalina.core.StandardService   : Starting service [Tomcat]
2026-04-14T12:49:45.930-04:00  INFO 67941 --- [dsp-demo-project] [restartedMain] o.apache.catalina.core.StandardEngine    : Starting Servlet engine: [Apache Tomcat/11.0.20]
2026-04-14T12:49:45.934-04:00  INFO 67941 --- [dsp-demo-project] [restartedMain] b.w.c.s.WebApplicationContextInitializer : Root WebApplicationContext: initialization completed in 92 ms
2026-04-14T12:49:45.947-04:00  INFO 67941 --- [dsp-demo-project] [restartedMain] org.hibernate.orm.jpa                    : HHH008540: Processing PersistenceUnitInfo [name: default]
2026-04-14T12:49:45.957-04:00  INFO 67941 --- [dsp-demo-project] [restartedMain] o.s.o.j.p.SpringPersistenceUnitInfo      : No LoadTimeWeaver setup: ignoring JPA class transformer
2026-04-14T12:49:45.957-04:00  INFO 67941 --- [dsp-demo-project] [restartedMain] com.zaxxer.hikari.HikariDataSource       : HikariPool-13 - Starting...
2026-04-14T12:49:46.353-04:00  INFO 67941 --- [dsp-demo-project] [restartedMain] com.zaxxer.hikari.pool.HikariPool        : HikariPool-13 - Added connection org.postgresql.jdbc.PgConnection@6838e5dc
2026-04-14T12:49:46.354-04:00  INFO 67941 --- [dsp-demo-project] [restartedMain] com.zaxxer.hikari.HikariDataSource       : HikariPool-13 - Start completed.
2026-04-14T12:49:46.389-04:00  WARN 67941 --- [dsp-demo-project] [restartedMain] org.hibernate.orm.deprecation            : HHH90000025: PostgreSQLDialect does not need to be specified explicitly using 'hibernate.dialect' (remove the property setting and it will be selected by default)
2026-04-14T12:49:46.519-04:00  INFO 67941 --- [dsp-demo-project] [restartedMain] org.hibernate.orm.connections.pooling    : HHH10001005: Database info:
	Database JDBC URL [jdbc:postgresql://dsp-demo-1.cwomfw6wy9rv.us-east-1.rds.amazonaws.com:5432/postgres?sslmode=verify-full&sslrootcert=./global-bundle.pem]
	Database driver: PostgreSQL JDBC Driver
	Database dialect: PostgreSQLDialect
	Database version: 17.6
	Default catalog/schema: postgres/public
	Autocommit mode: undefined/unknown
	Isolation level: READ_COMMITTED [default READ_COMMITTED]
	JDBC fetch size: none
	Pool: DataSourceConnectionProvider
	Minimum pool size: undefined/unknown
	Maximum pool size: undefined/unknown
2026-04-14T12:49:46.565-04:00  INFO 67941 --- [dsp-demo-project] [restartedMain] org.hibernate.orm.core                   : HHH000489: No JTA platform available (set 'hibernate.transaction.jta.platform' to enable JTA platform integration)
2026-04-14T12:49:46.812-04:00  INFO 67941 --- [dsp-demo-project] [restartedMain] j.LocalContainerEntityManagerFactoryBean : Initialized JPA EntityManagerFactory for persistence unit 'default'
2026-04-14T12:49:46.848-04:00  WARN 67941 --- [dsp-demo-project] [restartedMain] ConfigServletWebServerApplicationContext : Exception encountered during context initialization - cancelling refresh attempt: org.springframework.beans.factory.UnsatisfiedDependencyException: Error creating bean with name 'dashBoardServiceImpl': Unsatisfied dependency expressed through field 'advRepo': Error creating bean with name 'advertiserRepository' defined in repository.com.garygz.dspdemoproject.AdvertiserRepository defined in @EnableJpaRepositories declared on DataJpaRepositoriesRegistrar.EnableJpaRepositoriesConfiguration: No property 'addAdvertiser' found for type 'Advertiser'
2026-04-14T12:49:46.848-04:00  INFO 67941 --- [dsp-demo-project] [restartedMain] j.LocalContainerEntityManagerFactoryBean : Closing JPA EntityManagerFactory for persistence unit 'default'
2026-04-14T12:49:46.848-04:00  INFO 67941 --- [dsp-demo-project] [restartedMain] com.zaxxer.hikari.HikariDataSource       : HikariPool-13 - Shutdown initiated...
2026-04-14T12:49:47.076-04:00  INFO 67941 --- [dsp-demo-project] [restartedMain] com.zaxxer.hikari.HikariDataSource       : HikariPool-13 - Shutdown completed.
2026-04-14T12:49:47.078-04:00  INFO 67941 --- [dsp-demo-project] [restartedMain] o.apache.catalina.core.StandardService   : Stopping service [Tomcat]
2026-04-14T12:49:47.083-04:00  INFO 67941 --- [dsp-demo-project] [restartedMain] .s.b.a.l.ConditionEvaluationReportLogger : 

Error starting ApplicationContext. To display the condition evaluation report re-run your application with 'debug' enabled.
2026-04-14T12:49:47.086-04:00 ERROR 67941 --- [dsp-demo-project] [restartedMain] o.s.boot.SpringApplication               : Application run failed

org.springframework.beans.factory.UnsatisfiedDependencyException: Error creating bean with name 'dashBoardServiceImpl': Unsatisfied dependency expressed through field 'advRepo': Error creating bean with name 'advertiserRepository' defined in repository.com.garygz.dspdemoproject.AdvertiserRepository defined in @EnableJpaRepositories declared on DataJpaRepositoriesRegistrar.EnableJpaRepositoriesConfiguration: No property 'addAdvertiser' found for type 'Advertiser'
	at org.springframework.beans.factory.annotation.AutowiredAnnotationBeanPostProcessor$AutowiredFieldElement.resolveFieldValue(AutowiredAnnotationBeanPostProcessor.java:767) ~[spring-beans-7.0.6.jar:7.0.6]
	at org.springframework.beans.factory.annotation.AutowiredAnnotationBeanPostProcessor$AutowiredFieldElement.inject(AutowiredAnnotationBeanPostProcessor.java:748) ~[spring-beans-7.0.6.jar:7.0.6]
	at org.springframework.beans.factory.annotation.InjectionMetadata.inject(InjectionMetadata.java:146) ~[spring-beans-7.0.6.jar:7.0.6]
	at org.springframework.beans.factory.annotation.AutowiredAnnotationBeanPostProcessor.postProcessProperties(AutowiredAnnotationBeanPostProcessor.java:493) ~[spring-beans-7.0.6.jar:7.0.6]
	at org.springframework.beans.factory.support.AbstractAutowireCapableBeanFactory.populateBean(AbstractAutowireCapableBeanFactory.java:1446) ~[spring-beans-7.0.6.jar:7.0.6]
	at org.springframework.beans.factory.support.AbstractAutowireCapableBeanFactory.doCreateBean(AbstractAutowireCapableBeanFactory.java:602) ~[spring-beans-7.0.6.jar:7.0.6]
	at org.springframework.beans.factory.support.AbstractAutowireCapableBeanFactory.createBean(AbstractAutowireCapableBeanFactory.java:525) ~[spring-beans-7.0.6.jar:7.0.6]
	at org.springframework.beans.factory.support.AbstractBeanFactory.lambda$doGetBean$0(AbstractBeanFactory.java:333) ~[spring-beans-7.0.6.jar:7.0.6]
	at org.springframework.beans.factory.support.DefaultSingletonBeanRegistry.getSingleton(DefaultSingletonBeanRegistry.java:371) ~[spring-beans-7.0.6.jar:7.0.6]
	at org.springframework.beans.factory.support.AbstractBeanFactory.doGetBean(AbstractBeanFactory.java:331) ~[spring-beans-7.0.6.jar:7.0.6]
	at org.springframework.beans.factory.support.AbstractBeanFactory.getBean(AbstractBeanFactory.java:196) ~[spring-beans-7.0.6.jar:7.0.6]
	at org.springframework.beans.factory.support.DefaultListableBeanFactory.instantiateSingleton(DefaultListableBeanFactory.java:1218) ~[spring-beans-7.0.6.jar:7.0.6]
	at org.springframework.beans.factory.support.DefaultListableBeanFactory.preInstantiateSingleton(DefaultListableBeanFactory.java:1184) ~[spring-beans-7.0.6.jar:7.0.6]
	at org.springframework.beans.factory.support.DefaultListableBeanFactory.preInstantiateSingletons(DefaultListableBeanFactory.java:1121) ~[spring-beans-7.0.6.jar:7.0.6]
	at org.springframework.context.support.AbstractApplicationContext.finishBeanFactoryInitialization(AbstractApplicationContext.java:994) ~[spring-context-7.0.6.jar:7.0.6]
	at org.springframework.context.support.AbstractApplicationContext.refresh(AbstractApplicationContext.java:621) ~[spring-context-7.0.6.jar:7.0.6]
	at org.springframework.boot.web.server.servlet.context.ServletWebServerApplicationContext.refresh(ServletWebServerApplicationContext.java:143) ~[spring-boot-web-server-4.0.5.jar:4.0.5]
	at org.springframework.boot.SpringApplication.refresh(SpringApplication.java:756) ~[spring-boot-4.0.5.jar:4.0.5]
	at org.springframework.boot.SpringApplication.refreshContext(SpringApplication.java:445) ~[spring-boot-4.0.5.jar:4.0.5]
	at org.springframework.boot.SpringApplication.run(SpringApplication.java:321) ~[spring-boot-4.0.5.jar:4.0.5]
	at org.springframework.boot.SpringApplication.run(SpringApplication.java:1365) ~[spring-boot-4.0.5.jar:4.0.5]
	at org.springframework.boot.SpringApplication.run(SpringApplication.java:1354) ~[spring-boot-4.0.5.jar:4.0.5]
	at com.garygz.dspdemoproject.DspDemoProjectApplication.main(DspDemoProjectApplication.java:10) ~[main/:na]
	at java.base/jdk.internal.reflect.NativeMethodAccessorImpl.invoke0(Native Method) ~[na:na]
	at java.base/jdk.internal.reflect.NativeMethodAccessorImpl.invoke(NativeMethodAccessorImpl.java:77) ~[na:na]
	at java.base/jdk.internal.reflect.DelegatingMethodAccessorImpl.invoke(DelegatingMethodAccessorImpl.java:43) ~[na:na]
	at java.base/java.lang.reflect.Method.invoke(Method.java:569) ~[na:na]
	at org.springframework.boot.devtools.restart.RestartLauncher.run(RestartLauncher.java:52) ~[spring-boot-devtools-4.0.5.jar:4.0.5]
Caused by: org.springframework.beans.factory.BeanCreationException: Error creating bean with name 'advertiserRepository' defined in repository.com.garygz.dspdemoproject.AdvertiserRepository defined in @EnableJpaRepositories declared on DataJpaRepositoriesRegistrar.EnableJpaRepositoriesConfiguration: No property 'addAdvertiser' found for type 'Advertiser'
	at org.springframework.beans.factory.support.AbstractAutowireCapableBeanFactory.initializeBean(AbstractAutowireCapableBeanFactory.java:1817) ~[spring-beans-7.0.6.jar:7.0.6]
	at org.springframework.beans.factory.support.AbstractAutowireCapableBeanFactory.doCreateBean(AbstractAutowireCapableBeanFactory.java:603) ~[spring-beans-7.0.6.jar:7.0.6]
	at org.springframework.beans.factory.support.AbstractAutowireCapableBeanFactory.createBean(AbstractAutowireCapableBeanFactory.java:525) ~[spring-beans-7.0.6.jar:7.0.6]
	at org.springframework.beans.factory.support.AbstractBeanFactory.lambda$doGetBean$0(AbstractBeanFactory.java:333) ~[spring-beans-7.0.6.jar:7.0.6]
	at org.springframework.beans.factory.support.DefaultSingletonBeanRegistry.getSingleton(DefaultSingletonBeanRegistry.java:371) ~[spring-beans-7.0.6.jar:7.0.6]
	at org.springframework.beans.factory.support.AbstractBeanFactory.doGetBean(AbstractBeanFactory.java:331) ~[spring-beans-7.0.6.jar:7.0.6]
	at org.springframework.beans.factory.support.AbstractBeanFactory.getBean(AbstractBeanFactory.java:201) ~[spring-beans-7.0.6.jar:7.0.6]
	at org.springframework.beans.factory.config.DependencyDescriptor.resolveCandidate(DependencyDescriptor.java:229) ~[spring-beans-7.0.6.jar:7.0.6]
	at org.springframework.beans.factory.support.DefaultListableBeanFactory.doResolveDependency(DefaultListableBeanFactory.java:1762) ~[spring-beans-7.0.6.jar:7.0.6]
	at org.springframework.beans.factory.support.DefaultListableBeanFactory.resolveDependency(DefaultListableBeanFactory.java:1651) ~[spring-beans-7.0.6.jar:7.0.6]
	at org.springframework.beans.factory.annotation.AutowiredAnnotationBeanPostProcessor$AutowiredFieldElement.resolveFieldValue(AutowiredAnnotationBeanPostProcessor.java:764) ~[spring-beans-7.0.6.jar:7.0.6]
	... 27 common frames omitted
Caused by: org.springframework.data.repository.query.QueryCreationException: Cannot create query for method [AdvertiserRepository.addAdvertiser(java.lang.String,java.util.UUID)]; No property 'addAdvertiser' found for type 'Advertiser'
	at org.springframework.data.repository.query.QueryCreationException.create(QueryCreationException.java:109) ~[spring-data-commons-4.0.4.jar:4.0.4]
	at org.springframework.data.jpa.repository.query.PartTreeJpaQuery.<init>(PartTreeJpaQuery.java:114) ~[spring-data-jpa-4.0.4.jar:4.0.4]
	at org.springframework.data.jpa.repository.query.JpaQueryLookupStrategy$CreateQueryLookupStrategy.resolveQuery(JpaQueryLookupStrategy.java:118) ~[spring-data-jpa-4.0.4.jar:4.0.4]
	at org.springframework.data.jpa.repository.query.JpaQueryLookupStrategy$CreateIfNotFoundQueryLookupStrategy.resolveQuery(JpaQueryLookupStrategy.java:291) ~[spring-data-jpa-4.0.4.jar:4.0.4]
	at org.springframework.data.jpa.repository.query.JpaQueryLookupStrategy$AbstractQueryLookupStrategy.resolveQuery(JpaQueryLookupStrategy.java:93) ~[spring-data-jpa-4.0.4.jar:4.0.4]
	at org.springframework.data.repository.core.support.QueryExecutorMethodInterceptor.lookupQuery(QueryExecutorMethodInterceptor.java:114) ~[spring-data-commons-4.0.4.jar:4.0.4]
	at org.springframework.data.repository.core.support.QueryExecutorMethodInterceptor.mapMethodsToQuery(QueryExecutorMethodInterceptor.java:102) ~[spring-data-commons-4.0.4.jar:4.0.4]
	at org.springframework.data.repository.core.support.QueryExecutorMethodInterceptor.<init>(QueryExecutorMethodInterceptor.java:90) ~[spring-data-commons-4.0.4.jar:4.0.4]
	at org.springframework.data.repository.core.support.RepositoryFactorySupport.getRepository(RepositoryFactorySupport.java:413) ~[spring-data-commons-4.0.4.jar:4.0.4]
	at org.springframework.data.repository.core.support.RepositoryFactoryBeanSupport.lambda$afterPropertiesSet$1(RepositoryFactoryBeanSupport.java:361) ~[spring-data-commons-4.0.4.jar:4.0.4]
	at org.springframework.data.util.Lazy.getNullable(Lazy.java:136) ~[spring-data-commons-4.0.4.jar:4.0.4]
	at org.springframework.data.util.Lazy.get(Lazy.java:114) ~[spring-data-commons-4.0.4.jar:4.0.4]
	at org.springframework.data.repository.core.support.RepositoryFactoryBeanSupport.afterPropertiesSet(RepositoryFactoryBeanSupport.java:370) ~[spring-data-commons-4.0.4.jar:4.0.4]
	at org.springframework.data.jpa.repository.support.JpaRepositoryFactoryBean.afterPropertiesSet(JpaRepositoryFactoryBean.java:212) ~[spring-data-jpa-4.0.4.jar:4.0.4]
	at org.springframework.beans.factory.support.AbstractAutowireCapableBeanFactory.invokeInitMethods(AbstractAutowireCapableBeanFactory.java:1864) ~[spring-beans-7.0.6.jar:7.0.6]
	at org.springframework.beans.factory.support.AbstractAutowireCapableBeanFactory.initializeBean(AbstractAutowireCapableBeanFactory.java:1813) ~[spring-beans-7.0.6.jar:7.0.6]
	... 37 common frames omitted
Caused by: org.springframework.data.core.PropertyReferenceException: No property 'addAdvertiser' found for type 'Advertiser'
	at org.springframework.data.core.SimplePropertyPath.<init>(SimplePropertyPath.java:93) ~[spring-data-commons-4.0.4.jar:4.0.4]
	at org.springframework.data.core.SimplePropertyPath.create(SimplePropertyPath.java:360) ~[spring-data-commons-4.0.4.jar:4.0.4]
	at org.springframework.data.core.SimplePropertyPath.create(SimplePropertyPath.java:335) ~[spring-data-commons-4.0.4.jar:4.0.4]
	at org.springframework.data.core.SimplePropertyPath.lambda$from$0(SimplePropertyPath.java:288) ~[spring-data-commons-4.0.4.jar:4.0.4]
	at org.springframework.util.ConcurrentReferenceHashMap$6.execute(ConcurrentReferenceHashMap.java:387) ~[spring-core-7.0.6.jar:7.0.6]
	at org.springframework.util.ConcurrentReferenceHashMap$Segment.doTask(ConcurrentReferenceHashMap.java:681) ~[spring-core-7.0.6.jar:7.0.6]
	at org.springframework.util.ConcurrentReferenceHashMap.doTask(ConcurrentReferenceHashMap.java:565) ~[spring-core-7.0.6.jar:7.0.6]
	at org.springframework.util.ConcurrentReferenceHashMap.computeIfAbsent(ConcurrentReferenceHashMap.java:381) ~[spring-core-7.0.6.jar:7.0.6]
	at org.springframework.data.core.SimplePropertyPath.from(SimplePropertyPath.java:270) ~[spring-data-commons-4.0.4.jar:4.0.4]
	at org.springframework.data.core.PropertyPath.from(PropertyPath.java:210) ~[spring-data-commons-4.0.4.jar:4.0.4]
	at org.springframework.data.core.PropertyPath.from(PropertyPath.java:193) ~[spring-data-commons-4.0.4.jar:4.0.4]
	at org.springframework.data.repository.query.parser.Part.<init>(Part.java:81) ~[spring-data-commons-4.0.4.jar:4.0.4]
	at org.springframework.data.repository.query.parser.PartTree$OrPart.lambda$new$0(PartTree.java:260) ~[spring-data-commons-4.0.4.jar:4.0.4]
	at java.base/java.util.stream.ReferencePipeline$3$1.accept(ReferencePipeline.java:197) ~[na:na]
	at java.base/java.util.stream.ReferencePipeline$2$1.accept(ReferencePipeline.java:179) ~[na:na]
	at java.base/java.util.Spliterators$ArraySpliterator.forEachRemaining(Spliterators.java:992) ~[na:na]
	at java.base/java.util.stream.AbstractPipeline.copyInto(AbstractPipeline.java:509) ~[na:na]
	at java.base/java.util.stream.AbstractPipeline.wrapAndCopyInto(AbstractPipeline.java:499) ~[na:na]
	at java.base/java.util.stream.ReduceOps$ReduceOp.evaluateSequential(ReduceOps.java:921) ~[na:na]
	at java.base/java.util.stream.AbstractPipeline.evaluate(AbstractPipeline.java:234) ~[na:na]
	at java.base/java.util.stream.ReferencePipeline.collect(ReferencePipeline.java:682) ~[na:na]
	at org.springframework.data.repository.query.parser.PartTree$OrPart.<init>(PartTree.java:261) ~[spring-data-commons-4.0.4.jar:4.0.4]
	at org.springframework.data.repository.query.parser.PartTree$Predicate.lambda$new$0(PartTree.java:390) ~[spring-data-commons-4.0.4.jar:4.0.4]
	at java.base/java.util.stream.ReferencePipeline$3$1.accept(ReferencePipeline.java:197) ~[na:na]
	at java.base/java.util.stream.ReferencePipeline$2$1.accept(ReferencePipeline.java:179) ~[na:na]
	at java.base/java.util.Spliterators$ArraySpliterator.forEachRemaining(Spliterators.java:992) ~[na:na]
	at java.base/java.util.stream.AbstractPipeline.copyInto(AbstractPipeline.java:509) ~[na:na]
	at java.base/java.util.stream.AbstractPipeline.wrapAndCopyInto(AbstractPipeline.java:499) ~[na:na]
	at java.base/java.util.stream.ReduceOps$ReduceOp.evaluateSequential(ReduceOps.java:921) ~[na:na]
	at java.base/java.util.stream.AbstractPipeline.evaluate(AbstractPipeline.java:234) ~[na:na]
	at java.base/java.util.stream.ReferencePipeline.collect(ReferencePipeline.java:682) ~[na:na]
	at org.springframework.data.repository.query.parser.PartTree$Predicate.<init>(PartTree.java:391) ~[spring-data-commons-4.0.4.jar:4.0.4]
	at org.springframework.data.repository.query.parser.PartTree.<init>(PartTree.java:101) ~[spring-data-commons-4.0.4.jar:4.0.4]
	at org.springframework.data.jpa.repository.query.PartTreeJpaQuery.<init>(PartTreeJpaQuery.java:108) ~[spring-data-jpa-4.0.4.jar:4.0.4]
	... 51 common frames omitted

2026-04-14T12:51:56.101-04:00  INFO 67941 --- [dsp-demo-project] [restartedMain] c.e.d.DspDemoProjectApplication          : Starting DspDemoProjectApplication using Java 17.0.18 with PID 67941 (/Users/garygz/IdeaProjects/dsp-demo-project/build/classes/java/main started by garygz in /Users/garygz/IdeaProjects/dsp-demo-project)
2026-04-14T12:51:56.101-04:00 DEBUG 67941 --- [dsp-demo-project] [restartedMain] c.e.d.DspDemoProjectApplication          : Running with Spring Boot v4.0.5, Spring v7.0.6
2026-04-14T12:51:56.102-04:00  INFO 67941 --- [dsp-demo-project] [restartedMain] c.e.d.DspDemoProjectApplication          : No active profile set, falling back to 1 default profile: "default"
2026-04-14T12:51:56.154-04:00  INFO 67941 --- [dsp-demo-project] [restartedMain] .s.d.r.c.RepositoryConfigurationDelegate : Bootstrapping Spring Data JPA repositories in DEFAULT mode.
2026-04-14T12:51:56.157-04:00  INFO 67941 --- [dsp-demo-project] [restartedMain] .s.d.r.c.RepositoryConfigurationDelegate : Finished Spring Data repository scanning in 2 ms. Found 2 JPA repository interfaces.
2026-04-14T12:51:56.187-04:00  INFO 67941 --- [dsp-demo-project] [restartedMain] o.s.boot.tomcat.TomcatWebServer          : Tomcat initialized with port 8080 (http)
2026-04-14T12:51:56.188-04:00  INFO 67941 --- [dsp-demo-project] [restartedMain] o.apache.catalina.core.StandardService   : Starting service [Tomcat]
2026-04-14T12:51:56.188-04:00  INFO 67941 --- [dsp-demo-project] [restartedMain] o.apache.catalina.core.StandardEngine    : Starting Servlet engine: [Apache Tomcat/11.0.20]
2026-04-14T12:51:56.192-04:00  INFO 67941 --- [dsp-demo-project] [restartedMain] b.w.c.s.WebApplicationContextInitializer : Root WebApplicationContext: initialization completed in 89 ms
2026-04-14T12:51:56.204-04:00  INFO 67941 --- [dsp-demo-project] [restartedMain] org.hibernate.orm.jpa                    : HHH008540: Processing PersistenceUnitInfo [name: default]
2026-04-14T12:51:56.213-04:00  INFO 67941 --- [dsp-demo-project] [restartedMain] o.s.o.j.p.SpringPersistenceUnitInfo      : No LoadTimeWeaver setup: ignoring JPA class transformer
2026-04-14T12:51:56.213-04:00  INFO 67941 --- [dsp-demo-project] [restartedMain] com.zaxxer.hikari.HikariDataSource       : HikariPool-14 - Starting...
2026-04-14T12:51:56.630-04:00  INFO 67941 --- [dsp-demo-project] [restartedMain] com.zaxxer.hikari.pool.HikariPool        : HikariPool-14 - Added connection org.postgresql.jdbc.PgConnection@4a6bb2bb
2026-04-14T12:51:56.631-04:00  INFO 67941 --- [dsp-demo-project] [restartedMain] com.zaxxer.hikari.HikariDataSource       : HikariPool-14 - Start completed.
2026-04-14T12:51:56.670-04:00  WARN 67941 --- [dsp-demo-project] [restartedMain] org.hibernate.orm.deprecation            : HHH90000025: PostgreSQLDialect does not need to be specified explicitly using 'hibernate.dialect' (remove the property setting and it will be selected by default)
2026-04-14T12:51:56.814-04:00  INFO 67941 --- [dsp-demo-project] [restartedMain] org.hibernate.orm.connections.pooling    : HHH10001005: Database info:
	Database JDBC URL [jdbc:postgresql://dsp-demo-1.cwomfw6wy9rv.us-east-1.rds.amazonaws.com:5432/postgres?sslmode=verify-full&sslrootcert=./global-bundle.pem]
	Database driver: PostgreSQL JDBC Driver
	Database dialect: PostgreSQLDialect
	Database version: 17.6
	Default catalog/schema: postgres/public
	Autocommit mode: undefined/unknown
	Isolation level: READ_COMMITTED [default READ_COMMITTED]
	JDBC fetch size: none
	Pool: DataSourceConnectionProvider
	Minimum pool size: undefined/unknown
	Maximum pool size: undefined/unknown
2026-04-14T12:51:56.844-04:00  INFO 67941 --- [dsp-demo-project] [restartedMain] org.hibernate.orm.core                   : HHH000489: No JTA platform available (set 'hibernate.transaction.jta.platform' to enable JTA platform integration)
2026-04-14T12:51:57.112-04:00  INFO 67941 --- [dsp-demo-project] [restartedMain] j.LocalContainerEntityManagerFactoryBean : Initialized JPA EntityManagerFactory for persistence unit 'default'
2026-04-14T12:51:57.142-04:00  WARN 67941 --- [dsp-demo-project] [restartedMain] ConfigServletWebServerApplicationContext : Exception encountered during context initialization - cancelling refresh attempt: org.springframework.beans.factory.UnsatisfiedDependencyException: Error creating bean with name 'restEndpointController': Unsatisfied dependency expressed through field 'dashBoardService': Error creating bean with name 'dashBoardServiceImpl': Unsatisfied dependency expressed through field 'advRepo': Error creating bean with name 'advertiserRepository' defined in repository.com.garygz.dspdemoproject.AdvertiserRepository defined in @EnableJpaRepositories declared on DataJpaRepositoriesRegistrar.EnableJpaRepositoriesConfiguration: No property 'addAdvertiser' found for type 'Advertiser'
2026-04-14T12:51:57.142-04:00  INFO 67941 --- [dsp-demo-project] [restartedMain] j.LocalContainerEntityManagerFactoryBean : Closing JPA EntityManagerFactory for persistence unit 'default'
2026-04-14T12:51:57.142-04:00  INFO 67941 --- [dsp-demo-project] [restartedMain] com.zaxxer.hikari.HikariDataSource       : HikariPool-14 - Shutdown initiated...
2026-04-14T12:51:57.340-04:00  INFO 67941 --- [dsp-demo-project] [restartedMain] com.zaxxer.hikari.HikariDataSource       : HikariPool-14 - Shutdown completed.
2026-04-14T12:51:57.340-04:00  INFO 67941 --- [dsp-demo-project] [restartedMain] o.apache.catalina.core.StandardService   : Stopping service [Tomcat]
2026-04-14T12:51:57.344-04:00  INFO 67941 --- [dsp-demo-project] [restartedMain] .s.b.a.l.ConditionEvaluationReportLogger : 

Error starting ApplicationContext. To display the condition evaluation report re-run your application with 'debug' enabled.
2026-04-14T12:51:57.346-04:00 ERROR 67941 --- [dsp-demo-project] [restartedMain] o.s.boot.SpringApplication               : Application run failed

org.springframework.beans.factory.UnsatisfiedDependencyException: Error creating bean with name 'restEndpointController': Unsatisfied dependency expressed through field 'dashBoardService': Error creating bean with name 'dashBoardServiceImpl': Unsatisfied dependency expressed through field 'advRepo': Error creating bean with name 'advertiserRepository' defined in repository.com.garygz.dspdemoproject.AdvertiserRepository defined in @EnableJpaRepositories declared on DataJpaRepositoriesRegistrar.EnableJpaRepositoriesConfiguration: No property 'addAdvertiser' found for type 'Advertiser'
	at org.springframework.beans.factory.annotation.AutowiredAnnotationBeanPostProcessor$AutowiredFieldElement.resolveFieldValue(AutowiredAnnotationBeanPostProcessor.java:767) ~[spring-beans-7.0.6.jar:7.0.6]
	at org.springframework.beans.factory.annotation.AutowiredAnnotationBeanPostProcessor$AutowiredFieldElement.inject(AutowiredAnnotationBeanPostProcessor.java:748) ~[spring-beans-7.0.6.jar:7.0.6]
	at org.springframework.beans.factory.annotation.InjectionMetadata.inject(InjectionMetadata.java:146) ~[spring-beans-7.0.6.jar:7.0.6]
	at org.springframework.beans.factory.annotation.AutowiredAnnotationBeanPostProcessor.postProcessProperties(AutowiredAnnotationBeanPostProcessor.java:493) ~[spring-beans-7.0.6.jar:7.0.6]
	at org.springframework.beans.factory.support.AbstractAutowireCapableBeanFactory.populateBean(AbstractAutowireCapableBeanFactory.java:1446) ~[spring-beans-7.0.6.jar:7.0.6]
	at org.springframework.beans.factory.support.AbstractAutowireCapableBeanFactory.doCreateBean(AbstractAutowireCapableBeanFactory.java:602) ~[spring-beans-7.0.6.jar:7.0.6]
	at org.springframework.beans.factory.support.AbstractAutowireCapableBeanFactory.createBean(AbstractAutowireCapableBeanFactory.java:525) ~[spring-beans-7.0.6.jar:7.0.6]
	at org.springframework.beans.factory.support.AbstractBeanFactory.lambda$doGetBean$0(AbstractBeanFactory.java:333) ~[spring-beans-7.0.6.jar:7.0.6]
	at org.springframework.beans.factory.support.DefaultSingletonBeanRegistry.getSingleton(DefaultSingletonBeanRegistry.java:371) ~[spring-beans-7.0.6.jar:7.0.6]
	at org.springframework.beans.factory.support.AbstractBeanFactory.doGetBean(AbstractBeanFactory.java:331) ~[spring-beans-7.0.6.jar:7.0.6]
	at org.springframework.beans.factory.support.AbstractBeanFactory.getBean(AbstractBeanFactory.java:196) ~[spring-beans-7.0.6.jar:7.0.6]
	at org.springframework.beans.factory.support.DefaultListableBeanFactory.instantiateSingleton(DefaultListableBeanFactory.java:1218) ~[spring-beans-7.0.6.jar:7.0.6]
	at org.springframework.beans.factory.support.DefaultListableBeanFactory.preInstantiateSingleton(DefaultListableBeanFactory.java:1184) ~[spring-beans-7.0.6.jar:7.0.6]
	at org.springframework.beans.factory.support.DefaultListableBeanFactory.preInstantiateSingletons(DefaultListableBeanFactory.java:1121) ~[spring-beans-7.0.6.jar:7.0.6]
	at org.springframework.context.support.AbstractApplicationContext.finishBeanFactoryInitialization(AbstractApplicationContext.java:994) ~[spring-context-7.0.6.jar:7.0.6]
	at org.springframework.context.support.AbstractApplicationContext.refresh(AbstractApplicationContext.java:621) ~[spring-context-7.0.6.jar:7.0.6]
	at org.springframework.boot.web.server.servlet.context.ServletWebServerApplicationContext.refresh(ServletWebServerApplicationContext.java:143) ~[spring-boot-web-server-4.0.5.jar:4.0.5]
	at org.springframework.boot.SpringApplication.refresh(SpringApplication.java:756) ~[spring-boot-4.0.5.jar:4.0.5]
	at org.springframework.boot.SpringApplication.refreshContext(SpringApplication.java:445) ~[spring-boot-4.0.5.jar:4.0.5]
	at org.springframework.boot.SpringApplication.run(SpringApplication.java:321) ~[spring-boot-4.0.5.jar:4.0.5]
	at org.springframework.boot.SpringApplication.run(SpringApplication.java:1365) ~[spring-boot-4.0.5.jar:4.0.5]
	at org.springframework.boot.SpringApplication.run(SpringApplication.java:1354) ~[spring-boot-4.0.5.jar:4.0.5]
	at com.garygz.dspdemoproject.DspDemoProjectApplication.main(DspDemoProjectApplication.java:10) ~[main/:na]
	at java.base/jdk.internal.reflect.NativeMethodAccessorImpl.invoke0(Native Method) ~[na:na]
	at java.base/jdk.internal.reflect.NativeMethodAccessorImpl.invoke(NativeMethodAccessorImpl.java:77) ~[na:na]
	at java.base/jdk.internal.reflect.DelegatingMethodAccessorImpl.invoke(DelegatingMethodAccessorImpl.java:43) ~[na:na]
	at java.base/java.lang.reflect.Method.invoke(Method.java:569) ~[na:na]
	at org.springframework.boot.devtools.restart.RestartLauncher.run(RestartLauncher.java:52) ~[spring-boot-devtools-4.0.5.jar:4.0.5]
Caused by: org.springframework.beans.factory.UnsatisfiedDependencyException: Error creating bean with name 'dashBoardServiceImpl': Unsatisfied dependency expressed through field 'advRepo': Error creating bean with name 'advertiserRepository' defined in repository.com.garygz.dspdemoproject.AdvertiserRepository defined in @EnableJpaRepositories declared on DataJpaRepositoriesRegistrar.EnableJpaRepositoriesConfiguration: No property 'addAdvertiser' found for type 'Advertiser'
	at org.springframework.beans.factory.annotation.AutowiredAnnotationBeanPostProcessor$AutowiredFieldElement.resolveFieldValue(AutowiredAnnotationBeanPostProcessor.java:767) ~[spring-beans-7.0.6.jar:7.0.6]
	at org.springframework.beans.factory.annotation.AutowiredAnnotationBeanPostProcessor$AutowiredFieldElement.inject(AutowiredAnnotationBeanPostProcessor.java:748) ~[spring-beans-7.0.6.jar:7.0.6]
	at org.springframework.beans.factory.annotation.InjectionMetadata.inject(InjectionMetadata.java:146) ~[spring-beans-7.0.6.jar:7.0.6]
	at org.springframework.beans.factory.annotation.AutowiredAnnotationBeanPostProcessor.postProcessProperties(AutowiredAnnotationBeanPostProcessor.java:493) ~[spring-beans-7.0.6.jar:7.0.6]
	at org.springframework.beans.factory.support.AbstractAutowireCapableBeanFactory.populateBean(AbstractAutowireCapableBeanFactory.java:1446) ~[spring-beans-7.0.6.jar:7.0.6]
	at org.springframework.beans.factory.support.AbstractAutowireCapableBeanFactory.doCreateBean(AbstractAutowireCapableBeanFactory.java:602) ~[spring-beans-7.0.6.jar:7.0.6]
	at org.springframework.beans.factory.support.AbstractAutowireCapableBeanFactory.createBean(AbstractAutowireCapableBeanFactory.java:525) ~[spring-beans-7.0.6.jar:7.0.6]
	at org.springframework.beans.factory.support.AbstractBeanFactory.lambda$doGetBean$0(AbstractBeanFactory.java:333) ~[spring-beans-7.0.6.jar:7.0.6]
	at org.springframework.beans.factory.support.DefaultSingletonBeanRegistry.getSingleton(DefaultSingletonBeanRegistry.java:371) ~[spring-beans-7.0.6.jar:7.0.6]
	at org.springframework.beans.factory.support.AbstractBeanFactory.doGetBean(AbstractBeanFactory.java:331) ~[spring-beans-7.0.6.jar:7.0.6]
	at org.springframework.beans.factory.support.AbstractBeanFactory.getBean(AbstractBeanFactory.java:201) ~[spring-beans-7.0.6.jar:7.0.6]
	at org.springframework.beans.factory.config.DependencyDescriptor.resolveCandidate(DependencyDescriptor.java:229) ~[spring-beans-7.0.6.jar:7.0.6]
	at org.springframework.beans.factory.support.DefaultListableBeanFactory.doResolveDependency(DefaultListableBeanFactory.java:1762) ~[spring-beans-7.0.6.jar:7.0.6]
	at org.springframework.beans.factory.support.DefaultListableBeanFactory.resolveDependency(DefaultListableBeanFactory.java:1651) ~[spring-beans-7.0.6.jar:7.0.6]
	at org.springframework.beans.factory.annotation.AutowiredAnnotationBeanPostProcessor$AutowiredFieldElement.resolveFieldValue(AutowiredAnnotationBeanPostProcessor.java:764) ~[spring-beans-7.0.6.jar:7.0.6]
	... 27 common frames omitted
Caused by: org.springframework.beans.factory.BeanCreationException: Error creating bean with name 'advertiserRepository' defined in repository.com.garygz.dspdemoproject.AdvertiserRepository defined in @EnableJpaRepositories declared on DataJpaRepositoriesRegistrar.EnableJpaRepositoriesConfiguration: No property 'addAdvertiser' found for type 'Advertiser'
	at org.springframework.beans.factory.support.AbstractAutowireCapableBeanFactory.initializeBean(AbstractAutowireCapableBeanFactory.java:1817) ~[spring-beans-7.0.6.jar:7.0.6]
	at org.springframework.beans.factory.support.AbstractAutowireCapableBeanFactory.doCreateBean(AbstractAutowireCapableBeanFactory.java:603) ~[spring-beans-7.0.6.jar:7.0.6]
	at org.springframework.beans.factory.support.AbstractAutowireCapableBeanFactory.createBean(AbstractAutowireCapableBeanFactory.java:525) ~[spring-beans-7.0.6.jar:7.0.6]
	at org.springframework.beans.factory.support.AbstractBeanFactory.lambda$doGetBean$0(AbstractBeanFactory.java:333) ~[spring-beans-7.0.6.jar:7.0.6]
	at org.springframework.beans.factory.support.DefaultSingletonBeanRegistry.getSingleton(DefaultSingletonBeanRegistry.java:371) ~[spring-beans-7.0.6.jar:7.0.6]
	at org.springframework.beans.factory.support.AbstractBeanFactory.doGetBean(AbstractBeanFactory.java:331) ~[spring-beans-7.0.6.jar:7.0.6]
	at org.springframework.beans.factory.support.AbstractBeanFactory.getBean(AbstractBeanFactory.java:201) ~[spring-beans-7.0.6.jar:7.0.6]
	at org.springframework.beans.factory.config.DependencyDescriptor.resolveCandidate(DependencyDescriptor.java:229) ~[spring-beans-7.0.6.jar:7.0.6]
	at org.springframework.beans.factory.support.DefaultListableBeanFactory.doResolveDependency(DefaultListableBeanFactory.java:1762) ~[spring-beans-7.0.6.jar:7.0.6]
	at org.springframework.beans.factory.support.DefaultListableBeanFactory.resolveDependency(DefaultListableBeanFactory.java:1651) ~[spring-beans-7.0.6.jar:7.0.6]
	at org.springframework.beans.factory.annotation.AutowiredAnnotationBeanPostProcessor$AutowiredFieldElement.resolveFieldValue(AutowiredAnnotationBeanPostProcessor.java:764) ~[spring-beans-7.0.6.jar:7.0.6]
	... 41 common frames omitted
Caused by: org.springframework.data.repository.query.QueryCreationException: Cannot create query for method [AdvertiserRepository.addAdvertiser(java.lang.String,java.util.UUID)]; No property 'addAdvertiser' found for type 'Advertiser'
	at org.springframework.data.repository.query.QueryCreationException.create(QueryCreationException.java:109) ~[spring-data-commons-4.0.4.jar:4.0.4]
	at org.springframework.data.jpa.repository.query.PartTreeJpaQuery.<init>(PartTreeJpaQuery.java:114) ~[spring-data-jpa-4.0.4.jar:4.0.4]
	at org.springframework.data.jpa.repository.query.JpaQueryLookupStrategy$CreateQueryLookupStrategy.resolveQuery(JpaQueryLookupStrategy.java:118) ~[spring-data-jpa-4.0.4.jar:4.0.4]
	at org.springframework.data.jpa.repository.query.JpaQueryLookupStrategy$CreateIfNotFoundQueryLookupStrategy.resolveQuery(JpaQueryLookupStrategy.java:291) ~[spring-data-jpa-4.0.4.jar:4.0.4]
	at org.springframework.data.jpa.repository.query.JpaQueryLookupStrategy$AbstractQueryLookupStrategy.resolveQuery(JpaQueryLookupStrategy.java:93) ~[spring-data-jpa-4.0.4.jar:4.0.4]
	at org.springframework.data.repository.core.support.QueryExecutorMethodInterceptor.lookupQuery(QueryExecutorMethodInterceptor.java:114) ~[spring-data-commons-4.0.4.jar:4.0.4]
	at org.springframework.data.repository.core.support.QueryExecutorMethodInterceptor.mapMethodsToQuery(QueryExecutorMethodInterceptor.java:102) ~[spring-data-commons-4.0.4.jar:4.0.4]
	at org.springframework.data.repository.core.support.QueryExecutorMethodInterceptor.<init>(QueryExecutorMethodInterceptor.java:90) ~[spring-data-commons-4.0.4.jar:4.0.4]
	at org.springframework.data.repository.core.support.RepositoryFactorySupport.getRepository(RepositoryFactorySupport.java:413) ~[spring-data-commons-4.0.4.jar:4.0.4]
	at org.springframework.data.repository.core.support.RepositoryFactoryBeanSupport.lambda$afterPropertiesSet$1(RepositoryFactoryBeanSupport.java:361) ~[spring-data-commons-4.0.4.jar:4.0.4]
	at org.springframework.data.util.Lazy.getNullable(Lazy.java:136) ~[spring-data-commons-4.0.4.jar:4.0.4]
	at org.springframework.data.util.Lazy.get(Lazy.java:114) ~[spring-data-commons-4.0.4.jar:4.0.4]
	at org.springframework.data.repository.core.support.RepositoryFactoryBeanSupport.afterPropertiesSet(RepositoryFactoryBeanSupport.java:370) ~[spring-data-commons-4.0.4.jar:4.0.4]
	at org.springframework.data.jpa.repository.support.JpaRepositoryFactoryBean.afterPropertiesSet(JpaRepositoryFactoryBean.java:212) ~[spring-data-jpa-4.0.4.jar:4.0.4]
	at org.springframework.beans.factory.support.AbstractAutowireCapableBeanFactory.invokeInitMethods(AbstractAutowireCapableBeanFactory.java:1864) ~[spring-beans-7.0.6.jar:7.0.6]
	at org.springframework.beans.factory.support.AbstractAutowireCapableBeanFactory.initializeBean(AbstractAutowireCapableBeanFactory.java:1813) ~[spring-beans-7.0.6.jar:7.0.6]
	... 51 common frames omitted
Caused by: org.springframework.data.core.PropertyReferenceException: No property 'addAdvertiser' found for type 'Advertiser'
	at org.springframework.data.core.SimplePropertyPath.<init>(SimplePropertyPath.java:93) ~[spring-data-commons-4.0.4.jar:4.0.4]
	at org.springframework.data.core.SimplePropertyPath.create(SimplePropertyPath.java:360) ~[spring-data-commons-4.0.4.jar:4.0.4]
	at org.springframework.data.core.SimplePropertyPath.create(SimplePropertyPath.java:335) ~[spring-data-commons-4.0.4.jar:4.0.4]
	at org.springframework.data.core.SimplePropertyPath.lambda$from$0(SimplePropertyPath.java:288) ~[spring-data-commons-4.0.4.jar:4.0.4]
	at org.springframework.util.ConcurrentReferenceHashMap$6.execute(ConcurrentReferenceHashMap.java:387) ~[spring-core-7.0.6.jar:7.0.6]
	at org.springframework.util.ConcurrentReferenceHashMap$Segment.doTask(ConcurrentReferenceHashMap.java:681) ~[spring-core-7.0.6.jar:7.0.6]
	at org.springframework.util.ConcurrentReferenceHashMap.doTask(ConcurrentReferenceHashMap.java:565) ~[spring-core-7.0.6.jar:7.0.6]
	at org.springframework.util.ConcurrentReferenceHashMap.computeIfAbsent(ConcurrentReferenceHashMap.java:381) ~[spring-core-7.0.6.jar:7.0.6]
	at org.springframework.data.core.SimplePropertyPath.from(SimplePropertyPath.java:270) ~[spring-data-commons-4.0.4.jar:4.0.4]
	at org.springframework.data.core.PropertyPath.from(PropertyPath.java:210) ~[spring-data-commons-4.0.4.jar:4.0.4]
	at org.springframework.data.core.PropertyPath.from(PropertyPath.java:193) ~[spring-data-commons-4.0.4.jar:4.0.4]
	at org.springframework.data.repository.query.parser.Part.<init>(Part.java:81) ~[spring-data-commons-4.0.4.jar:4.0.4]
	at org.springframework.data.repository.query.parser.PartTree$OrPart.lambda$new$0(PartTree.java:260) ~[spring-data-commons-4.0.4.jar:4.0.4]
	at java.base/java.util.stream.ReferencePipeline$3$1.accept(ReferencePipeline.java:197) ~[na:na]
	at java.base/java.util.stream.ReferencePipeline$2$1.accept(ReferencePipeline.java:179) ~[na:na]
	at java.base/java.util.Spliterators$ArraySpliterator.forEachRemaining(Spliterators.java:992) ~[na:na]
	at java.base/java.util.stream.AbstractPipeline.copyInto(AbstractPipeline.java:509) ~[na:na]
	at java.base/java.util.stream.AbstractPipeline.wrapAndCopyInto(AbstractPipeline.java:499) ~[na:na]
	at java.base/java.util.stream.ReduceOps$ReduceOp.evaluateSequential(ReduceOps.java:921) ~[na:na]
	at java.base/java.util.stream.AbstractPipeline.evaluate(AbstractPipeline.java:234) ~[na:na]
	at java.base/java.util.stream.ReferencePipeline.collect(ReferencePipeline.java:682) ~[na:na]
	at org.springframework.data.repository.query.parser.PartTree$OrPart.<init>(PartTree.java:261) ~[spring-data-commons-4.0.4.jar:4.0.4]
	at org.springframework.data.repository.query.parser.PartTree$Predicate.lambda$new$0(PartTree.java:390) ~[spring-data-commons-4.0.4.jar:4.0.4]
	at java.base/java.util.stream.ReferencePipeline$3$1.accept(ReferencePipeline.java:197) ~[na:na]
	at java.base/java.util.stream.ReferencePipeline$2$1.accept(ReferencePipeline.java:179) ~[na:na]
	at java.base/java.util.Spliterators$ArraySpliterator.forEachRemaining(Spliterators.java:992) ~[na:na]
	at java.base/java.util.stream.AbstractPipeline.copyInto(AbstractPipeline.java:509) ~[na:na]
	at java.base/java.util.stream.AbstractPipeline.wrapAndCopyInto(AbstractPipeline.java:499) ~[na:na]
	at java.base/java.util.stream.ReduceOps$ReduceOp.evaluateSequential(ReduceOps.java:921) ~[na:na]
	at java.base/java.util.stream.AbstractPipeline.evaluate(AbstractPipeline.java:234) ~[na:na]
	at java.base/java.util.stream.ReferencePipeline.collect(ReferencePipeline.java:682) ~[na:na]
	at org.springframework.data.repository.query.parser.PartTree$Predicate.<init>(PartTree.java:391) ~[spring-data-commons-4.0.4.jar:4.0.4]
	at org.springframework.data.repository.query.parser.PartTree.<init>(PartTree.java:101) ~[spring-data-commons-4.0.4.jar:4.0.4]
	at org.springframework.data.jpa.repository.query.PartTreeJpaQuery.<init>(PartTreeJpaQuery.java:108) ~[spring-data-jpa-4.0.4.jar:4.0.4]
	... 65 common frames omitted

2026-04-14T12:53:28.544-04:00  INFO 67941 --- [dsp-demo-project] [restartedMain] c.e.d.DspDemoProjectApplication          : Starting DspDemoProjectApplication using Java 17.0.18 with PID 67941 (/Users/garygz/IdeaProjects/dsp-demo-project/build/classes/java/main started by garygz in /Users/garygz/IdeaProjects/dsp-demo-project)
2026-04-14T12:53:28.544-04:00 DEBUG 67941 --- [dsp-demo-project] [restartedMain] c.e.d.DspDemoProjectApplication          : Running with Spring Boot v4.0.5, Spring v7.0.6
2026-04-14T12:53:28.544-04:00  INFO 67941 --- [dsp-demo-project] [restartedMain] c.e.d.DspDemoProjectApplication          : No active profile set, falling back to 1 default profile: "default"
2026-04-14T12:53:28.595-04:00  INFO 67941 --- [dsp-demo-project] [restartedMain] .s.d.r.c.RepositoryConfigurationDelegate : Bootstrapping Spring Data JPA repositories in DEFAULT mode.
2026-04-14T12:53:28.599-04:00  INFO 67941 --- [dsp-demo-project] [restartedMain] .s.d.r.c.RepositoryConfigurationDelegate : Finished Spring Data repository scanning in 2 ms. Found 2 JPA repository interfaces.
2026-04-14T12:53:28.626-04:00  INFO 67941 --- [dsp-demo-project] [restartedMain] o.s.boot.tomcat.TomcatWebServer          : Tomcat initialized with port 8080 (http)
2026-04-14T12:53:28.627-04:00  INFO 67941 --- [dsp-demo-project] [restartedMain] o.apache.catalina.core.StandardService   : Starting service [Tomcat]
2026-04-14T12:53:28.627-04:00  INFO 67941 --- [dsp-demo-project] [restartedMain] o.apache.catalina.core.StandardEngine    : Starting Servlet engine: [Apache Tomcat/11.0.20]
2026-04-14T12:53:28.631-04:00  INFO 67941 --- [dsp-demo-project] [restartedMain] b.w.c.s.WebApplicationContextInitializer : Root WebApplicationContext: initialization completed in 86 ms
2026-04-14T12:53:28.644-04:00  INFO 67941 --- [dsp-demo-project] [restartedMain] org.hibernate.orm.jpa                    : HHH008540: Processing PersistenceUnitInfo [name: default]
2026-04-14T12:53:28.654-04:00  INFO 67941 --- [dsp-demo-project] [restartedMain] o.s.o.j.p.SpringPersistenceUnitInfo      : No LoadTimeWeaver setup: ignoring JPA class transformer
2026-04-14T12:53:28.655-04:00  INFO 67941 --- [dsp-demo-project] [restartedMain] com.zaxxer.hikari.HikariDataSource       : HikariPool-15 - Starting...
2026-04-14T12:53:29.096-04:00  INFO 67941 --- [dsp-demo-project] [restartedMain] com.zaxxer.hikari.pool.HikariPool        : HikariPool-15 - Added connection org.postgresql.jdbc.PgConnection@235cdc0e
2026-04-14T12:53:29.097-04:00  INFO 67941 --- [dsp-demo-project] [restartedMain] com.zaxxer.hikari.HikariDataSource       : HikariPool-15 - Start completed.
2026-04-14T12:53:29.135-04:00  WARN 67941 --- [dsp-demo-project] [restartedMain] org.hibernate.orm.deprecation            : HHH90000025: PostgreSQLDialect does not need to be specified explicitly using 'hibernate.dialect' (remove the property setting and it will be selected by default)
2026-04-14T12:53:29.280-04:00  INFO 67941 --- [dsp-demo-project] [restartedMain] org.hibernate.orm.connections.pooling    : HHH10001005: Database info:
	Database JDBC URL [jdbc:postgresql://dsp-demo-1.cwomfw6wy9rv.us-east-1.rds.amazonaws.com:5432/postgres?sslmode=verify-full&sslrootcert=./global-bundle.pem]
	Database driver: PostgreSQL JDBC Driver
	Database dialect: PostgreSQLDialect
	Database version: 17.6
	Default catalog/schema: postgres/public
	Autocommit mode: undefined/unknown
	Isolation level: READ_COMMITTED [default READ_COMMITTED]
	JDBC fetch size: none
	Pool: DataSourceConnectionProvider
	Minimum pool size: undefined/unknown
	Maximum pool size: undefined/unknown
2026-04-14T12:53:29.313-04:00  INFO 67941 --- [dsp-demo-project] [restartedMain] org.hibernate.orm.core                   : HHH000489: No JTA platform available (set 'hibernate.transaction.jta.platform' to enable JTA platform integration)
2026-04-14T12:53:29.581-04:00  INFO 67941 --- [dsp-demo-project] [restartedMain] j.LocalContainerEntityManagerFactoryBean : Initialized JPA EntityManagerFactory for persistence unit 'default'
2026-04-14T12:53:29.606-04:00  WARN 67941 --- [dsp-demo-project] [restartedMain] ConfigServletWebServerApplicationContext : Exception encountered during context initialization - cancelling refresh attempt: org.springframework.beans.factory.UnsatisfiedDependencyException: Error creating bean with name 'dashBoardServiceImpl': Unsatisfied dependency expressed through field 'advRepo': Error creating bean with name 'advertiserRepository' defined in repository.com.garygz.dspdemoproject.AdvertiserRepository defined in @EnableJpaRepositories declared on DataJpaRepositoriesRegistrar.EnableJpaRepositoriesConfiguration: No property 'addAdvertiser' found for type 'Advertiser'
2026-04-14T12:53:29.607-04:00  INFO 67941 --- [dsp-demo-project] [restartedMain] j.LocalContainerEntityManagerFactoryBean : Closing JPA EntityManagerFactory for persistence unit 'default'
2026-04-14T12:53:29.607-04:00  INFO 67941 --- [dsp-demo-project] [restartedMain] com.zaxxer.hikari.HikariDataSource       : HikariPool-15 - Shutdown initiated...
2026-04-14T12:53:29.787-04:00  INFO 67941 --- [dsp-demo-project] [restartedMain] com.zaxxer.hikari.HikariDataSource       : HikariPool-15 - Shutdown completed.
2026-04-14T12:53:29.788-04:00  INFO 67941 --- [dsp-demo-project] [restartedMain] o.apache.catalina.core.StandardService   : Stopping service [Tomcat]
2026-04-14T12:53:29.790-04:00  INFO 67941 --- [dsp-demo-project] [restartedMain] .s.b.a.l.ConditionEvaluationReportLogger : 

Error starting ApplicationContext. To display the condition evaluation report re-run your application with 'debug' enabled.
2026-04-14T12:53:29.792-04:00 ERROR 67941 --- [dsp-demo-project] [restartedMain] o.s.boot.SpringApplication               : Application run failed

org.springframework.beans.factory.UnsatisfiedDependencyException: Error creating bean with name 'dashBoardServiceImpl': Unsatisfied dependency expressed through field 'advRepo': Error creating bean with name 'advertiserRepository' defined in repository.com.garygz.dspdemoproject.AdvertiserRepository defined in @EnableJpaRepositories declared on DataJpaRepositoriesRegistrar.EnableJpaRepositoriesConfiguration: No property 'addAdvertiser' found for type 'Advertiser'
	at org.springframework.beans.factory.annotation.AutowiredAnnotationBeanPostProcessor$AutowiredFieldElement.resolveFieldValue(AutowiredAnnotationBeanPostProcessor.java:767) ~[spring-beans-7.0.6.jar:7.0.6]
	at org.springframework.beans.factory.annotation.AutowiredAnnotationBeanPostProcessor$AutowiredFieldElement.inject(AutowiredAnnotationBeanPostProcessor.java:748) ~[spring-beans-7.0.6.jar:7.0.6]
	at org.springframework.beans.factory.annotation.InjectionMetadata.inject(InjectionMetadata.java:146) ~[spring-beans-7.0.6.jar:7.0.6]
	at org.springframework.beans.factory.annotation.AutowiredAnnotationBeanPostProcessor.postProcessProperties(AutowiredAnnotationBeanPostProcessor.java:493) ~[spring-beans-7.0.6.jar:7.0.6]
	at org.springframework.beans.factory.support.AbstractAutowireCapableBeanFactory.populateBean(AbstractAutowireCapableBeanFactory.java:1446) ~[spring-beans-7.0.6.jar:7.0.6]
	at org.springframework.beans.factory.support.AbstractAutowireCapableBeanFactory.doCreateBean(AbstractAutowireCapableBeanFactory.java:602) ~[spring-beans-7.0.6.jar:7.0.6]
	at org.springframework.beans.factory.support.AbstractAutowireCapableBeanFactory.createBean(AbstractAutowireCapableBeanFactory.java:525) ~[spring-beans-7.0.6.jar:7.0.6]
	at org.springframework.beans.factory.support.AbstractBeanFactory.lambda$doGetBean$0(AbstractBeanFactory.java:333) ~[spring-beans-7.0.6.jar:7.0.6]
	at org.springframework.beans.factory.support.DefaultSingletonBeanRegistry.getSingleton(DefaultSingletonBeanRegistry.java:371) ~[spring-beans-7.0.6.jar:7.0.6]
	at org.springframework.beans.factory.support.AbstractBeanFactory.doGetBean(AbstractBeanFactory.java:331) ~[spring-beans-7.0.6.jar:7.0.6]
	at org.springframework.beans.factory.support.AbstractBeanFactory.getBean(AbstractBeanFactory.java:196) ~[spring-beans-7.0.6.jar:7.0.6]
	at org.springframework.beans.factory.support.DefaultListableBeanFactory.instantiateSingleton(DefaultListableBeanFactory.java:1218) ~[spring-beans-7.0.6.jar:7.0.6]
	at org.springframework.beans.factory.support.DefaultListableBeanFactory.preInstantiateSingleton(DefaultListableBeanFactory.java:1184) ~[spring-beans-7.0.6.jar:7.0.6]
	at org.springframework.beans.factory.support.DefaultListableBeanFactory.preInstantiateSingletons(DefaultListableBeanFactory.java:1121) ~[spring-beans-7.0.6.jar:7.0.6]
	at org.springframework.context.support.AbstractApplicationContext.finishBeanFactoryInitialization(AbstractApplicationContext.java:994) ~[spring-context-7.0.6.jar:7.0.6]
	at org.springframework.context.support.AbstractApplicationContext.refresh(AbstractApplicationContext.java:621) ~[spring-context-7.0.6.jar:7.0.6]
	at org.springframework.boot.web.server.servlet.context.ServletWebServerApplicationContext.refresh(ServletWebServerApplicationContext.java:143) ~[spring-boot-web-server-4.0.5.jar:4.0.5]
	at org.springframework.boot.SpringApplication.refresh(SpringApplication.java:756) ~[spring-boot-4.0.5.jar:4.0.5]
	at org.springframework.boot.SpringApplication.refreshContext(SpringApplication.java:445) ~[spring-boot-4.0.5.jar:4.0.5]
	at org.springframework.boot.SpringApplication.run(SpringApplication.java:321) ~[spring-boot-4.0.5.jar:4.0.5]
	at org.springframework.boot.SpringApplication.run(SpringApplication.java:1365) ~[spring-boot-4.0.5.jar:4.0.5]
	at org.springframework.boot.SpringApplication.run(SpringApplication.java:1354) ~[spring-boot-4.0.5.jar:4.0.5]
	at com.garygz.dspdemoproject.DspDemoProjectApplication.main(DspDemoProjectApplication.java:10) ~[main/:na]
	at java.base/jdk.internal.reflect.NativeMethodAccessorImpl.invoke0(Native Method) ~[na:na]
	at java.base/jdk.internal.reflect.NativeMethodAccessorImpl.invoke(NativeMethodAccessorImpl.java:77) ~[na:na]
	at java.base/jdk.internal.reflect.DelegatingMethodAccessorImpl.invoke(DelegatingMethodAccessorImpl.java:43) ~[na:na]
	at java.base/java.lang.reflect.Method.invoke(Method.java:569) ~[na:na]
	at org.springframework.boot.devtools.restart.RestartLauncher.run(RestartLauncher.java:52) ~[spring-boot-devtools-4.0.5.jar:4.0.5]
Caused by: org.springframework.beans.factory.BeanCreationException: Error creating bean with name 'advertiserRepository' defined in repository.com.garygz.dspdemoproject.AdvertiserRepository defined in @EnableJpaRepositories declared on DataJpaRepositoriesRegistrar.EnableJpaRepositoriesConfiguration: No property 'addAdvertiser' found for type 'Advertiser'
	at org.springframework.beans.factory.support.AbstractAutowireCapableBeanFactory.initializeBean(AbstractAutowireCapableBeanFactory.java:1817) ~[spring-beans-7.0.6.jar:7.0.6]
	at org.springframework.beans.factory.support.AbstractAutowireCapableBeanFactory.doCreateBean(AbstractAutowireCapableBeanFactory.java:603) ~[spring-beans-7.0.6.jar:7.0.6]
	at org.springframework.beans.factory.support.AbstractAutowireCapableBeanFactory.createBean(AbstractAutowireCapableBeanFactory.java:525) ~[spring-beans-7.0.6.jar:7.0.6]
	at org.springframework.beans.factory.support.AbstractBeanFactory.lambda$doGetBean$0(AbstractBeanFactory.java:333) ~[spring-beans-7.0.6.jar:7.0.6]
	at org.springframework.beans.factory.support.DefaultSingletonBeanRegistry.getSingleton(DefaultSingletonBeanRegistry.java:371) ~[spring-beans-7.0.6.jar:7.0.6]
	at org.springframework.beans.factory.support.AbstractBeanFactory.doGetBean(AbstractBeanFactory.java:331) ~[spring-beans-7.0.6.jar:7.0.6]
	at org.springframework.beans.factory.support.AbstractBeanFactory.getBean(AbstractBeanFactory.java:201) ~[spring-beans-7.0.6.jar:7.0.6]
	at org.springframework.beans.factory.config.DependencyDescriptor.resolveCandidate(DependencyDescriptor.java:229) ~[spring-beans-7.0.6.jar:7.0.6]
	at org.springframework.beans.factory.support.DefaultListableBeanFactory.doResolveDependency(DefaultListableBeanFactory.java:1762) ~[spring-beans-7.0.6.jar:7.0.6]
	at org.springframework.beans.factory.support.DefaultListableBeanFactory.resolveDependency(DefaultListableBeanFactory.java:1651) ~[spring-beans-7.0.6.jar:7.0.6]
	at org.springframework.beans.factory.annotation.AutowiredAnnotationBeanPostProcessor$AutowiredFieldElement.resolveFieldValue(AutowiredAnnotationBeanPostProcessor.java:764) ~[spring-beans-7.0.6.jar:7.0.6]
	... 27 common frames omitted
Caused by: org.springframework.data.repository.query.QueryCreationException: Cannot create query for method [AdvertiserRepository.addAdvertiser(java.lang.String,java.util.UUID)]; No property 'addAdvertiser' found for type 'Advertiser'
	at org.springframework.data.repository.query.QueryCreationException.create(QueryCreationException.java:109) ~[spring-data-commons-4.0.4.jar:4.0.4]
	at org.springframework.data.jpa.repository.query.PartTreeJpaQuery.<init>(PartTreeJpaQuery.java:114) ~[spring-data-jpa-4.0.4.jar:4.0.4]
	at org.springframework.data.jpa.repository.query.JpaQueryLookupStrategy$CreateQueryLookupStrategy.resolveQuery(JpaQueryLookupStrategy.java:118) ~[spring-data-jpa-4.0.4.jar:4.0.4]
	at org.springframework.data.jpa.repository.query.JpaQueryLookupStrategy$CreateIfNotFoundQueryLookupStrategy.resolveQuery(JpaQueryLookupStrategy.java:291) ~[spring-data-jpa-4.0.4.jar:4.0.4]
	at org.springframework.data.jpa.repository.query.JpaQueryLookupStrategy$AbstractQueryLookupStrategy.resolveQuery(JpaQueryLookupStrategy.java:93) ~[spring-data-jpa-4.0.4.jar:4.0.4]
	at org.springframework.data.repository.core.support.QueryExecutorMethodInterceptor.lookupQuery(QueryExecutorMethodInterceptor.java:114) ~[spring-data-commons-4.0.4.jar:4.0.4]
	at org.springframework.data.repository.core.support.QueryExecutorMethodInterceptor.mapMethodsToQuery(QueryExecutorMethodInterceptor.java:102) ~[spring-data-commons-4.0.4.jar:4.0.4]
	at org.springframework.data.repository.core.support.QueryExecutorMethodInterceptor.<init>(QueryExecutorMethodInterceptor.java:90) ~[spring-data-commons-4.0.4.jar:4.0.4]
	at org.springframework.data.repository.core.support.RepositoryFactorySupport.getRepository(RepositoryFactorySupport.java:413) ~[spring-data-commons-4.0.4.jar:4.0.4]
	at org.springframework.data.repository.core.support.RepositoryFactoryBeanSupport.lambda$afterPropertiesSet$1(RepositoryFactoryBeanSupport.java:361) ~[spring-data-commons-4.0.4.jar:4.0.4]
	at org.springframework.data.util.Lazy.getNullable(Lazy.java:136) ~[spring-data-commons-4.0.4.jar:4.0.4]
	at org.springframework.data.util.Lazy.get(Lazy.java:114) ~[spring-data-commons-4.0.4.jar:4.0.4]
	at org.springframework.data.repository.core.support.RepositoryFactoryBeanSupport.afterPropertiesSet(RepositoryFactoryBeanSupport.java:370) ~[spring-data-commons-4.0.4.jar:4.0.4]
	at org.springframework.data.jpa.repository.support.JpaRepositoryFactoryBean.afterPropertiesSet(JpaRepositoryFactoryBean.java:212) ~[spring-data-jpa-4.0.4.jar:4.0.4]
	at org.springframework.beans.factory.support.AbstractAutowireCapableBeanFactory.invokeInitMethods(AbstractAutowireCapableBeanFactory.java:1864) ~[spring-beans-7.0.6.jar:7.0.6]
	at org.springframework.beans.factory.support.AbstractAutowireCapableBeanFactory.initializeBean(AbstractAutowireCapableBeanFactory.java:1813) ~[spring-beans-7.0.6.jar:7.0.6]
	... 37 common frames omitted
Caused by: org.springframework.data.core.PropertyReferenceException: No property 'addAdvertiser' found for type 'Advertiser'
	at org.springframework.data.core.SimplePropertyPath.<init>(SimplePropertyPath.java:93) ~[spring-data-commons-4.0.4.jar:4.0.4]
	at org.springframework.data.core.SimplePropertyPath.create(SimplePropertyPath.java:360) ~[spring-data-commons-4.0.4.jar:4.0.4]
	at org.springframework.data.core.SimplePropertyPath.create(SimplePropertyPath.java:335) ~[spring-data-commons-4.0.4.jar:4.0.4]
	at org.springframework.data.core.SimplePropertyPath.lambda$from$0(SimplePropertyPath.java:288) ~[spring-data-commons-4.0.4.jar:4.0.4]
	at org.springframework.util.ConcurrentReferenceHashMap$6.execute(ConcurrentReferenceHashMap.java:387) ~[spring-core-7.0.6.jar:7.0.6]
	at org.springframework.util.ConcurrentReferenceHashMap$Segment.doTask(ConcurrentReferenceHashMap.java:681) ~[spring-core-7.0.6.jar:7.0.6]
	at org.springframework.util.ConcurrentReferenceHashMap.doTask(ConcurrentReferenceHashMap.java:565) ~[spring-core-7.0.6.jar:7.0.6]
	at org.springframework.util.ConcurrentReferenceHashMap.computeIfAbsent(ConcurrentReferenceHashMap.java:381) ~[spring-core-7.0.6.jar:7.0.6]
	at org.springframework.data.core.SimplePropertyPath.from(SimplePropertyPath.java:270) ~[spring-data-commons-4.0.4.jar:4.0.4]
	at org.springframework.data.core.PropertyPath.from(PropertyPath.java:210) ~[spring-data-commons-4.0.4.jar:4.0.4]
	at org.springframework.data.core.PropertyPath.from(PropertyPath.java:193) ~[spring-data-commons-4.0.4.jar:4.0.4]
	at org.springframework.data.repository.query.parser.Part.<init>(Part.java:81) ~[spring-data-commons-4.0.4.jar:4.0.4]
	at org.springframework.data.repository.query.parser.PartTree$OrPart.lambda$new$0(PartTree.java:260) ~[spring-data-commons-4.0.4.jar:4.0.4]
	at java.base/java.util.stream.ReferencePipeline$3$1.accept(ReferencePipeline.java:197) ~[na:na]
	at java.base/java.util.stream.ReferencePipeline$2$1.accept(ReferencePipeline.java:179) ~[na:na]
	at java.base/java.util.Spliterators$ArraySpliterator.forEachRemaining(Spliterators.java:992) ~[na:na]
	at java.base/java.util.stream.AbstractPipeline.copyInto(AbstractPipeline.java:509) ~[na:na]
	at java.base/java.util.stream.AbstractPipeline.wrapAndCopyInto(AbstractPipeline.java:499) ~[na:na]
	at java.base/java.util.stream.ReduceOps$ReduceOp.evaluateSequential(ReduceOps.java:921) ~[na:na]
	at java.base/java.util.stream.AbstractPipeline.evaluate(AbstractPipeline.java:234) ~[na:na]
	at java.base/java.util.stream.ReferencePipeline.collect(ReferencePipeline.java:682) ~[na:na]
	at org.springframework.data.repository.query.parser.PartTree$OrPart.<init>(PartTree.java:261) ~[spring-data-commons-4.0.4.jar:4.0.4]
	at org.springframework.data.repository.query.parser.PartTree$Predicate.lambda$new$0(PartTree.java:390) ~[spring-data-commons-4.0.4.jar:4.0.4]
	at java.base/java.util.stream.ReferencePipeline$3$1.accept(ReferencePipeline.java:197) ~[na:na]
	at java.base/java.util.stream.ReferencePipeline$2$1.accept(ReferencePipeline.java:179) ~[na:na]
	at java.base/java.util.Spliterators$ArraySpliterator.forEachRemaining(Spliterators.java:992) ~[na:na]
	at java.base/java.util.stream.AbstractPipeline.copyInto(AbstractPipeline.java:509) ~[na:na]
	at java.base/java.util.stream.AbstractPipeline.wrapAndCopyInto(AbstractPipeline.java:499) ~[na:na]
	at java.base/java.util.stream.ReduceOps$ReduceOp.evaluateSequential(ReduceOps.java:921) ~[na:na]
	at java.base/java.util.stream.AbstractPipeline.evaluate(AbstractPipeline.java:234) ~[na:na]
	at java.base/java.util.stream.ReferencePipeline.collect(ReferencePipeline.java:682) ~[na:na]
	at org.springframework.data.repository.query.parser.PartTree$Predicate.<init>(PartTree.java:391) ~[spring-data-commons-4.0.4.jar:4.0.4]
	at org.springframework.data.repository.query.parser.PartTree.<init>(PartTree.java:101) ~[spring-data-commons-4.0.4.jar:4.0.4]
	at org.springframework.data.jpa.repository.query.PartTreeJpaQuery.<init>(PartTreeJpaQuery.java:108) ~[spring-data-jpa-4.0.4.jar:4.0.4]
	... 51 common frames omitted

2026-04-14T12:54:14.605-04:00  INFO 67941 --- [dsp-demo-project] [restartedMain] c.e.d.DspDemoProjectApplication          : Starting DspDemoProjectApplication using Java 17.0.18 with PID 67941 (/Users/garygz/IdeaProjects/dsp-demo-project/build/classes/java/main started by garygz in /Users/garygz/IdeaProjects/dsp-demo-project)
2026-04-14T12:54:14.605-04:00 DEBUG 67941 --- [dsp-demo-project] [restartedMain] c.e.d.DspDemoProjectApplication          : Running with Spring Boot v4.0.5, Spring v7.0.6
2026-04-14T12:54:14.605-04:00  INFO 67941 --- [dsp-demo-project] [restartedMain] c.e.d.DspDemoProjectApplication          : No active profile set, falling back to 1 default profile: "default"
2026-04-14T12:54:14.644-04:00  INFO 67941 --- [dsp-demo-project] [restartedMain] .s.d.r.c.RepositoryConfigurationDelegate : Bootstrapping Spring Data JPA repositories in DEFAULT mode.
2026-04-14T12:54:14.649-04:00  INFO 67941 --- [dsp-demo-project] [restartedMain] .s.d.r.c.RepositoryConfigurationDelegate : Finished Spring Data repository scanning in 3 ms. Found 2 JPA repository interfaces.
2026-04-14T12:54:14.675-04:00  INFO 67941 --- [dsp-demo-project] [restartedMain] o.s.boot.tomcat.TomcatWebServer          : Tomcat initialized with port 8080 (http)
2026-04-14T12:54:14.675-04:00  INFO 67941 --- [dsp-demo-project] [restartedMain] o.apache.catalina.core.StandardService   : Starting service [Tomcat]
2026-04-14T12:54:14.675-04:00  INFO 67941 --- [dsp-demo-project] [restartedMain] o.apache.catalina.core.StandardEngine    : Starting Servlet engine: [Apache Tomcat/11.0.20]
2026-04-14T12:54:14.679-04:00  INFO 67941 --- [dsp-demo-project] [restartedMain] b.w.c.s.WebApplicationContextInitializer : Root WebApplicationContext: initialization completed in 73 ms
2026-04-14T12:54:14.691-04:00  INFO 67941 --- [dsp-demo-project] [restartedMain] org.hibernate.orm.jpa                    : HHH008540: Processing PersistenceUnitInfo [name: default]
2026-04-14T12:54:14.700-04:00  INFO 67941 --- [dsp-demo-project] [restartedMain] o.s.o.j.p.SpringPersistenceUnitInfo      : No LoadTimeWeaver setup: ignoring JPA class transformer
2026-04-14T12:54:14.700-04:00  INFO 67941 --- [dsp-demo-project] [restartedMain] com.zaxxer.hikari.HikariDataSource       : HikariPool-16 - Starting...
2026-04-14T12:54:15.061-04:00  INFO 67941 --- [dsp-demo-project] [restartedMain] com.zaxxer.hikari.pool.HikariPool        : HikariPool-16 - Added connection org.postgresql.jdbc.PgConnection@2c162b0d
2026-04-14T12:54:15.062-04:00  INFO 67941 --- [dsp-demo-project] [restartedMain] com.zaxxer.hikari.HikariDataSource       : HikariPool-16 - Start completed.
2026-04-14T12:54:15.094-04:00  WARN 67941 --- [dsp-demo-project] [restartedMain] org.hibernate.orm.deprecation            : HHH90000025: PostgreSQLDialect does not need to be specified explicitly using 'hibernate.dialect' (remove the property setting and it will be selected by default)
2026-04-14T12:54:15.215-04:00  INFO 67941 --- [dsp-demo-project] [restartedMain] org.hibernate.orm.connections.pooling    : HHH10001005: Database info:
	Database JDBC URL [jdbc:postgresql://dsp-demo-1.cwomfw6wy9rv.us-east-1.rds.amazonaws.com:5432/postgres?sslmode=verify-full&sslrootcert=./global-bundle.pem]
	Database driver: PostgreSQL JDBC Driver
	Database dialect: PostgreSQLDialect
	Database version: 17.6
	Default catalog/schema: postgres/public
	Autocommit mode: undefined/unknown
	Isolation level: READ_COMMITTED [default READ_COMMITTED]
	JDBC fetch size: none
	Pool: DataSourceConnectionProvider
	Minimum pool size: undefined/unknown
	Maximum pool size: undefined/unknown
2026-04-14T12:54:15.256-04:00  INFO 67941 --- [dsp-demo-project] [restartedMain] org.hibernate.orm.core                   : HHH000489: No JTA platform available (set 'hibernate.transaction.jta.platform' to enable JTA platform integration)
2026-04-14T12:54:15.485-04:00  INFO 67941 --- [dsp-demo-project] [restartedMain] j.LocalContainerEntityManagerFactoryBean : Initialized JPA EntityManagerFactory for persistence unit 'default'
2026-04-14T12:54:15.501-04:00  WARN 67941 --- [dsp-demo-project] [restartedMain] ConfigServletWebServerApplicationContext : Exception encountered during context initialization - cancelling refresh attempt: org.springframework.beans.factory.UnsatisfiedDependencyException: Error creating bean with name 'restEndpointController': Unsatisfied dependency expressed through field 'dashBoardService': Error creating bean with name 'dashBoardServiceImpl': Unsatisfied dependency expressed through field 'advRepo': Error creating bean with name 'advertiserRepository' defined in repository.com.garygz.dspdemoproject.AdvertiserRepository defined in @EnableJpaRepositories declared on DataJpaRepositoriesRegistrar.EnableJpaRepositoriesConfiguration: No property 'addAdvertiser' found for type 'Advertiser'
2026-04-14T12:54:15.501-04:00  INFO 67941 --- [dsp-demo-project] [restartedMain] j.LocalContainerEntityManagerFactoryBean : Closing JPA EntityManagerFactory for persistence unit 'default'
2026-04-14T12:54:15.501-04:00  INFO 67941 --- [dsp-demo-project] [restartedMain] com.zaxxer.hikari.HikariDataSource       : HikariPool-16 - Shutdown initiated...
2026-04-14T12:54:15.749-04:00  INFO 67941 --- [dsp-demo-project] [restartedMain] com.zaxxer.hikari.HikariDataSource       : HikariPool-16 - Shutdown completed.
2026-04-14T12:54:15.750-04:00  INFO 67941 --- [dsp-demo-project] [restartedMain] o.apache.catalina.core.StandardService   : Stopping service [Tomcat]
2026-04-14T12:54:15.753-04:00  INFO 67941 --- [dsp-demo-project] [restartedMain] .s.b.a.l.ConditionEvaluationReportLogger : 

Error starting ApplicationContext. To display the condition evaluation report re-run your application with 'debug' enabled.
2026-04-14T12:54:15.754-04:00 ERROR 67941 --- [dsp-demo-project] [restartedMain] o.s.boot.SpringApplication               : Application run failed

org.springframework.beans.factory.UnsatisfiedDependencyException: Error creating bean with name 'restEndpointController': Unsatisfied dependency expressed through field 'dashBoardService': Error creating bean with name 'dashBoardServiceImpl': Unsatisfied dependency expressed through field 'advRepo': Error creating bean with name 'advertiserRepository' defined in repository.com.garygz.dspdemoproject.AdvertiserRepository defined in @EnableJpaRepositories declared on DataJpaRepositoriesRegistrar.EnableJpaRepositoriesConfiguration: No property 'addAdvertiser' found for type 'Advertiser'
	at org.springframework.beans.factory.annotation.AutowiredAnnotationBeanPostProcessor$AutowiredFieldElement.resolveFieldValue(AutowiredAnnotationBeanPostProcessor.java:767) ~[spring-beans-7.0.6.jar:7.0.6]
	at org.springframework.beans.factory.annotation.AutowiredAnnotationBeanPostProcessor$AutowiredFieldElement.inject(AutowiredAnnotationBeanPostProcessor.java:748) ~[spring-beans-7.0.6.jar:7.0.6]
	at org.springframework.beans.factory.annotation.InjectionMetadata.inject(InjectionMetadata.java:146) ~[spring-beans-7.0.6.jar:7.0.6]
	at org.springframework.beans.factory.annotation.AutowiredAnnotationBeanPostProcessor.postProcessProperties(AutowiredAnnotationBeanPostProcessor.java:493) ~[spring-beans-7.0.6.jar:7.0.6]
	at org.springframework.beans.factory.support.AbstractAutowireCapableBeanFactory.populateBean(AbstractAutowireCapableBeanFactory.java:1446) ~[spring-beans-7.0.6.jar:7.0.6]
	at org.springframework.beans.factory.support.AbstractAutowireCapableBeanFactory.doCreateBean(AbstractAutowireCapableBeanFactory.java:602) ~[spring-beans-7.0.6.jar:7.0.6]
	at org.springframework.beans.factory.support.AbstractAutowireCapableBeanFactory.createBean(AbstractAutowireCapableBeanFactory.java:525) ~[spring-beans-7.0.6.jar:7.0.6]
	at org.springframework.beans.factory.support.AbstractBeanFactory.lambda$doGetBean$0(AbstractBeanFactory.java:333) ~[spring-beans-7.0.6.jar:7.0.6]
	at org.springframework.beans.factory.support.DefaultSingletonBeanRegistry.getSingleton(DefaultSingletonBeanRegistry.java:371) ~[spring-beans-7.0.6.jar:7.0.6]
	at org.springframework.beans.factory.support.AbstractBeanFactory.doGetBean(AbstractBeanFactory.java:331) ~[spring-beans-7.0.6.jar:7.0.6]
	at org.springframework.beans.factory.support.AbstractBeanFactory.getBean(AbstractBeanFactory.java:196) ~[spring-beans-7.0.6.jar:7.0.6]
	at org.springframework.beans.factory.support.DefaultListableBeanFactory.instantiateSingleton(DefaultListableBeanFactory.java:1218) ~[spring-beans-7.0.6.jar:7.0.6]
	at org.springframework.beans.factory.support.DefaultListableBeanFactory.preInstantiateSingleton(DefaultListableBeanFactory.java:1184) ~[spring-beans-7.0.6.jar:7.0.6]
	at org.springframework.beans.factory.support.DefaultListableBeanFactory.preInstantiateSingletons(DefaultListableBeanFactory.java:1121) ~[spring-beans-7.0.6.jar:7.0.6]
	at org.springframework.context.support.AbstractApplicationContext.finishBeanFactoryInitialization(AbstractApplicationContext.java:994) ~[spring-context-7.0.6.jar:7.0.6]
	at org.springframework.context.support.AbstractApplicationContext.refresh(AbstractApplicationContext.java:621) ~[spring-context-7.0.6.jar:7.0.6]
	at org.springframework.boot.web.server.servlet.context.ServletWebServerApplicationContext.refresh(ServletWebServerApplicationContext.java:143) ~[spring-boot-web-server-4.0.5.jar:4.0.5]
	at org.springframework.boot.SpringApplication.refresh(SpringApplication.java:756) ~[spring-boot-4.0.5.jar:4.0.5]
	at org.springframework.boot.SpringApplication.refreshContext(SpringApplication.java:445) ~[spring-boot-4.0.5.jar:4.0.5]
	at org.springframework.boot.SpringApplication.run(SpringApplication.java:321) ~[spring-boot-4.0.5.jar:4.0.5]
	at org.springframework.boot.SpringApplication.run(SpringApplication.java:1365) ~[spring-boot-4.0.5.jar:4.0.5]
	at org.springframework.boot.SpringApplication.run(SpringApplication.java:1354) ~[spring-boot-4.0.5.jar:4.0.5]
	at com.garygz.dspdemoproject.DspDemoProjectApplication.main(DspDemoProjectApplication.java:10) ~[main/:na]
	at java.base/jdk.internal.reflect.NativeMethodAccessorImpl.invoke0(Native Method) ~[na:na]
	at java.base/jdk.internal.reflect.NativeMethodAccessorImpl.invoke(NativeMethodAccessorImpl.java:77) ~[na:na]
	at java.base/jdk.internal.reflect.DelegatingMethodAccessorImpl.invoke(DelegatingMethodAccessorImpl.java:43) ~[na:na]
	at java.base/java.lang.reflect.Method.invoke(Method.java:569) ~[na:na]
	at org.springframework.boot.devtools.restart.RestartLauncher.run(RestartLauncher.java:52) ~[spring-boot-devtools-4.0.5.jar:4.0.5]
Caused by: org.springframework.beans.factory.UnsatisfiedDependencyException: Error creating bean with name 'dashBoardServiceImpl': Unsatisfied dependency expressed through field 'advRepo': Error creating bean with name 'advertiserRepository' defined in repository.com.garygz.dspdemoproject.AdvertiserRepository defined in @EnableJpaRepositories declared on DataJpaRepositoriesRegistrar.EnableJpaRepositoriesConfiguration: No property 'addAdvertiser' found for type 'Advertiser'
	at org.springframework.beans.factory.annotation.AutowiredAnnotationBeanPostProcessor$AutowiredFieldElement.resolveFieldValue(AutowiredAnnotationBeanPostProcessor.java:767) ~[spring-beans-7.0.6.jar:7.0.6]
	at org.springframework.beans.factory.annotation.AutowiredAnnotationBeanPostProcessor$AutowiredFieldElement.inject(AutowiredAnnotationBeanPostProcessor.java:748) ~[spring-beans-7.0.6.jar:7.0.6]
	at org.springframework.beans.factory.annotation.InjectionMetadata.inject(InjectionMetadata.java:146) ~[spring-beans-7.0.6.jar:7.0.6]
	at org.springframework.beans.factory.annotation.AutowiredAnnotationBeanPostProcessor.postProcessProperties(AutowiredAnnotationBeanPostProcessor.java:493) ~[spring-beans-7.0.6.jar:7.0.6]
	at org.springframework.beans.factory.support.AbstractAutowireCapableBeanFactory.populateBean(AbstractAutowireCapableBeanFactory.java:1446) ~[spring-beans-7.0.6.jar:7.0.6]
	at org.springframework.beans.factory.support.AbstractAutowireCapableBeanFactory.doCreateBean(AbstractAutowireCapableBeanFactory.java:602) ~[spring-beans-7.0.6.jar:7.0.6]
	at org.springframework.beans.factory.support.AbstractAutowireCapableBeanFactory.createBean(AbstractAutowireCapableBeanFactory.java:525) ~[spring-beans-7.0.6.jar:7.0.6]
	at org.springframework.beans.factory.support.AbstractBeanFactory.lambda$doGetBean$0(AbstractBeanFactory.java:333) ~[spring-beans-7.0.6.jar:7.0.6]
	at org.springframework.beans.factory.support.DefaultSingletonBeanRegistry.getSingleton(DefaultSingletonBeanRegistry.java:371) ~[spring-beans-7.0.6.jar:7.0.6]
	at org.springframework.beans.factory.support.AbstractBeanFactory.doGetBean(AbstractBeanFactory.java:331) ~[spring-beans-7.0.6.jar:7.0.6]
	at org.springframework.beans.factory.support.AbstractBeanFactory.getBean(AbstractBeanFactory.java:201) ~[spring-beans-7.0.6.jar:7.0.6]
	at org.springframework.beans.factory.config.DependencyDescriptor.resolveCandidate(DependencyDescriptor.java:229) ~[spring-beans-7.0.6.jar:7.0.6]
	at org.springframework.beans.factory.support.DefaultListableBeanFactory.doResolveDependency(DefaultListableBeanFactory.java:1762) ~[spring-beans-7.0.6.jar:7.0.6]
	at org.springframework.beans.factory.support.DefaultListableBeanFactory.resolveDependency(DefaultListableBeanFactory.java:1651) ~[spring-beans-7.0.6.jar:7.0.6]
	at org.springframework.beans.factory.annotation.AutowiredAnnotationBeanPostProcessor$AutowiredFieldElement.resolveFieldValue(AutowiredAnnotationBeanPostProcessor.java:764) ~[spring-beans-7.0.6.jar:7.0.6]
	... 27 common frames omitted
Caused by: org.springframework.beans.factory.BeanCreationException: Error creating bean with name 'advertiserRepository' defined in repository.com.garygz.dspdemoproject.AdvertiserRepository defined in @EnableJpaRepositories declared on DataJpaRepositoriesRegistrar.EnableJpaRepositoriesConfiguration: No property 'addAdvertiser' found for type 'Advertiser'
	at org.springframework.beans.factory.support.AbstractAutowireCapableBeanFactory.initializeBean(AbstractAutowireCapableBeanFactory.java:1817) ~[spring-beans-7.0.6.jar:7.0.6]
	at org.springframework.beans.factory.support.AbstractAutowireCapableBeanFactory.doCreateBean(AbstractAutowireCapableBeanFactory.java:603) ~[spring-beans-7.0.6.jar:7.0.6]
	at org.springframework.beans.factory.support.AbstractAutowireCapableBeanFactory.createBean(AbstractAutowireCapableBeanFactory.java:525) ~[spring-beans-7.0.6.jar:7.0.6]
	at org.springframework.beans.factory.support.AbstractBeanFactory.lambda$doGetBean$0(AbstractBeanFactory.java:333) ~[spring-beans-7.0.6.jar:7.0.6]
	at org.springframework.beans.factory.support.DefaultSingletonBeanRegistry.getSingleton(DefaultSingletonBeanRegistry.java:371) ~[spring-beans-7.0.6.jar:7.0.6]
	at org.springframework.beans.factory.support.AbstractBeanFactory.doGetBean(AbstractBeanFactory.java:331) ~[spring-beans-7.0.6.jar:7.0.6]
	at org.springframework.beans.factory.support.AbstractBeanFactory.getBean(AbstractBeanFactory.java:201) ~[spring-beans-7.0.6.jar:7.0.6]
	at org.springframework.beans.factory.config.DependencyDescriptor.resolveCandidate(DependencyDescriptor.java:229) ~[spring-beans-7.0.6.jar:7.0.6]
	at org.springframework.beans.factory.support.DefaultListableBeanFactory.doResolveDependency(DefaultListableBeanFactory.java:1762) ~[spring-beans-7.0.6.jar:7.0.6]
	at org.springframework.beans.factory.support.DefaultListableBeanFactory.resolveDependency(DefaultListableBeanFactory.java:1651) ~[spring-beans-7.0.6.jar:7.0.6]
	at org.springframework.beans.factory.annotation.AutowiredAnnotationBeanPostProcessor$AutowiredFieldElement.resolveFieldValue(AutowiredAnnotationBeanPostProcessor.java:764) ~[spring-beans-7.0.6.jar:7.0.6]
	... 41 common frames omitted
Caused by: org.springframework.data.repository.query.QueryCreationException: Cannot create query for method [AdvertiserRepository.addAdvertiser(java.lang.String,java.util.UUID)]; No property 'addAdvertiser' found for type 'Advertiser'
	at org.springframework.data.repository.query.QueryCreationException.create(QueryCreationException.java:109) ~[spring-data-commons-4.0.4.jar:4.0.4]
	at org.springframework.data.jpa.repository.query.PartTreeJpaQuery.<init>(PartTreeJpaQuery.java:114) ~[spring-data-jpa-4.0.4.jar:4.0.4]
	at org.springframework.data.jpa.repository.query.JpaQueryLookupStrategy$CreateQueryLookupStrategy.resolveQuery(JpaQueryLookupStrategy.java:118) ~[spring-data-jpa-4.0.4.jar:4.0.4]
	at org.springframework.data.jpa.repository.query.JpaQueryLookupStrategy$CreateIfNotFoundQueryLookupStrategy.resolveQuery(JpaQueryLookupStrategy.java:291) ~[spring-data-jpa-4.0.4.jar:4.0.4]
	at org.springframework.data.jpa.repository.query.JpaQueryLookupStrategy$AbstractQueryLookupStrategy.resolveQuery(JpaQueryLookupStrategy.java:93) ~[spring-data-jpa-4.0.4.jar:4.0.4]
	at org.springframework.data.repository.core.support.QueryExecutorMethodInterceptor.lookupQuery(QueryExecutorMethodInterceptor.java:114) ~[spring-data-commons-4.0.4.jar:4.0.4]
	at org.springframework.data.repository.core.support.QueryExecutorMethodInterceptor.mapMethodsToQuery(QueryExecutorMethodInterceptor.java:102) ~[spring-data-commons-4.0.4.jar:4.0.4]
	at org.springframework.data.repository.core.support.QueryExecutorMethodInterceptor.<init>(QueryExecutorMethodInterceptor.java:90) ~[spring-data-commons-4.0.4.jar:4.0.4]
	at org.springframework.data.repository.core.support.RepositoryFactorySupport.getRepository(RepositoryFactorySupport.java:413) ~[spring-data-commons-4.0.4.jar:4.0.4]
	at org.springframework.data.repository.core.support.RepositoryFactoryBeanSupport.lambda$afterPropertiesSet$1(RepositoryFactoryBeanSupport.java:361) ~[spring-data-commons-4.0.4.jar:4.0.4]
	at org.springframework.data.util.Lazy.getNullable(Lazy.java:136) ~[spring-data-commons-4.0.4.jar:4.0.4]
	at org.springframework.data.util.Lazy.get(Lazy.java:114) ~[spring-data-commons-4.0.4.jar:4.0.4]
	at org.springframework.data.repository.core.support.RepositoryFactoryBeanSupport.afterPropertiesSet(RepositoryFactoryBeanSupport.java:370) ~[spring-data-commons-4.0.4.jar:4.0.4]
	at org.springframework.data.jpa.repository.support.JpaRepositoryFactoryBean.afterPropertiesSet(JpaRepositoryFactoryBean.java:212) ~[spring-data-jpa-4.0.4.jar:4.0.4]
	at org.springframework.beans.factory.support.AbstractAutowireCapableBeanFactory.invokeInitMethods(AbstractAutowireCapableBeanFactory.java:1864) ~[spring-beans-7.0.6.jar:7.0.6]
	at org.springframework.beans.factory.support.AbstractAutowireCapableBeanFactory.initializeBean(AbstractAutowireCapableBeanFactory.java:1813) ~[spring-beans-7.0.6.jar:7.0.6]
	... 51 common frames omitted
Caused by: org.springframework.data.core.PropertyReferenceException: No property 'addAdvertiser' found for type 'Advertiser'
	at org.springframework.data.core.SimplePropertyPath.<init>(SimplePropertyPath.java:93) ~[spring-data-commons-4.0.4.jar:4.0.4]
	at org.springframework.data.core.SimplePropertyPath.create(SimplePropertyPath.java:360) ~[spring-data-commons-4.0.4.jar:4.0.4]
	at org.springframework.data.core.SimplePropertyPath.create(SimplePropertyPath.java:335) ~[spring-data-commons-4.0.4.jar:4.0.4]
	at org.springframework.data.core.SimplePropertyPath.lambda$from$0(SimplePropertyPath.java:288) ~[spring-data-commons-4.0.4.jar:4.0.4]
	at org.springframework.util.ConcurrentReferenceHashMap$6.execute(ConcurrentReferenceHashMap.java:387) ~[spring-core-7.0.6.jar:7.0.6]
	at org.springframework.util.ConcurrentReferenceHashMap$Segment.doTask(ConcurrentReferenceHashMap.java:681) ~[spring-core-7.0.6.jar:7.0.6]
	at org.springframework.util.ConcurrentReferenceHashMap.doTask(ConcurrentReferenceHashMap.java:565) ~[spring-core-7.0.6.jar:7.0.6]
	at org.springframework.util.ConcurrentReferenceHashMap.computeIfAbsent(ConcurrentReferenceHashMap.java:381) ~[spring-core-7.0.6.jar:7.0.6]
	at org.springframework.data.core.SimplePropertyPath.from(SimplePropertyPath.java:270) ~[spring-data-commons-4.0.4.jar:4.0.4]
	at org.springframework.data.core.PropertyPath.from(PropertyPath.java:210) ~[spring-data-commons-4.0.4.jar:4.0.4]
	at org.springframework.data.core.PropertyPath.from(PropertyPath.java:193) ~[spring-data-commons-4.0.4.jar:4.0.4]
	at org.springframework.data.repository.query.parser.Part.<init>(Part.java:81) ~[spring-data-commons-4.0.4.jar:4.0.4]
	at org.springframework.data.repository.query.parser.PartTree$OrPart.lambda$new$0(PartTree.java:260) ~[spring-data-commons-4.0.4.jar:4.0.4]
	at java.base/java.util.stream.ReferencePipeline$3$1.accept(ReferencePipeline.java:197) ~[na:na]
	at java.base/java.util.stream.ReferencePipeline$2$1.accept(ReferencePipeline.java:179) ~[na:na]
	at java.base/java.util.Spliterators$ArraySpliterator.forEachRemaining(Spliterators.java:992) ~[na:na]
	at java.base/java.util.stream.AbstractPipeline.copyInto(AbstractPipeline.java:509) ~[na:na]
	at java.base/java.util.stream.AbstractPipeline.wrapAndCopyInto(AbstractPipeline.java:499) ~[na:na]
	at java.base/java.util.stream.ReduceOps$ReduceOp.evaluateSequential(ReduceOps.java:921) ~[na:na]
	at java.base/java.util.stream.AbstractPipeline.evaluate(AbstractPipeline.java:234) ~[na:na]
	at java.base/java.util.stream.ReferencePipeline.collect(ReferencePipeline.java:682) ~[na:na]
	at org.springframework.data.repository.query.parser.PartTree$OrPart.<init>(PartTree.java:261) ~[spring-data-commons-4.0.4.jar:4.0.4]
	at org.springframework.data.repository.query.parser.PartTree$Predicate.lambda$new$0(PartTree.java:390) ~[spring-data-commons-4.0.4.jar:4.0.4]
	at java.base/java.util.stream.ReferencePipeline$3$1.accept(ReferencePipeline.java:197) ~[na:na]
	at java.base/java.util.stream.ReferencePipeline$2$1.accept(ReferencePipeline.java:179) ~[na:na]
	at java.base/java.util.Spliterators$ArraySpliterator.forEachRemaining(Spliterators.java:992) ~[na:na]
	at java.base/java.util.stream.AbstractPipeline.copyInto(AbstractPipeline.java:509) ~[na:na]
	at java.base/java.util.stream.AbstractPipeline.wrapAndCopyInto(AbstractPipeline.java:499) ~[na:na]
	at java.base/java.util.stream.ReduceOps$ReduceOp.evaluateSequential(ReduceOps.java:921) ~[na:na]
	at java.base/java.util.stream.AbstractPipeline.evaluate(AbstractPipeline.java:234) ~[na:na]
	at java.base/java.util.stream.ReferencePipeline.collect(ReferencePipeline.java:682) ~[na:na]
	at org.springframework.data.repository.query.parser.PartTree$Predicate.<init>(PartTree.java:391) ~[spring-data-commons-4.0.4.jar:4.0.4]
	at org.springframework.data.repository.query.parser.PartTree.<init>(PartTree.java:101) ~[spring-data-commons-4.0.4.jar:4.0.4]
	at org.springframework.data.jpa.repository.query.PartTreeJpaQuery.<init>(PartTreeJpaQuery.java:108) ~[spring-data-jpa-4.0.4.jar:4.0.4]
	... 65 common frames omitted

2026-04-14T12:58:10.202-04:00  INFO 67941 --- [dsp-demo-project] [restartedMain] c.e.d.DspDemoProjectApplication          : Starting DspDemoProjectApplication using Java 17.0.18 with PID 67941 (/Users/garygz/IdeaProjects/dsp-demo-project/build/classes/java/main started by garygz in /Users/garygz/IdeaProjects/dsp-demo-project)
2026-04-14T12:58:10.202-04:00 DEBUG 67941 --- [dsp-demo-project] [restartedMain] c.e.d.DspDemoProjectApplication          : Running with Spring Boot v4.0.5, Spring v7.0.6
2026-04-14T12:58:10.202-04:00  INFO 67941 --- [dsp-demo-project] [restartedMain] c.e.d.DspDemoProjectApplication          : No active profile set, falling back to 1 default profile: "default"
2026-04-14T12:58:10.256-04:00  INFO 67941 --- [dsp-demo-project] [restartedMain] .s.d.r.c.RepositoryConfigurationDelegate : Bootstrapping Spring Data JPA repositories in DEFAULT mode.
2026-04-14T12:58:10.259-04:00  INFO 67941 --- [dsp-demo-project] [restartedMain] .s.d.r.c.RepositoryConfigurationDelegate : Finished Spring Data repository scanning in 3 ms. Found 2 JPA repository interfaces.
2026-04-14T12:58:10.289-04:00  INFO 67941 --- [dsp-demo-project] [restartedMain] o.s.boot.tomcat.TomcatWebServer          : Tomcat initialized with port 8080 (http)
2026-04-14T12:58:10.289-04:00  INFO 67941 --- [dsp-demo-project] [restartedMain] o.apache.catalina.core.StandardService   : Starting service [Tomcat]
2026-04-14T12:58:10.289-04:00  INFO 67941 --- [dsp-demo-project] [restartedMain] o.apache.catalina.core.StandardEngine    : Starting Servlet engine: [Apache Tomcat/11.0.20]
2026-04-14T12:58:10.294-04:00  INFO 67941 --- [dsp-demo-project] [restartedMain] b.w.c.s.WebApplicationContextInitializer : Root WebApplicationContext: initialization completed in 90 ms
2026-04-14T12:58:10.307-04:00  INFO 67941 --- [dsp-demo-project] [restartedMain] org.hibernate.orm.jpa                    : HHH008540: Processing PersistenceUnitInfo [name: default]
2026-04-14T12:58:10.317-04:00  INFO 67941 --- [dsp-demo-project] [restartedMain] o.s.o.j.p.SpringPersistenceUnitInfo      : No LoadTimeWeaver setup: ignoring JPA class transformer
2026-04-14T12:58:10.317-04:00  INFO 67941 --- [dsp-demo-project] [restartedMain] com.zaxxer.hikari.HikariDataSource       : HikariPool-17 - Starting...
2026-04-14T12:58:10.755-04:00  INFO 67941 --- [dsp-demo-project] [restartedMain] com.zaxxer.hikari.pool.HikariPool        : HikariPool-17 - Added connection org.postgresql.jdbc.PgConnection@6afa7358
2026-04-14T12:58:10.755-04:00  INFO 67941 --- [dsp-demo-project] [restartedMain] com.zaxxer.hikari.HikariDataSource       : HikariPool-17 - Start completed.
2026-04-14T12:58:10.790-04:00  WARN 67941 --- [dsp-demo-project] [restartedMain] org.hibernate.orm.deprecation            : HHH90000025: PostgreSQLDialect does not need to be specified explicitly using 'hibernate.dialect' (remove the property setting and it will be selected by default)
2026-04-14T12:58:10.911-04:00  INFO 67941 --- [dsp-demo-project] [restartedMain] org.hibernate.orm.connections.pooling    : HHH10001005: Database info:
	Database JDBC URL [jdbc:postgresql://dsp-demo-1.cwomfw6wy9rv.us-east-1.rds.amazonaws.com:5432/postgres?sslmode=verify-full&sslrootcert=./global-bundle.pem]
	Database driver: PostgreSQL JDBC Driver
	Database dialect: PostgreSQLDialect
	Database version: 17.6
	Default catalog/schema: postgres/public
	Autocommit mode: undefined/unknown
	Isolation level: READ_COMMITTED [default READ_COMMITTED]
	JDBC fetch size: none
	Pool: DataSourceConnectionProvider
	Minimum pool size: undefined/unknown
	Maximum pool size: undefined/unknown
2026-04-14T12:58:10.961-04:00  INFO 67941 --- [dsp-demo-project] [restartedMain] org.hibernate.orm.core                   : HHH000489: No JTA platform available (set 'hibernate.transaction.jta.platform' to enable JTA platform integration)
2026-04-14T12:58:11.198-04:00  INFO 67941 --- [dsp-demo-project] [restartedMain] j.LocalContainerEntityManagerFactoryBean : Initialized JPA EntityManagerFactory for persistence unit 'default'
2026-04-14T12:58:11.221-04:00  WARN 67941 --- [dsp-demo-project] [restartedMain] ConfigServletWebServerApplicationContext : Exception encountered during context initialization - cancelling refresh attempt: org.springframework.beans.factory.UnsatisfiedDependencyException: Error creating bean with name 'restEndpointController': Unsatisfied dependency expressed through field 'dashBoardService': Error creating bean with name 'dashBoardServiceImpl': Unsatisfied dependency expressed through field 'advRepo': Error creating bean with name 'advertiserRepository' defined in repository.com.garygz.dspdemoproject.AdvertiserRepository defined in @EnableJpaRepositories declared on DataJpaRepositoriesRegistrar.EnableJpaRepositoriesConfiguration: No property 'addAdvertiser' found for type 'Advertiser'
2026-04-14T12:58:11.222-04:00  INFO 67941 --- [dsp-demo-project] [restartedMain] j.LocalContainerEntityManagerFactoryBean : Closing JPA EntityManagerFactory for persistence unit 'default'
2026-04-14T12:58:11.222-04:00  INFO 67941 --- [dsp-demo-project] [restartedMain] com.zaxxer.hikari.HikariDataSource       : HikariPool-17 - Shutdown initiated...
2026-04-14T12:58:11.511-04:00  INFO 67941 --- [dsp-demo-project] [restartedMain] com.zaxxer.hikari.HikariDataSource       : HikariPool-17 - Shutdown completed.
2026-04-14T12:58:11.512-04:00  INFO 67941 --- [dsp-demo-project] [restartedMain] o.apache.catalina.core.StandardService   : Stopping service [Tomcat]
2026-04-14T12:58:11.519-04:00  INFO 67941 --- [dsp-demo-project] [restartedMain] .s.b.a.l.ConditionEvaluationReportLogger : 

Error starting ApplicationContext. To display the condition evaluation report re-run your application with 'debug' enabled.
2026-04-14T12:58:11.521-04:00 ERROR 67941 --- [dsp-demo-project] [restartedMain] o.s.boot.SpringApplication               : Application run failed

org.springframework.beans.factory.UnsatisfiedDependencyException: Error creating bean with name 'restEndpointController': Unsatisfied dependency expressed through field 'dashBoardService': Error creating bean with name 'dashBoardServiceImpl': Unsatisfied dependency expressed through field 'advRepo': Error creating bean with name 'advertiserRepository' defined in repository.com.garygz.dspdemoproject.AdvertiserRepository defined in @EnableJpaRepositories declared on DataJpaRepositoriesRegistrar.EnableJpaRepositoriesConfiguration: No property 'addAdvertiser' found for type 'Advertiser'
	at org.springframework.beans.factory.annotation.AutowiredAnnotationBeanPostProcessor$AutowiredFieldElement.resolveFieldValue(AutowiredAnnotationBeanPostProcessor.java:767) ~[spring-beans-7.0.6.jar:7.0.6]
	at org.springframework.beans.factory.annotation.AutowiredAnnotationBeanPostProcessor$AutowiredFieldElement.inject(AutowiredAnnotationBeanPostProcessor.java:748) ~[spring-beans-7.0.6.jar:7.0.6]
	at org.springframework.beans.factory.annotation.InjectionMetadata.inject(InjectionMetadata.java:146) ~[spring-beans-7.0.6.jar:7.0.6]
	at org.springframework.beans.factory.annotation.AutowiredAnnotationBeanPostProcessor.postProcessProperties(AutowiredAnnotationBeanPostProcessor.java:493) ~[spring-beans-7.0.6.jar:7.0.6]
	at org.springframework.beans.factory.support.AbstractAutowireCapableBeanFactory.populateBean(AbstractAutowireCapableBeanFactory.java:1446) ~[spring-beans-7.0.6.jar:7.0.6]
	at org.springframework.beans.factory.support.AbstractAutowireCapableBeanFactory.doCreateBean(AbstractAutowireCapableBeanFactory.java:602) ~[spring-beans-7.0.6.jar:7.0.6]
	at org.springframework.beans.factory.support.AbstractAutowireCapableBeanFactory.createBean(AbstractAutowireCapableBeanFactory.java:525) ~[spring-beans-7.0.6.jar:7.0.6]
	at org.springframework.beans.factory.support.AbstractBeanFactory.lambda$doGetBean$0(AbstractBeanFactory.java:333) ~[spring-beans-7.0.6.jar:7.0.6]
	at org.springframework.beans.factory.support.DefaultSingletonBeanRegistry.getSingleton(DefaultSingletonBeanRegistry.java:371) ~[spring-beans-7.0.6.jar:7.0.6]
	at org.springframework.beans.factory.support.AbstractBeanFactory.doGetBean(AbstractBeanFactory.java:331) ~[spring-beans-7.0.6.jar:7.0.6]
	at org.springframework.beans.factory.support.AbstractBeanFactory.getBean(AbstractBeanFactory.java:196) ~[spring-beans-7.0.6.jar:7.0.6]
	at org.springframework.beans.factory.support.DefaultListableBeanFactory.instantiateSingleton(DefaultListableBeanFactory.java:1218) ~[spring-beans-7.0.6.jar:7.0.6]
	at org.springframework.beans.factory.support.DefaultListableBeanFactory.preInstantiateSingleton(DefaultListableBeanFactory.java:1184) ~[spring-beans-7.0.6.jar:7.0.6]
	at org.springframework.beans.factory.support.DefaultListableBeanFactory.preInstantiateSingletons(DefaultListableBeanFactory.java:1121) ~[spring-beans-7.0.6.jar:7.0.6]
	at org.springframework.context.support.AbstractApplicationContext.finishBeanFactoryInitialization(AbstractApplicationContext.java:994) ~[spring-context-7.0.6.jar:7.0.6]
	at org.springframework.context.support.AbstractApplicationContext.refresh(AbstractApplicationContext.java:621) ~[spring-context-7.0.6.jar:7.0.6]
	at org.springframework.boot.web.server.servlet.context.ServletWebServerApplicationContext.refresh(ServletWebServerApplicationContext.java:143) ~[spring-boot-web-server-4.0.5.jar:4.0.5]
	at org.springframework.boot.SpringApplication.refresh(SpringApplication.java:756) ~[spring-boot-4.0.5.jar:4.0.5]
	at org.springframework.boot.SpringApplication.refreshContext(SpringApplication.java:445) ~[spring-boot-4.0.5.jar:4.0.5]
	at org.springframework.boot.SpringApplication.run(SpringApplication.java:321) ~[spring-boot-4.0.5.jar:4.0.5]
	at org.springframework.boot.SpringApplication.run(SpringApplication.java:1365) ~[spring-boot-4.0.5.jar:4.0.5]
	at org.springframework.boot.SpringApplication.run(SpringApplication.java:1354) ~[spring-boot-4.0.5.jar:4.0.5]
	at com.garygz.dspdemoproject.DspDemoProjectApplication.main(DspDemoProjectApplication.java:10) ~[main/:na]
	at java.base/jdk.internal.reflect.NativeMethodAccessorImpl.invoke0(Native Method) ~[na:na]
	at java.base/jdk.internal.reflect.NativeMethodAccessorImpl.invoke(NativeMethodAccessorImpl.java:77) ~[na:na]
	at java.base/jdk.internal.reflect.DelegatingMethodAccessorImpl.invoke(DelegatingMethodAccessorImpl.java:43) ~[na:na]
	at java.base/java.lang.reflect.Method.invoke(Method.java:569) ~[na:na]
	at org.springframework.boot.devtools.restart.RestartLauncher.run(RestartLauncher.java:52) ~[spring-boot-devtools-4.0.5.jar:4.0.5]
Caused by: org.springframework.beans.factory.UnsatisfiedDependencyException: Error creating bean with name 'dashBoardServiceImpl': Unsatisfied dependency expressed through field 'advRepo': Error creating bean with name 'advertiserRepository' defined in repository.com.garygz.dspdemoproject.AdvertiserRepository defined in @EnableJpaRepositories declared on DataJpaRepositoriesRegistrar.EnableJpaRepositoriesConfiguration: No property 'addAdvertiser' found for type 'Advertiser'
	at org.springframework.beans.factory.annotation.AutowiredAnnotationBeanPostProcessor$AutowiredFieldElement.resolveFieldValue(AutowiredAnnotationBeanPostProcessor.java:767) ~[spring-beans-7.0.6.jar:7.0.6]
	at org.springframework.beans.factory.annotation.AutowiredAnnotationBeanPostProcessor$AutowiredFieldElement.inject(AutowiredAnnotationBeanPostProcessor.java:748) ~[spring-beans-7.0.6.jar:7.0.6]
	at org.springframework.beans.factory.annotation.InjectionMetadata.inject(InjectionMetadata.java:146) ~[spring-beans-7.0.6.jar:7.0.6]
	at org.springframework.beans.factory.annotation.AutowiredAnnotationBeanPostProcessor.postProcessProperties(AutowiredAnnotationBeanPostProcessor.java:493) ~[spring-beans-7.0.6.jar:7.0.6]
	at org.springframework.beans.factory.support.AbstractAutowireCapableBeanFactory.populateBean(AbstractAutowireCapableBeanFactory.java:1446) ~[spring-beans-7.0.6.jar:7.0.6]
	at org.springframework.beans.factory.support.AbstractAutowireCapableBeanFactory.doCreateBean(AbstractAutowireCapableBeanFactory.java:602) ~[spring-beans-7.0.6.jar:7.0.6]
	at org.springframework.beans.factory.support.AbstractAutowireCapableBeanFactory.createBean(AbstractAutowireCapableBeanFactory.java:525) ~[spring-beans-7.0.6.jar:7.0.6]
	at org.springframework.beans.factory.support.AbstractBeanFactory.lambda$doGetBean$0(AbstractBeanFactory.java:333) ~[spring-beans-7.0.6.jar:7.0.6]
	at org.springframework.beans.factory.support.DefaultSingletonBeanRegistry.getSingleton(DefaultSingletonBeanRegistry.java:371) ~[spring-beans-7.0.6.jar:7.0.6]
	at org.springframework.beans.factory.support.AbstractBeanFactory.doGetBean(AbstractBeanFactory.java:331) ~[spring-beans-7.0.6.jar:7.0.6]
	at org.springframework.beans.factory.support.AbstractBeanFactory.getBean(AbstractBeanFactory.java:201) ~[spring-beans-7.0.6.jar:7.0.6]
	at org.springframework.beans.factory.config.DependencyDescriptor.resolveCandidate(DependencyDescriptor.java:229) ~[spring-beans-7.0.6.jar:7.0.6]
	at org.springframework.beans.factory.support.DefaultListableBeanFactory.doResolveDependency(DefaultListableBeanFactory.java:1762) ~[spring-beans-7.0.6.jar:7.0.6]
	at org.springframework.beans.factory.support.DefaultListableBeanFactory.resolveDependency(DefaultListableBeanFactory.java:1651) ~[spring-beans-7.0.6.jar:7.0.6]
	at org.springframework.beans.factory.annotation.AutowiredAnnotationBeanPostProcessor$AutowiredFieldElement.resolveFieldValue(AutowiredAnnotationBeanPostProcessor.java:764) ~[spring-beans-7.0.6.jar:7.0.6]
	... 27 common frames omitted
Caused by: org.springframework.beans.factory.BeanCreationException: Error creating bean with name 'advertiserRepository' defined in repository.com.garygz.dspdemoproject.AdvertiserRepository defined in @EnableJpaRepositories declared on DataJpaRepositoriesRegistrar.EnableJpaRepositoriesConfiguration: No property 'addAdvertiser' found for type 'Advertiser'
	at org.springframework.beans.factory.support.AbstractAutowireCapableBeanFactory.initializeBean(AbstractAutowireCapableBeanFactory.java:1817) ~[spring-beans-7.0.6.jar:7.0.6]
	at org.springframework.beans.factory.support.AbstractAutowireCapableBeanFactory.doCreateBean(AbstractAutowireCapableBeanFactory.java:603) ~[spring-beans-7.0.6.jar:7.0.6]
	at org.springframework.beans.factory.support.AbstractAutowireCapableBeanFactory.createBean(AbstractAutowireCapableBeanFactory.java:525) ~[spring-beans-7.0.6.jar:7.0.6]
	at org.springframework.beans.factory.support.AbstractBeanFactory.lambda$doGetBean$0(AbstractBeanFactory.java:333) ~[spring-beans-7.0.6.jar:7.0.6]
	at org.springframework.beans.factory.support.DefaultSingletonBeanRegistry.getSingleton(DefaultSingletonBeanRegistry.java:371) ~[spring-beans-7.0.6.jar:7.0.6]
	at org.springframework.beans.factory.support.AbstractBeanFactory.doGetBean(AbstractBeanFactory.java:331) ~[spring-beans-7.0.6.jar:7.0.6]
	at org.springframework.beans.factory.support.AbstractBeanFactory.getBean(AbstractBeanFactory.java:201) ~[spring-beans-7.0.6.jar:7.0.6]
	at org.springframework.beans.factory.config.DependencyDescriptor.resolveCandidate(DependencyDescriptor.java:229) ~[spring-beans-7.0.6.jar:7.0.6]
	at org.springframework.beans.factory.support.DefaultListableBeanFactory.doResolveDependency(DefaultListableBeanFactory.java:1762) ~[spring-beans-7.0.6.jar:7.0.6]
	at org.springframework.beans.factory.support.DefaultListableBeanFactory.resolveDependency(DefaultListableBeanFactory.java:1651) ~[spring-beans-7.0.6.jar:7.0.6]
	at org.springframework.beans.factory.annotation.AutowiredAnnotationBeanPostProcessor$AutowiredFieldElement.resolveFieldValue(AutowiredAnnotationBeanPostProcessor.java:764) ~[spring-beans-7.0.6.jar:7.0.6]
	... 41 common frames omitted
Caused by: org.springframework.data.repository.query.QueryCreationException: Cannot create query for method [AdvertiserRepository.addAdvertiser(java.lang.String,java.util.UUID)]; No property 'addAdvertiser' found for type 'Advertiser'
	at org.springframework.data.repository.query.QueryCreationException.create(QueryCreationException.java:109) ~[spring-data-commons-4.0.4.jar:4.0.4]
	at org.springframework.data.jpa.repository.query.PartTreeJpaQuery.<init>(PartTreeJpaQuery.java:114) ~[spring-data-jpa-4.0.4.jar:4.0.4]
	at org.springframework.data.jpa.repository.query.JpaQueryLookupStrategy$CreateQueryLookupStrategy.resolveQuery(JpaQueryLookupStrategy.java:118) ~[spring-data-jpa-4.0.4.jar:4.0.4]
	at org.springframework.data.jpa.repository.query.JpaQueryLookupStrategy$CreateIfNotFoundQueryLookupStrategy.resolveQuery(JpaQueryLookupStrategy.java:291) ~[spring-data-jpa-4.0.4.jar:4.0.4]
	at org.springframework.data.jpa.repository.query.JpaQueryLookupStrategy$AbstractQueryLookupStrategy.resolveQuery(JpaQueryLookupStrategy.java:93) ~[spring-data-jpa-4.0.4.jar:4.0.4]
	at org.springframework.data.repository.core.support.QueryExecutorMethodInterceptor.lookupQuery(QueryExecutorMethodInterceptor.java:114) ~[spring-data-commons-4.0.4.jar:4.0.4]
	at org.springframework.data.repository.core.support.QueryExecutorMethodInterceptor.mapMethodsToQuery(QueryExecutorMethodInterceptor.java:102) ~[spring-data-commons-4.0.4.jar:4.0.4]
	at org.springframework.data.repository.core.support.QueryExecutorMethodInterceptor.<init>(QueryExecutorMethodInterceptor.java:90) ~[spring-data-commons-4.0.4.jar:4.0.4]
	at org.springframework.data.repository.core.support.RepositoryFactorySupport.getRepository(RepositoryFactorySupport.java:413) ~[spring-data-commons-4.0.4.jar:4.0.4]
	at org.springframework.data.repository.core.support.RepositoryFactoryBeanSupport.lambda$afterPropertiesSet$1(RepositoryFactoryBeanSupport.java:361) ~[spring-data-commons-4.0.4.jar:4.0.4]
	at org.springframework.data.util.Lazy.getNullable(Lazy.java:136) ~[spring-data-commons-4.0.4.jar:4.0.4]
	at org.springframework.data.util.Lazy.get(Lazy.java:114) ~[spring-data-commons-4.0.4.jar:4.0.4]
	at org.springframework.data.repository.core.support.RepositoryFactoryBeanSupport.afterPropertiesSet(RepositoryFactoryBeanSupport.java:370) ~[spring-data-commons-4.0.4.jar:4.0.4]
	at org.springframework.data.jpa.repository.support.JpaRepositoryFactoryBean.afterPropertiesSet(JpaRepositoryFactoryBean.java:212) ~[spring-data-jpa-4.0.4.jar:4.0.4]
	at org.springframework.beans.factory.support.AbstractAutowireCapableBeanFactory.invokeInitMethods(AbstractAutowireCapableBeanFactory.java:1864) ~[spring-beans-7.0.6.jar:7.0.6]
	at org.springframework.beans.factory.support.AbstractAutowireCapableBeanFactory.initializeBean(AbstractAutowireCapableBeanFactory.java:1813) ~[spring-beans-7.0.6.jar:7.0.6]
	... 51 common frames omitted
Caused by: org.springframework.data.core.PropertyReferenceException: No property 'addAdvertiser' found for type 'Advertiser'
	at org.springframework.data.core.SimplePropertyPath.<init>(SimplePropertyPath.java:93) ~[spring-data-commons-4.0.4.jar:4.0.4]
	at org.springframework.data.core.SimplePropertyPath.create(SimplePropertyPath.java:360) ~[spring-data-commons-4.0.4.jar:4.0.4]
	at org.springframework.data.core.SimplePropertyPath.create(SimplePropertyPath.java:335) ~[spring-data-commons-4.0.4.jar:4.0.4]
	at org.springframework.data.core.SimplePropertyPath.lambda$from$0(SimplePropertyPath.java:288) ~[spring-data-commons-4.0.4.jar:4.0.4]
	at org.springframework.util.ConcurrentReferenceHashMap$6.execute(ConcurrentReferenceHashMap.java:387) ~[spring-core-7.0.6.jar:7.0.6]
	at org.springframework.util.ConcurrentReferenceHashMap$Segment.doTask(ConcurrentReferenceHashMap.java:681) ~[spring-core-7.0.6.jar:7.0.6]
	at org.springframework.util.ConcurrentReferenceHashMap.doTask(ConcurrentReferenceHashMap.java:565) ~[spring-core-7.0.6.jar:7.0.6]
	at org.springframework.util.ConcurrentReferenceHashMap.computeIfAbsent(ConcurrentReferenceHashMap.java:381) ~[spring-core-7.0.6.jar:7.0.6]
	at org.springframework.data.core.SimplePropertyPath.from(SimplePropertyPath.java:270) ~[spring-data-commons-4.0.4.jar:4.0.4]
	at org.springframework.data.core.PropertyPath.from(PropertyPath.java:210) ~[spring-data-commons-4.0.4.jar:4.0.4]
	at org.springframework.data.core.PropertyPath.from(PropertyPath.java:193) ~[spring-data-commons-4.0.4.jar:4.0.4]
	at org.springframework.data.repository.query.parser.Part.<init>(Part.java:81) ~[spring-data-commons-4.0.4.jar:4.0.4]
	at org.springframework.data.repository.query.parser.PartTree$OrPart.lambda$new$0(PartTree.java:260) ~[spring-data-commons-4.0.4.jar:4.0.4]
	at java.base/java.util.stream.ReferencePipeline$3$1.accept(ReferencePipeline.java:197) ~[na:na]
	at java.base/java.util.stream.ReferencePipeline$2$1.accept(ReferencePipeline.java:179) ~[na:na]
	at java.base/java.util.Spliterators$ArraySpliterator.forEachRemaining(Spliterators.java:992) ~[na:na]
	at java.base/java.util.stream.AbstractPipeline.copyInto(AbstractPipeline.java:509) ~[na:na]
	at java.base/java.util.stream.AbstractPipeline.wrapAndCopyInto(AbstractPipeline.java:499) ~[na:na]
	at java.base/java.util.stream.ReduceOps$ReduceOp.evaluateSequential(ReduceOps.java:921) ~[na:na]
	at java.base/java.util.stream.AbstractPipeline.evaluate(AbstractPipeline.java:234) ~[na:na]
	at java.base/java.util.stream.ReferencePipeline.collect(ReferencePipeline.java:682) ~[na:na]
	at org.springframework.data.repository.query.parser.PartTree$OrPart.<init>(PartTree.java:261) ~[spring-data-commons-4.0.4.jar:4.0.4]
	at org.springframework.data.repository.query.parser.PartTree$Predicate.lambda$new$0(PartTree.java:390) ~[spring-data-commons-4.0.4.jar:4.0.4]
	at java.base/java.util.stream.ReferencePipeline$3$1.accept(ReferencePipeline.java:197) ~[na:na]
	at java.base/java.util.stream.ReferencePipeline$2$1.accept(ReferencePipeline.java:179) ~[na:na]
	at java.base/java.util.Spliterators$ArraySpliterator.forEachRemaining(Spliterators.java:992) ~[na:na]
	at java.base/java.util.stream.AbstractPipeline.copyInto(AbstractPipeline.java:509) ~[na:na]
	at java.base/java.util.stream.AbstractPipeline.wrapAndCopyInto(AbstractPipeline.java:499) ~[na:na]
	at java.base/java.util.stream.ReduceOps$ReduceOp.evaluateSequential(ReduceOps.java:921) ~[na:na]
	at java.base/java.util.stream.AbstractPipeline.evaluate(AbstractPipeline.java:234) ~[na:na]
	at java.base/java.util.stream.ReferencePipeline.collect(ReferencePipeline.java:682) ~[na:na]
	at org.springframework.data.repository.query.parser.PartTree$Predicate.<init>(PartTree.java:391) ~[spring-data-commons-4.0.4.jar:4.0.4]
	at org.springframework.data.repository.query.parser.PartTree.<init>(PartTree.java:101) ~[spring-data-commons-4.0.4.jar:4.0.4]
	at org.springframework.data.jpa.repository.query.PartTreeJpaQuery.<init>(PartTreeJpaQuery.java:108) ~[spring-data-jpa-4.0.4.jar:4.0.4]
	... 65 common frames omitted

2026-04-14T13:03:24.341-04:00  INFO 69185 --- [dsp-demo-project] [restartedMain] c.e.d.DspDemoProjectApplication          : Starting DspDemoProjectApplication using Java 17.0.18 with PID 69185 (/Users/garygz/IdeaProjects/dsp-demo-project/build/classes/java/main started by garygz in /Users/garygz/IdeaProjects/dsp-demo-project)
2026-04-14T13:03:24.342-04:00 DEBUG 69185 --- [dsp-demo-project] [restartedMain] c.e.d.DspDemoProjectApplication          : Running with Spring Boot v4.0.5, Spring v7.0.6
2026-04-14T13:03:24.343-04:00  INFO 69185 --- [dsp-demo-project] [restartedMain] c.e.d.DspDemoProjectApplication          : No active profile set, falling back to 1 default profile: "default"
2026-04-14T13:03:24.359-04:00  INFO 69185 --- [dsp-demo-project] [restartedMain] .e.DevToolsPropertyDefaultsPostProcessor : Devtools property defaults active! Set 'spring.devtools.add-properties' to 'false' to disable
2026-04-14T13:03:24.359-04:00  INFO 69185 --- [dsp-demo-project] [restartedMain] .e.DevToolsPropertyDefaultsPostProcessor : For additional web related logging consider setting the 'logging.level.web' property to 'DEBUG'
2026-04-14T13:03:24.589-04:00  INFO 69185 --- [dsp-demo-project] [restartedMain] .s.d.r.c.RepositoryConfigurationDelegate : Bootstrapping Spring Data JPA repositories in DEFAULT mode.
2026-04-14T13:03:24.612-04:00  INFO 69185 --- [dsp-demo-project] [restartedMain] .s.d.r.c.RepositoryConfigurationDelegate : Finished Spring Data repository scanning in 19 ms. Found 2 JPA repository interfaces.
2026-04-14T13:03:24.781-04:00  INFO 69185 --- [dsp-demo-project] [restartedMain] o.s.boot.tomcat.TomcatWebServer          : Tomcat initialized with port 8080 (http)
2026-04-14T13:03:24.786-04:00  INFO 69185 --- [dsp-demo-project] [restartedMain] o.apache.catalina.core.StandardService   : Starting service [Tomcat]
2026-04-14T13:03:24.786-04:00  INFO 69185 --- [dsp-demo-project] [restartedMain] o.apache.catalina.core.StandardEngine    : Starting Servlet engine: [Apache Tomcat/11.0.20]
2026-04-14T13:03:24.801-04:00  INFO 69185 --- [dsp-demo-project] [restartedMain] b.w.c.s.WebApplicationContextInitializer : Root WebApplicationContext: initialization completed in 442 ms
2026-04-14T13:03:24.874-04:00  INFO 69185 --- [dsp-demo-project] [restartedMain] org.hibernate.orm.jpa                    : HHH008540: Processing PersistenceUnitInfo [name: default]
2026-04-14T13:03:24.902-04:00  INFO 69185 --- [dsp-demo-project] [restartedMain] org.hibernate.orm.core                   : HHH000001: Hibernate ORM core version 7.2.7.Final
2026-04-14T13:03:25.092-04:00  INFO 69185 --- [dsp-demo-project] [restartedMain] o.s.o.j.p.SpringPersistenceUnitInfo      : No LoadTimeWeaver setup: ignoring JPA class transformer
2026-04-14T13:03:25.106-04:00  INFO 69185 --- [dsp-demo-project] [restartedMain] com.zaxxer.hikari.HikariDataSource       : HikariPool-1 - Starting...
2026-04-14T13:03:25.745-04:00  INFO 69185 --- [dsp-demo-project] [restartedMain] com.zaxxer.hikari.pool.HikariPool        : HikariPool-1 - Added connection org.postgresql.jdbc.PgConnection@5bfb1064
2026-04-14T13:03:25.747-04:00  INFO 69185 --- [dsp-demo-project] [restartedMain] com.zaxxer.hikari.HikariDataSource       : HikariPool-1 - Start completed.
2026-04-14T13:03:25.799-04:00  WARN 69185 --- [dsp-demo-project] [restartedMain] org.hibernate.orm.deprecation            : HHH90000025: PostgreSQLDialect does not need to be specified explicitly using 'hibernate.dialect' (remove the property setting and it will be selected by default)
2026-04-14T13:03:25.928-04:00  INFO 69185 --- [dsp-demo-project] [restartedMain] org.hibernate.orm.connections.pooling    : HHH10001005: Database info:
	Database JDBC URL [jdbc:postgresql://dsp-demo-1.cwomfw6wy9rv.us-east-1.rds.amazonaws.com:5432/postgres?sslmode=verify-full&sslrootcert=./global-bundle.pem]
	Database driver: PostgreSQL JDBC Driver
	Database dialect: PostgreSQLDialect
	Database version: 17.6
	Default catalog/schema: postgres/public
	Autocommit mode: undefined/unknown
	Isolation level: READ_COMMITTED [default READ_COMMITTED]
	JDBC fetch size: none
	Pool: DataSourceConnectionProvider
	Minimum pool size: undefined/unknown
	Maximum pool size: undefined/unknown
2026-04-14T13:03:26.346-04:00  INFO 69185 --- [dsp-demo-project] [restartedMain] org.hibernate.orm.core                   : HHH000489: No JTA platform available (set 'hibernate.transaction.jta.platform' to enable JTA platform integration)
2026-04-14T13:03:26.598-04:00  INFO 69185 --- [dsp-demo-project] [restartedMain] j.LocalContainerEntityManagerFactoryBean : Initialized JPA EntityManagerFactory for persistence unit 'default'
2026-04-14T13:03:26.646-04:00  INFO 69185 --- [dsp-demo-project] [restartedMain] o.s.d.j.r.query.QueryEnhancerFactories   : Hibernate is in classpath; If applicable, HQL parser will be used.
2026-04-14T13:03:26.713-04:00  WARN 69185 --- [dsp-demo-project] [restartedMain] ConfigServletWebServerApplicationContext : Exception encountered during context initialization - cancelling refresh attempt: org.springframework.beans.factory.UnsatisfiedDependencyException: Error creating bean with name 'restEndpointController': Unsatisfied dependency expressed through field 'dashBoardService': Error creating bean with name 'dashBoardServiceImpl': Unsatisfied dependency expressed through field 'advRepo': Error creating bean with name 'advertiserRepository' defined in repository.com.garygz.dspdemoproject.AdvertiserRepository defined in @EnableJpaRepositories declared on DataJpaRepositoriesRegistrar.EnableJpaRepositoriesConfiguration: No property 'addAdvertiser' found for type 'Advertiser'
2026-04-14T13:03:26.714-04:00  INFO 69185 --- [dsp-demo-project] [restartedMain] j.LocalContainerEntityManagerFactoryBean : Closing JPA EntityManagerFactory for persistence unit 'default'
2026-04-14T13:03:26.716-04:00  INFO 69185 --- [dsp-demo-project] [restartedMain] com.zaxxer.hikari.HikariDataSource       : HikariPool-1 - Shutdown initiated...
2026-04-14T13:03:26.847-04:00  INFO 69185 --- [dsp-demo-project] [restartedMain] com.zaxxer.hikari.HikariDataSource       : HikariPool-1 - Shutdown completed.
2026-04-14T13:03:26.848-04:00  INFO 69185 --- [dsp-demo-project] [restartedMain] o.apache.catalina.core.StandardService   : Stopping service [Tomcat]
2026-04-14T13:03:26.853-04:00  INFO 69185 --- [dsp-demo-project] [restartedMain] .s.b.a.l.ConditionEvaluationReportLogger : 

Error starting ApplicationContext. To display the condition evaluation report re-run your application with 'debug' enabled.
2026-04-14T13:03:26.858-04:00 ERROR 69185 --- [dsp-demo-project] [restartedMain] o.s.boot.SpringApplication               : Application run failed

org.springframework.beans.factory.UnsatisfiedDependencyException: Error creating bean with name 'restEndpointController': Unsatisfied dependency expressed through field 'dashBoardService': Error creating bean with name 'dashBoardServiceImpl': Unsatisfied dependency expressed through field 'advRepo': Error creating bean with name 'advertiserRepository' defined in repository.com.garygz.dspdemoproject.AdvertiserRepository defined in @EnableJpaRepositories declared on DataJpaRepositoriesRegistrar.EnableJpaRepositoriesConfiguration: No property 'addAdvertiser' found for type 'Advertiser'
	at org.springframework.beans.factory.annotation.AutowiredAnnotationBeanPostProcessor$AutowiredFieldElement.resolveFieldValue(AutowiredAnnotationBeanPostProcessor.java:767) ~[spring-beans-7.0.6.jar:7.0.6]
	at org.springframework.beans.factory.annotation.AutowiredAnnotationBeanPostProcessor$AutowiredFieldElement.inject(AutowiredAnnotationBeanPostProcessor.java:748) ~[spring-beans-7.0.6.jar:7.0.6]
	at org.springframework.beans.factory.annotation.InjectionMetadata.inject(InjectionMetadata.java:146) ~[spring-beans-7.0.6.jar:7.0.6]
	at org.springframework.beans.factory.annotation.AutowiredAnnotationBeanPostProcessor.postProcessProperties(AutowiredAnnotationBeanPostProcessor.java:493) ~[spring-beans-7.0.6.jar:7.0.6]
	at org.springframework.beans.factory.support.AbstractAutowireCapableBeanFactory.populateBean(AbstractAutowireCapableBeanFactory.java:1446) ~[spring-beans-7.0.6.jar:7.0.6]
	at org.springframework.beans.factory.support.AbstractAutowireCapableBeanFactory.doCreateBean(AbstractAutowireCapableBeanFactory.java:602) ~[spring-beans-7.0.6.jar:7.0.6]
	at org.springframework.beans.factory.support.AbstractAutowireCapableBeanFactory.createBean(AbstractAutowireCapableBeanFactory.java:525) ~[spring-beans-7.0.6.jar:7.0.6]
	at org.springframework.beans.factory.support.AbstractBeanFactory.lambda$doGetBean$0(AbstractBeanFactory.java:333) ~[spring-beans-7.0.6.jar:7.0.6]
	at org.springframework.beans.factory.support.DefaultSingletonBeanRegistry.getSingleton(DefaultSingletonBeanRegistry.java:371) ~[spring-beans-7.0.6.jar:7.0.6]
	at org.springframework.beans.factory.support.AbstractBeanFactory.doGetBean(AbstractBeanFactory.java:331) ~[spring-beans-7.0.6.jar:7.0.6]
	at org.springframework.beans.factory.support.AbstractBeanFactory.getBean(AbstractBeanFactory.java:196) ~[spring-beans-7.0.6.jar:7.0.6]
	at org.springframework.beans.factory.support.DefaultListableBeanFactory.instantiateSingleton(DefaultListableBeanFactory.java:1218) ~[spring-beans-7.0.6.jar:7.0.6]
	at org.springframework.beans.factory.support.DefaultListableBeanFactory.preInstantiateSingleton(DefaultListableBeanFactory.java:1184) ~[spring-beans-7.0.6.jar:7.0.6]
	at org.springframework.beans.factory.support.DefaultListableBeanFactory.preInstantiateSingletons(DefaultListableBeanFactory.java:1121) ~[spring-beans-7.0.6.jar:7.0.6]
	at org.springframework.context.support.AbstractApplicationContext.finishBeanFactoryInitialization(AbstractApplicationContext.java:994) ~[spring-context-7.0.6.jar:7.0.6]
	at org.springframework.context.support.AbstractApplicationContext.refresh(AbstractApplicationContext.java:621) ~[spring-context-7.0.6.jar:7.0.6]
	at org.springframework.boot.web.server.servlet.context.ServletWebServerApplicationContext.refresh(ServletWebServerApplicationContext.java:143) ~[spring-boot-web-server-4.0.5.jar:4.0.5]
	at org.springframework.boot.SpringApplication.refresh(SpringApplication.java:756) ~[spring-boot-4.0.5.jar:4.0.5]
	at org.springframework.boot.SpringApplication.refreshContext(SpringApplication.java:445) ~[spring-boot-4.0.5.jar:4.0.5]
	at org.springframework.boot.SpringApplication.run(SpringApplication.java:321) ~[spring-boot-4.0.5.jar:4.0.5]
	at org.springframework.boot.SpringApplication.run(SpringApplication.java:1365) ~[spring-boot-4.0.5.jar:4.0.5]
	at org.springframework.boot.SpringApplication.run(SpringApplication.java:1354) ~[spring-boot-4.0.5.jar:4.0.5]
	at com.garygz.dspdemoproject.DspDemoProjectApplication.main(DspDemoProjectApplication.java:10) ~[main/:na]
	at java.base/jdk.internal.reflect.NativeMethodAccessorImpl.invoke0(Native Method) ~[na:na]
	at java.base/jdk.internal.reflect.NativeMethodAccessorImpl.invoke(NativeMethodAccessorImpl.java:77) ~[na:na]
	at java.base/jdk.internal.reflect.DelegatingMethodAccessorImpl.invoke(DelegatingMethodAccessorImpl.java:43) ~[na:na]
	at java.base/java.lang.reflect.Method.invoke(Method.java:569) ~[na:na]
	at org.springframework.boot.devtools.restart.RestartLauncher.run(RestartLauncher.java:52) ~[spring-boot-devtools-4.0.5.jar:4.0.5]
Caused by: org.springframework.beans.factory.UnsatisfiedDependencyException: Error creating bean with name 'dashBoardServiceImpl': Unsatisfied dependency expressed through field 'advRepo': Error creating bean with name 'advertiserRepository' defined in repository.com.garygz.dspdemoproject.AdvertiserRepository defined in @EnableJpaRepositories declared on DataJpaRepositoriesRegistrar.EnableJpaRepositoriesConfiguration: No property 'addAdvertiser' found for type 'Advertiser'
	at org.springframework.beans.factory.annotation.AutowiredAnnotationBeanPostProcessor$AutowiredFieldElement.resolveFieldValue(AutowiredAnnotationBeanPostProcessor.java:767) ~[spring-beans-7.0.6.jar:7.0.6]
	at org.springframework.beans.factory.annotation.AutowiredAnnotationBeanPostProcessor$AutowiredFieldElement.inject(AutowiredAnnotationBeanPostProcessor.java:748) ~[spring-beans-7.0.6.jar:7.0.6]
	at org.springframework.beans.factory.annotation.InjectionMetadata.inject(InjectionMetadata.java:146) ~[spring-beans-7.0.6.jar:7.0.6]
	at org.springframework.beans.factory.annotation.AutowiredAnnotationBeanPostProcessor.postProcessProperties(AutowiredAnnotationBeanPostProcessor.java:493) ~[spring-beans-7.0.6.jar:7.0.6]
	at org.springframework.beans.factory.support.AbstractAutowireCapableBeanFactory.populateBean(AbstractAutowireCapableBeanFactory.java:1446) ~[spring-beans-7.0.6.jar:7.0.6]
	at org.springframework.beans.factory.support.AbstractAutowireCapableBeanFactory.doCreateBean(AbstractAutowireCapableBeanFactory.java:602) ~[spring-beans-7.0.6.jar:7.0.6]
	at org.springframework.beans.factory.support.AbstractAutowireCapableBeanFactory.createBean(AbstractAutowireCapableBeanFactory.java:525) ~[spring-beans-7.0.6.jar:7.0.6]
	at org.springframework.beans.factory.support.AbstractBeanFactory.lambda$doGetBean$0(AbstractBeanFactory.java:333) ~[spring-beans-7.0.6.jar:7.0.6]
	at org.springframework.beans.factory.support.DefaultSingletonBeanRegistry.getSingleton(DefaultSingletonBeanRegistry.java:371) ~[spring-beans-7.0.6.jar:7.0.6]
	at org.springframework.beans.factory.support.AbstractBeanFactory.doGetBean(AbstractBeanFactory.java:331) ~[spring-beans-7.0.6.jar:7.0.6]
	at org.springframework.beans.factory.support.AbstractBeanFactory.getBean(AbstractBeanFactory.java:201) ~[spring-beans-7.0.6.jar:7.0.6]
	at org.springframework.beans.factory.config.DependencyDescriptor.resolveCandidate(DependencyDescriptor.java:229) ~[spring-beans-7.0.6.jar:7.0.6]
	at org.springframework.beans.factory.support.DefaultListableBeanFactory.doResolveDependency(DefaultListableBeanFactory.java:1762) ~[spring-beans-7.0.6.jar:7.0.6]
	at org.springframework.beans.factory.support.DefaultListableBeanFactory.resolveDependency(DefaultListableBeanFactory.java:1651) ~[spring-beans-7.0.6.jar:7.0.6]
	at org.springframework.beans.factory.annotation.AutowiredAnnotationBeanPostProcessor$AutowiredFieldElement.resolveFieldValue(AutowiredAnnotationBeanPostProcessor.java:764) ~[spring-beans-7.0.6.jar:7.0.6]
	... 27 common frames omitted
Caused by: org.springframework.beans.factory.BeanCreationException: Error creating bean with name 'advertiserRepository' defined in repository.com.garygz.dspdemoproject.AdvertiserRepository defined in @EnableJpaRepositories declared on DataJpaRepositoriesRegistrar.EnableJpaRepositoriesConfiguration: No property 'addAdvertiser' found for type 'Advertiser'
	at org.springframework.beans.factory.support.AbstractAutowireCapableBeanFactory.initializeBean(AbstractAutowireCapableBeanFactory.java:1817) ~[spring-beans-7.0.6.jar:7.0.6]
	at org.springframework.beans.factory.support.AbstractAutowireCapableBeanFactory.doCreateBean(AbstractAutowireCapableBeanFactory.java:603) ~[spring-beans-7.0.6.jar:7.0.6]
	at org.springframework.beans.factory.support.AbstractAutowireCapableBeanFactory.createBean(AbstractAutowireCapableBeanFactory.java:525) ~[spring-beans-7.0.6.jar:7.0.6]
	at org.springframework.beans.factory.support.AbstractBeanFactory.lambda$doGetBean$0(AbstractBeanFactory.java:333) ~[spring-beans-7.0.6.jar:7.0.6]
	at org.springframework.beans.factory.support.DefaultSingletonBeanRegistry.getSingleton(DefaultSingletonBeanRegistry.java:371) ~[spring-beans-7.0.6.jar:7.0.6]
	at org.springframework.beans.factory.support.AbstractBeanFactory.doGetBean(AbstractBeanFactory.java:331) ~[spring-beans-7.0.6.jar:7.0.6]
	at org.springframework.beans.factory.support.AbstractBeanFactory.getBean(AbstractBeanFactory.java:201) ~[spring-beans-7.0.6.jar:7.0.6]
	at org.springframework.beans.factory.config.DependencyDescriptor.resolveCandidate(DependencyDescriptor.java:229) ~[spring-beans-7.0.6.jar:7.0.6]
	at org.springframework.beans.factory.support.DefaultListableBeanFactory.doResolveDependency(DefaultListableBeanFactory.java:1762) ~[spring-beans-7.0.6.jar:7.0.6]
	at org.springframework.beans.factory.support.DefaultListableBeanFactory.resolveDependency(DefaultListableBeanFactory.java:1651) ~[spring-beans-7.0.6.jar:7.0.6]
	at org.springframework.beans.factory.annotation.AutowiredAnnotationBeanPostProcessor$AutowiredFieldElement.resolveFieldValue(AutowiredAnnotationBeanPostProcessor.java:764) ~[spring-beans-7.0.6.jar:7.0.6]
	... 41 common frames omitted
Caused by: org.springframework.data.repository.query.QueryCreationException: Cannot create query for method [AdvertiserRepository.addAdvertiser(java.lang.String,java.util.UUID)]; No property 'addAdvertiser' found for type 'Advertiser'
	at org.springframework.data.repository.query.QueryCreationException.create(QueryCreationException.java:109) ~[spring-data-commons-4.0.4.jar:4.0.4]
	at org.springframework.data.jpa.repository.query.PartTreeJpaQuery.<init>(PartTreeJpaQuery.java:114) ~[spring-data-jpa-4.0.4.jar:4.0.4]
	at org.springframework.data.jpa.repository.query.JpaQueryLookupStrategy$CreateQueryLookupStrategy.resolveQuery(JpaQueryLookupStrategy.java:118) ~[spring-data-jpa-4.0.4.jar:4.0.4]
	at org.springframework.data.jpa.repository.query.JpaQueryLookupStrategy$CreateIfNotFoundQueryLookupStrategy.resolveQuery(JpaQueryLookupStrategy.java:291) ~[spring-data-jpa-4.0.4.jar:4.0.4]
	at org.springframework.data.jpa.repository.query.JpaQueryLookupStrategy$AbstractQueryLookupStrategy.resolveQuery(JpaQueryLookupStrategy.java:93) ~[spring-data-jpa-4.0.4.jar:4.0.4]
	at org.springframework.data.repository.core.support.QueryExecutorMethodInterceptor.lookupQuery(QueryExecutorMethodInterceptor.java:114) ~[spring-data-commons-4.0.4.jar:4.0.4]
	at org.springframework.data.repository.core.support.QueryExecutorMethodInterceptor.mapMethodsToQuery(QueryExecutorMethodInterceptor.java:102) ~[spring-data-commons-4.0.4.jar:4.0.4]
	at org.springframework.data.repository.core.support.QueryExecutorMethodInterceptor.<init>(QueryExecutorMethodInterceptor.java:90) ~[spring-data-commons-4.0.4.jar:4.0.4]
	at org.springframework.data.repository.core.support.RepositoryFactorySupport.getRepository(RepositoryFactorySupport.java:413) ~[spring-data-commons-4.0.4.jar:4.0.4]
	at org.springframework.data.repository.core.support.RepositoryFactoryBeanSupport.lambda$afterPropertiesSet$1(RepositoryFactoryBeanSupport.java:361) ~[spring-data-commons-4.0.4.jar:4.0.4]
	at org.springframework.data.util.Lazy.getNullable(Lazy.java:136) ~[spring-data-commons-4.0.4.jar:4.0.4]
	at org.springframework.data.util.Lazy.get(Lazy.java:114) ~[spring-data-commons-4.0.4.jar:4.0.4]
	at org.springframework.data.repository.core.support.RepositoryFactoryBeanSupport.afterPropertiesSet(RepositoryFactoryBeanSupport.java:370) ~[spring-data-commons-4.0.4.jar:4.0.4]
	at org.springframework.data.jpa.repository.support.JpaRepositoryFactoryBean.afterPropertiesSet(JpaRepositoryFactoryBean.java:212) ~[spring-data-jpa-4.0.4.jar:4.0.4]
	at org.springframework.beans.factory.support.AbstractAutowireCapableBeanFactory.invokeInitMethods(AbstractAutowireCapableBeanFactory.java:1864) ~[spring-beans-7.0.6.jar:7.0.6]
	at org.springframework.beans.factory.support.AbstractAutowireCapableBeanFactory.initializeBean(AbstractAutowireCapableBeanFactory.java:1813) ~[spring-beans-7.0.6.jar:7.0.6]
	... 51 common frames omitted
Caused by: org.springframework.data.core.PropertyReferenceException: No property 'addAdvertiser' found for type 'Advertiser'
	at org.springframework.data.core.SimplePropertyPath.<init>(SimplePropertyPath.java:93) ~[spring-data-commons-4.0.4.jar:4.0.4]
	at org.springframework.data.core.SimplePropertyPath.create(SimplePropertyPath.java:360) ~[spring-data-commons-4.0.4.jar:4.0.4]
	at org.springframework.data.core.SimplePropertyPath.create(SimplePropertyPath.java:335) ~[spring-data-commons-4.0.4.jar:4.0.4]
	at org.springframework.data.core.SimplePropertyPath.lambda$from$0(SimplePropertyPath.java:288) ~[spring-data-commons-4.0.4.jar:4.0.4]
	at org.springframework.util.ConcurrentReferenceHashMap$6.execute(ConcurrentReferenceHashMap.java:387) ~[spring-core-7.0.6.jar:7.0.6]
	at org.springframework.util.ConcurrentReferenceHashMap$Segment.doTask(ConcurrentReferenceHashMap.java:681) ~[spring-core-7.0.6.jar:7.0.6]
	at org.springframework.util.ConcurrentReferenceHashMap.doTask(ConcurrentReferenceHashMap.java:565) ~[spring-core-7.0.6.jar:7.0.6]
	at org.springframework.util.ConcurrentReferenceHashMap.computeIfAbsent(ConcurrentReferenceHashMap.java:381) ~[spring-core-7.0.6.jar:7.0.6]
	at org.springframework.data.core.SimplePropertyPath.from(SimplePropertyPath.java:270) ~[spring-data-commons-4.0.4.jar:4.0.4]
	at org.springframework.data.core.PropertyPath.from(PropertyPath.java:210) ~[spring-data-commons-4.0.4.jar:4.0.4]
	at org.springframework.data.core.PropertyPath.from(PropertyPath.java:193) ~[spring-data-commons-4.0.4.jar:4.0.4]
	at org.springframework.data.repository.query.parser.Part.<init>(Part.java:81) ~[spring-data-commons-4.0.4.jar:4.0.4]
	at org.springframework.data.repository.query.parser.PartTree$OrPart.lambda$new$0(PartTree.java:260) ~[spring-data-commons-4.0.4.jar:4.0.4]
	at java.base/java.util.stream.ReferencePipeline$3$1.accept(ReferencePipeline.java:197) ~[na:na]
	at java.base/java.util.stream.ReferencePipeline$2$1.accept(ReferencePipeline.java:179) ~[na:na]
	at java.base/java.util.Spliterators$ArraySpliterator.forEachRemaining(Spliterators.java:992) ~[na:na]
	at java.base/java.util.stream.AbstractPipeline.copyInto(AbstractPipeline.java:509) ~[na:na]
	at java.base/java.util.stream.AbstractPipeline.wrapAndCopyInto(AbstractPipeline.java:499) ~[na:na]
	at java.base/java.util.stream.ReduceOps$ReduceOp.evaluateSequential(ReduceOps.java:921) ~[na:na]
	at java.base/java.util.stream.AbstractPipeline.evaluate(AbstractPipeline.java:234) ~[na:na]
	at java.base/java.util.stream.ReferencePipeline.collect(ReferencePipeline.java:682) ~[na:na]
	at org.springframework.data.repository.query.parser.PartTree$OrPart.<init>(PartTree.java:261) ~[spring-data-commons-4.0.4.jar:4.0.4]
	at org.springframework.data.repository.query.parser.PartTree$Predicate.lambda$new$0(PartTree.java:390) ~[spring-data-commons-4.0.4.jar:4.0.4]
	at java.base/java.util.stream.ReferencePipeline$3$1.accept(ReferencePipeline.java:197) ~[na:na]
	at java.base/java.util.stream.ReferencePipeline$2$1.accept(ReferencePipeline.java:179) ~[na:na]
	at java.base/java.util.Spliterators$ArraySpliterator.forEachRemaining(Spliterators.java:992) ~[na:na]
	at java.base/java.util.stream.AbstractPipeline.copyInto(AbstractPipeline.java:509) ~[na:na]
	at java.base/java.util.stream.AbstractPipeline.wrapAndCopyInto(AbstractPipeline.java:499) ~[na:na]
	at java.base/java.util.stream.ReduceOps$ReduceOp.evaluateSequential(ReduceOps.java:921) ~[na:na]
	at java.base/java.util.stream.AbstractPipeline.evaluate(AbstractPipeline.java:234) ~[na:na]
	at java.base/java.util.stream.ReferencePipeline.collect(ReferencePipeline.java:682) ~[na:na]
	at org.springframework.data.repository.query.parser.PartTree$Predicate.<init>(PartTree.java:391) ~[spring-data-commons-4.0.4.jar:4.0.4]
	at org.springframework.data.repository.query.parser.PartTree.<init>(PartTree.java:101) ~[spring-data-commons-4.0.4.jar:4.0.4]
	at org.springframework.data.jpa.repository.query.PartTreeJpaQuery.<init>(PartTreeJpaQuery.java:108) ~[spring-data-jpa-4.0.4.jar:4.0.4]
	... 65 common frames omitted

2026-04-14T13:06:35.340-04:00  INFO 69224 --- [dsp-demo-project] [restartedMain] c.e.d.DspDemoProjectApplication          : Starting DspDemoProjectApplication using Java 17.0.18 with PID 69224 (/Users/garygz/IdeaProjects/dsp-demo-project/build/classes/java/main started by garygz in /Users/garygz/IdeaProjects/dsp-demo-project)
2026-04-14T13:06:35.341-04:00 DEBUG 69224 --- [dsp-demo-project] [restartedMain] c.e.d.DspDemoProjectApplication          : Running with Spring Boot v4.0.5, Spring v7.0.6
2026-04-14T13:06:35.341-04:00  INFO 69224 --- [dsp-demo-project] [restartedMain] c.e.d.DspDemoProjectApplication          : No active profile set, falling back to 1 default profile: "default"
2026-04-14T13:06:35.357-04:00  INFO 69224 --- [dsp-demo-project] [restartedMain] .e.DevToolsPropertyDefaultsPostProcessor : Devtools property defaults active! Set 'spring.devtools.add-properties' to 'false' to disable
2026-04-14T13:06:35.357-04:00  INFO 69224 --- [dsp-demo-project] [restartedMain] .e.DevToolsPropertyDefaultsPostProcessor : For additional web related logging consider setting the 'logging.level.web' property to 'DEBUG'
2026-04-14T13:06:35.571-04:00  INFO 69224 --- [dsp-demo-project] [restartedMain] .s.d.r.c.RepositoryConfigurationDelegate : Bootstrapping Spring Data JPA repositories in DEFAULT mode.
2026-04-14T13:06:35.590-04:00  INFO 69224 --- [dsp-demo-project] [restartedMain] .s.d.r.c.RepositoryConfigurationDelegate : Finished Spring Data repository scanning in 15 ms. Found 2 JPA repository interfaces.
2026-04-14T13:06:35.752-04:00  INFO 69224 --- [dsp-demo-project] [restartedMain] o.s.boot.tomcat.TomcatWebServer          : Tomcat initialized with port 8080 (http)
2026-04-14T13:06:35.757-04:00  INFO 69224 --- [dsp-demo-project] [restartedMain] o.apache.catalina.core.StandardService   : Starting service [Tomcat]
2026-04-14T13:06:35.757-04:00  INFO 69224 --- [dsp-demo-project] [restartedMain] o.apache.catalina.core.StandardEngine    : Starting Servlet engine: [Apache Tomcat/11.0.20]
2026-04-14T13:06:35.771-04:00  INFO 69224 --- [dsp-demo-project] [restartedMain] b.w.c.s.WebApplicationContextInitializer : Root WebApplicationContext: initialization completed in 414 ms
2026-04-14T13:06:35.837-04:00  INFO 69224 --- [dsp-demo-project] [restartedMain] org.hibernate.orm.jpa                    : HHH008540: Processing PersistenceUnitInfo [name: default]
2026-04-14T13:06:35.864-04:00  INFO 69224 --- [dsp-demo-project] [restartedMain] org.hibernate.orm.core                   : HHH000001: Hibernate ORM core version 7.2.7.Final
2026-04-14T13:06:36.049-04:00  INFO 69224 --- [dsp-demo-project] [restartedMain] o.s.o.j.p.SpringPersistenceUnitInfo      : No LoadTimeWeaver setup: ignoring JPA class transformer
2026-04-14T13:06:36.065-04:00  INFO 69224 --- [dsp-demo-project] [restartedMain] com.zaxxer.hikari.HikariDataSource       : HikariPool-1 - Starting...
2026-04-14T13:06:36.624-04:00  INFO 69224 --- [dsp-demo-project] [restartedMain] com.zaxxer.hikari.pool.HikariPool        : HikariPool-1 - Added connection org.postgresql.jdbc.PgConnection@363f90d9
2026-04-14T13:06:36.625-04:00  INFO 69224 --- [dsp-demo-project] [restartedMain] com.zaxxer.hikari.HikariDataSource       : HikariPool-1 - Start completed.
2026-04-14T13:06:36.687-04:00  WARN 69224 --- [dsp-demo-project] [restartedMain] org.hibernate.orm.deprecation            : HHH90000025: PostgreSQLDialect does not need to be specified explicitly using 'hibernate.dialect' (remove the property setting and it will be selected by default)
2026-04-14T13:06:36.842-04:00  INFO 69224 --- [dsp-demo-project] [restartedMain] org.hibernate.orm.connections.pooling    : HHH10001005: Database info:
	Database JDBC URL [jdbc:postgresql://dsp-demo-1.cwomfw6wy9rv.us-east-1.rds.amazonaws.com:5432/postgres?sslmode=verify-full&sslrootcert=./global-bundle.pem]
	Database driver: PostgreSQL JDBC Driver
	Database dialect: PostgreSQLDialect
	Database version: 17.6
	Default catalog/schema: postgres/public
	Autocommit mode: undefined/unknown
	Isolation level: READ_COMMITTED [default READ_COMMITTED]
	JDBC fetch size: none
	Pool: DataSourceConnectionProvider
	Minimum pool size: undefined/unknown
	Maximum pool size: undefined/unknown
2026-04-14T13:06:37.251-04:00  INFO 69224 --- [dsp-demo-project] [restartedMain] org.hibernate.orm.core                   : HHH000489: No JTA platform available (set 'hibernate.transaction.jta.platform' to enable JTA platform integration)
2026-04-14T13:06:37.537-04:00  INFO 69224 --- [dsp-demo-project] [restartedMain] j.LocalContainerEntityManagerFactoryBean : Initialized JPA EntityManagerFactory for persistence unit 'default'
2026-04-14T13:06:37.579-04:00  INFO 69224 --- [dsp-demo-project] [restartedMain] o.s.d.j.r.query.QueryEnhancerFactories   : Hibernate is in classpath; If applicable, HQL parser will be used.
2026-04-14T13:06:37.644-04:00  WARN 69224 --- [dsp-demo-project] [restartedMain] ConfigServletWebServerApplicationContext : Exception encountered during context initialization - cancelling refresh attempt: org.springframework.beans.factory.UnsatisfiedDependencyException: Error creating bean with name 'restEndpointController': Unsatisfied dependency expressed through field 'dashBoardService': Error creating bean with name 'dashBoardServiceImpl': Unsatisfied dependency expressed through field 'advRepo': Error creating bean with name 'advertiserRepository' defined in repository.com.garygz.dspdemoproject.AdvertiserRepository defined in @EnableJpaRepositories declared on DataJpaRepositoriesRegistrar.EnableJpaRepositoriesConfiguration: No property 'addAdvertiser' found for type 'Advertiser'
2026-04-14T13:06:37.644-04:00  INFO 69224 --- [dsp-demo-project] [restartedMain] j.LocalContainerEntityManagerFactoryBean : Closing JPA EntityManagerFactory for persistence unit 'default'
2026-04-14T13:06:37.646-04:00  INFO 69224 --- [dsp-demo-project] [restartedMain] com.zaxxer.hikari.HikariDataSource       : HikariPool-1 - Shutdown initiated...
2026-04-14T13:06:37.902-04:00  INFO 69224 --- [dsp-demo-project] [restartedMain] com.zaxxer.hikari.HikariDataSource       : HikariPool-1 - Shutdown completed.
2026-04-14T13:06:37.903-04:00  INFO 69224 --- [dsp-demo-project] [restartedMain] o.apache.catalina.core.StandardService   : Stopping service [Tomcat]
2026-04-14T13:06:37.906-04:00  INFO 69224 --- [dsp-demo-project] [restartedMain] .s.b.a.l.ConditionEvaluationReportLogger : 

Error starting ApplicationContext. To display the condition evaluation report re-run your application with 'debug' enabled.
2026-04-14T13:06:37.912-04:00 ERROR 69224 --- [dsp-demo-project] [restartedMain] o.s.boot.SpringApplication               : Application run failed

org.springframework.beans.factory.UnsatisfiedDependencyException: Error creating bean with name 'restEndpointController': Unsatisfied dependency expressed through field 'dashBoardService': Error creating bean with name 'dashBoardServiceImpl': Unsatisfied dependency expressed through field 'advRepo': Error creating bean with name 'advertiserRepository' defined in repository.com.garygz.dspdemoproject.AdvertiserRepository defined in @EnableJpaRepositories declared on DataJpaRepositoriesRegistrar.EnableJpaRepositoriesConfiguration: No property 'addAdvertiser' found for type 'Advertiser'
	at org.springframework.beans.factory.annotation.AutowiredAnnotationBeanPostProcessor$AutowiredFieldElement.resolveFieldValue(AutowiredAnnotationBeanPostProcessor.java:767) ~[spring-beans-7.0.6.jar:7.0.6]
	at org.springframework.beans.factory.annotation.AutowiredAnnotationBeanPostProcessor$AutowiredFieldElement.inject(AutowiredAnnotationBeanPostProcessor.java:748) ~[spring-beans-7.0.6.jar:7.0.6]
	at org.springframework.beans.factory.annotation.InjectionMetadata.inject(InjectionMetadata.java:146) ~[spring-beans-7.0.6.jar:7.0.6]
	at org.springframework.beans.factory.annotation.AutowiredAnnotationBeanPostProcessor.postProcessProperties(AutowiredAnnotationBeanPostProcessor.java:493) ~[spring-beans-7.0.6.jar:7.0.6]
	at org.springframework.beans.factory.support.AbstractAutowireCapableBeanFactory.populateBean(AbstractAutowireCapableBeanFactory.java:1446) ~[spring-beans-7.0.6.jar:7.0.6]
	at org.springframework.beans.factory.support.AbstractAutowireCapableBeanFactory.doCreateBean(AbstractAutowireCapableBeanFactory.java:602) ~[spring-beans-7.0.6.jar:7.0.6]
	at org.springframework.beans.factory.support.AbstractAutowireCapableBeanFactory.createBean(AbstractAutowireCapableBeanFactory.java:525) ~[spring-beans-7.0.6.jar:7.0.6]
	at org.springframework.beans.factory.support.AbstractBeanFactory.lambda$doGetBean$0(AbstractBeanFactory.java:333) ~[spring-beans-7.0.6.jar:7.0.6]
	at org.springframework.beans.factory.support.DefaultSingletonBeanRegistry.getSingleton(DefaultSingletonBeanRegistry.java:371) ~[spring-beans-7.0.6.jar:7.0.6]
	at org.springframework.beans.factory.support.AbstractBeanFactory.doGetBean(AbstractBeanFactory.java:331) ~[spring-beans-7.0.6.jar:7.0.6]
	at org.springframework.beans.factory.support.AbstractBeanFactory.getBean(AbstractBeanFactory.java:196) ~[spring-beans-7.0.6.jar:7.0.6]
	at org.springframework.beans.factory.support.DefaultListableBeanFactory.instantiateSingleton(DefaultListableBeanFactory.java:1218) ~[spring-beans-7.0.6.jar:7.0.6]
	at org.springframework.beans.factory.support.DefaultListableBeanFactory.preInstantiateSingleton(DefaultListableBeanFactory.java:1184) ~[spring-beans-7.0.6.jar:7.0.6]
	at org.springframework.beans.factory.support.DefaultListableBeanFactory.preInstantiateSingletons(DefaultListableBeanFactory.java:1121) ~[spring-beans-7.0.6.jar:7.0.6]
	at org.springframework.context.support.AbstractApplicationContext.finishBeanFactoryInitialization(AbstractApplicationContext.java:994) ~[spring-context-7.0.6.jar:7.0.6]
	at org.springframework.context.support.AbstractApplicationContext.refresh(AbstractApplicationContext.java:621) ~[spring-context-7.0.6.jar:7.0.6]
	at org.springframework.boot.web.server.servlet.context.ServletWebServerApplicationContext.refresh(ServletWebServerApplicationContext.java:143) ~[spring-boot-web-server-4.0.5.jar:4.0.5]
	at org.springframework.boot.SpringApplication.refresh(SpringApplication.java:756) ~[spring-boot-4.0.5.jar:4.0.5]
	at org.springframework.boot.SpringApplication.refreshContext(SpringApplication.java:445) ~[spring-boot-4.0.5.jar:4.0.5]
	at org.springframework.boot.SpringApplication.run(SpringApplication.java:321) ~[spring-boot-4.0.5.jar:4.0.5]
	at org.springframework.boot.SpringApplication.run(SpringApplication.java:1365) ~[spring-boot-4.0.5.jar:4.0.5]
	at org.springframework.boot.SpringApplication.run(SpringApplication.java:1354) ~[spring-boot-4.0.5.jar:4.0.5]
	at com.garygz.dspdemoproject.DspDemoProjectApplication.main(DspDemoProjectApplication.java:10) ~[main/:na]
	at java.base/jdk.internal.reflect.NativeMethodAccessorImpl.invoke0(Native Method) ~[na:na]
	at java.base/jdk.internal.reflect.NativeMethodAccessorImpl.invoke(NativeMethodAccessorImpl.java:77) ~[na:na]
	at java.base/jdk.internal.reflect.DelegatingMethodAccessorImpl.invoke(DelegatingMethodAccessorImpl.java:43) ~[na:na]
	at java.base/java.lang.reflect.Method.invoke(Method.java:569) ~[na:na]
	at org.springframework.boot.devtools.restart.RestartLauncher.run(RestartLauncher.java:52) ~[spring-boot-devtools-4.0.5.jar:4.0.5]
Caused by: org.springframework.beans.factory.UnsatisfiedDependencyException: Error creating bean with name 'dashBoardServiceImpl': Unsatisfied dependency expressed through field 'advRepo': Error creating bean with name 'advertiserRepository' defined in repository.com.garygz.dspdemoproject.AdvertiserRepository defined in @EnableJpaRepositories declared on DataJpaRepositoriesRegistrar.EnableJpaRepositoriesConfiguration: No property 'addAdvertiser' found for type 'Advertiser'
	at org.springframework.beans.factory.annotation.AutowiredAnnotationBeanPostProcessor$AutowiredFieldElement.resolveFieldValue(AutowiredAnnotationBeanPostProcessor.java:767) ~[spring-beans-7.0.6.jar:7.0.6]
	at org.springframework.beans.factory.annotation.AutowiredAnnotationBeanPostProcessor$AutowiredFieldElement.inject(AutowiredAnnotationBeanPostProcessor.java:748) ~[spring-beans-7.0.6.jar:7.0.6]
	at org.springframework.beans.factory.annotation.InjectionMetadata.inject(InjectionMetadata.java:146) ~[spring-beans-7.0.6.jar:7.0.6]
	at org.springframework.beans.factory.annotation.AutowiredAnnotationBeanPostProcessor.postProcessProperties(AutowiredAnnotationBeanPostProcessor.java:493) ~[spring-beans-7.0.6.jar:7.0.6]
	at org.springframework.beans.factory.support.AbstractAutowireCapableBeanFactory.populateBean(AbstractAutowireCapableBeanFactory.java:1446) ~[spring-beans-7.0.6.jar:7.0.6]
	at org.springframework.beans.factory.support.AbstractAutowireCapableBeanFactory.doCreateBean(AbstractAutowireCapableBeanFactory.java:602) ~[spring-beans-7.0.6.jar:7.0.6]
	at org.springframework.beans.factory.support.AbstractAutowireCapableBeanFactory.createBean(AbstractAutowireCapableBeanFactory.java:525) ~[spring-beans-7.0.6.jar:7.0.6]
	at org.springframework.beans.factory.support.AbstractBeanFactory.lambda$doGetBean$0(AbstractBeanFactory.java:333) ~[spring-beans-7.0.6.jar:7.0.6]
	at org.springframework.beans.factory.support.DefaultSingletonBeanRegistry.getSingleton(DefaultSingletonBeanRegistry.java:371) ~[spring-beans-7.0.6.jar:7.0.6]
	at org.springframework.beans.factory.support.AbstractBeanFactory.doGetBean(AbstractBeanFactory.java:331) ~[spring-beans-7.0.6.jar:7.0.6]
	at org.springframework.beans.factory.support.AbstractBeanFactory.getBean(AbstractBeanFactory.java:201) ~[spring-beans-7.0.6.jar:7.0.6]
	at org.springframework.beans.factory.config.DependencyDescriptor.resolveCandidate(DependencyDescriptor.java:229) ~[spring-beans-7.0.6.jar:7.0.6]
	at org.springframework.beans.factory.support.DefaultListableBeanFactory.doResolveDependency(DefaultListableBeanFactory.java:1762) ~[spring-beans-7.0.6.jar:7.0.6]
	at org.springframework.beans.factory.support.DefaultListableBeanFactory.resolveDependency(DefaultListableBeanFactory.java:1651) ~[spring-beans-7.0.6.jar:7.0.6]
	at org.springframework.beans.factory.annotation.AutowiredAnnotationBeanPostProcessor$AutowiredFieldElement.resolveFieldValue(AutowiredAnnotationBeanPostProcessor.java:764) ~[spring-beans-7.0.6.jar:7.0.6]
	... 27 common frames omitted
Caused by: org.springframework.beans.factory.BeanCreationException: Error creating bean with name 'advertiserRepository' defined in repository.com.garygz.dspdemoproject.AdvertiserRepository defined in @EnableJpaRepositories declared on DataJpaRepositoriesRegistrar.EnableJpaRepositoriesConfiguration: No property 'addAdvertiser' found for type 'Advertiser'
	at org.springframework.beans.factory.support.AbstractAutowireCapableBeanFactory.initializeBean(AbstractAutowireCapableBeanFactory.java:1817) ~[spring-beans-7.0.6.jar:7.0.6]
	at org.springframework.beans.factory.support.AbstractAutowireCapableBeanFactory.doCreateBean(AbstractAutowireCapableBeanFactory.java:603) ~[spring-beans-7.0.6.jar:7.0.6]
	at org.springframework.beans.factory.support.AbstractAutowireCapableBeanFactory.createBean(AbstractAutowireCapableBeanFactory.java:525) ~[spring-beans-7.0.6.jar:7.0.6]
	at org.springframework.beans.factory.support.AbstractBeanFactory.lambda$doGetBean$0(AbstractBeanFactory.java:333) ~[spring-beans-7.0.6.jar:7.0.6]
	at org.springframework.beans.factory.support.DefaultSingletonBeanRegistry.getSingleton(DefaultSingletonBeanRegistry.java:371) ~[spring-beans-7.0.6.jar:7.0.6]
	at org.springframework.beans.factory.support.AbstractBeanFactory.doGetBean(AbstractBeanFactory.java:331) ~[spring-beans-7.0.6.jar:7.0.6]
	at org.springframework.beans.factory.support.AbstractBeanFactory.getBean(AbstractBeanFactory.java:201) ~[spring-beans-7.0.6.jar:7.0.6]
	at org.springframework.beans.factory.config.DependencyDescriptor.resolveCandidate(DependencyDescriptor.java:229) ~[spring-beans-7.0.6.jar:7.0.6]
	at org.springframework.beans.factory.support.DefaultListableBeanFactory.doResolveDependency(DefaultListableBeanFactory.java:1762) ~[spring-beans-7.0.6.jar:7.0.6]
	at org.springframework.beans.factory.support.DefaultListableBeanFactory.resolveDependency(DefaultListableBeanFactory.java:1651) ~[spring-beans-7.0.6.jar:7.0.6]
	at org.springframework.beans.factory.annotation.AutowiredAnnotationBeanPostProcessor$AutowiredFieldElement.resolveFieldValue(AutowiredAnnotationBeanPostProcessor.java:764) ~[spring-beans-7.0.6.jar:7.0.6]
	... 41 common frames omitted
Caused by: org.springframework.data.repository.query.QueryCreationException: Cannot create query for method [AdvertiserRepository.addAdvertiser(java.lang.String,java.util.UUID)]; No property 'addAdvertiser' found for type 'Advertiser'
	at org.springframework.data.repository.query.QueryCreationException.create(QueryCreationException.java:109) ~[spring-data-commons-4.0.4.jar:4.0.4]
	at org.springframework.data.jpa.repository.query.PartTreeJpaQuery.<init>(PartTreeJpaQuery.java:114) ~[spring-data-jpa-4.0.4.jar:4.0.4]
	at org.springframework.data.jpa.repository.query.JpaQueryLookupStrategy$CreateQueryLookupStrategy.resolveQuery(JpaQueryLookupStrategy.java:118) ~[spring-data-jpa-4.0.4.jar:4.0.4]
	at org.springframework.data.jpa.repository.query.JpaQueryLookupStrategy$CreateIfNotFoundQueryLookupStrategy.resolveQuery(JpaQueryLookupStrategy.java:291) ~[spring-data-jpa-4.0.4.jar:4.0.4]
	at org.springframework.data.jpa.repository.query.JpaQueryLookupStrategy$AbstractQueryLookupStrategy.resolveQuery(JpaQueryLookupStrategy.java:93) ~[spring-data-jpa-4.0.4.jar:4.0.4]
	at org.springframework.data.repository.core.support.QueryExecutorMethodInterceptor.lookupQuery(QueryExecutorMethodInterceptor.java:114) ~[spring-data-commons-4.0.4.jar:4.0.4]
	at org.springframework.data.repository.core.support.QueryExecutorMethodInterceptor.mapMethodsToQuery(QueryExecutorMethodInterceptor.java:102) ~[spring-data-commons-4.0.4.jar:4.0.4]
	at org.springframework.data.repository.core.support.QueryExecutorMethodInterceptor.<init>(QueryExecutorMethodInterceptor.java:90) ~[spring-data-commons-4.0.4.jar:4.0.4]
	at org.springframework.data.repository.core.support.RepositoryFactorySupport.getRepository(RepositoryFactorySupport.java:413) ~[spring-data-commons-4.0.4.jar:4.0.4]
	at org.springframework.data.repository.core.support.RepositoryFactoryBeanSupport.lambda$afterPropertiesSet$1(RepositoryFactoryBeanSupport.java:361) ~[spring-data-commons-4.0.4.jar:4.0.4]
	at org.springframework.data.util.Lazy.getNullable(Lazy.java:136) ~[spring-data-commons-4.0.4.jar:4.0.4]
	at org.springframework.data.util.Lazy.get(Lazy.java:114) ~[spring-data-commons-4.0.4.jar:4.0.4]
	at org.springframework.data.repository.core.support.RepositoryFactoryBeanSupport.afterPropertiesSet(RepositoryFactoryBeanSupport.java:370) ~[spring-data-commons-4.0.4.jar:4.0.4]
	at org.springframework.data.jpa.repository.support.JpaRepositoryFactoryBean.afterPropertiesSet(JpaRepositoryFactoryBean.java:212) ~[spring-data-jpa-4.0.4.jar:4.0.4]
	at org.springframework.beans.factory.support.AbstractAutowireCapableBeanFactory.invokeInitMethods(AbstractAutowireCapableBeanFactory.java:1864) ~[spring-beans-7.0.6.jar:7.0.6]
	at org.springframework.beans.factory.support.AbstractAutowireCapableBeanFactory.initializeBean(AbstractAutowireCapableBeanFactory.java:1813) ~[spring-beans-7.0.6.jar:7.0.6]
	... 51 common frames omitted
Caused by: org.springframework.data.core.PropertyReferenceException: No property 'addAdvertiser' found for type 'Advertiser'
	at org.springframework.data.core.SimplePropertyPath.<init>(SimplePropertyPath.java:93) ~[spring-data-commons-4.0.4.jar:4.0.4]
	at org.springframework.data.core.SimplePropertyPath.create(SimplePropertyPath.java:360) ~[spring-data-commons-4.0.4.jar:4.0.4]
	at org.springframework.data.core.SimplePropertyPath.create(SimplePropertyPath.java:335) ~[spring-data-commons-4.0.4.jar:4.0.4]
	at org.springframework.data.core.SimplePropertyPath.lambda$from$0(SimplePropertyPath.java:288) ~[spring-data-commons-4.0.4.jar:4.0.4]
	at org.springframework.util.ConcurrentReferenceHashMap$6.execute(ConcurrentReferenceHashMap.java:387) ~[spring-core-7.0.6.jar:7.0.6]
	at org.springframework.util.ConcurrentReferenceHashMap$Segment.doTask(ConcurrentReferenceHashMap.java:681) ~[spring-core-7.0.6.jar:7.0.6]
	at org.springframework.util.ConcurrentReferenceHashMap.doTask(ConcurrentReferenceHashMap.java:565) ~[spring-core-7.0.6.jar:7.0.6]
	at org.springframework.util.ConcurrentReferenceHashMap.computeIfAbsent(ConcurrentReferenceHashMap.java:381) ~[spring-core-7.0.6.jar:7.0.6]
	at org.springframework.data.core.SimplePropertyPath.from(SimplePropertyPath.java:270) ~[spring-data-commons-4.0.4.jar:4.0.4]
	at org.springframework.data.core.PropertyPath.from(PropertyPath.java:210) ~[spring-data-commons-4.0.4.jar:4.0.4]
	at org.springframework.data.core.PropertyPath.from(PropertyPath.java:193) ~[spring-data-commons-4.0.4.jar:4.0.4]
	at org.springframework.data.repository.query.parser.Part.<init>(Part.java:81) ~[spring-data-commons-4.0.4.jar:4.0.4]
	at org.springframework.data.repository.query.parser.PartTree$OrPart.lambda$new$0(PartTree.java:260) ~[spring-data-commons-4.0.4.jar:4.0.4]
	at java.base/java.util.stream.ReferencePipeline$3$1.accept(ReferencePipeline.java:197) ~[na:na]
	at java.base/java.util.stream.ReferencePipeline$2$1.accept(ReferencePipeline.java:179) ~[na:na]
	at java.base/java.util.Spliterators$ArraySpliterator.forEachRemaining(Spliterators.java:992) ~[na:na]
	at java.base/java.util.stream.AbstractPipeline.copyInto(AbstractPipeline.java:509) ~[na:na]
	at java.base/java.util.stream.AbstractPipeline.wrapAndCopyInto(AbstractPipeline.java:499) ~[na:na]
	at java.base/java.util.stream.ReduceOps$ReduceOp.evaluateSequential(ReduceOps.java:921) ~[na:na]
	at java.base/java.util.stream.AbstractPipeline.evaluate(AbstractPipeline.java:234) ~[na:na]
	at java.base/java.util.stream.ReferencePipeline.collect(ReferencePipeline.java:682) ~[na:na]
	at org.springframework.data.repository.query.parser.PartTree$OrPart.<init>(PartTree.java:261) ~[spring-data-commons-4.0.4.jar:4.0.4]
	at org.springframework.data.repository.query.parser.PartTree$Predicate.lambda$new$0(PartTree.java:390) ~[spring-data-commons-4.0.4.jar:4.0.4]
	at java.base/java.util.stream.ReferencePipeline$3$1.accept(ReferencePipeline.java:197) ~[na:na]
	at java.base/java.util.stream.ReferencePipeline$2$1.accept(ReferencePipeline.java:179) ~[na:na]
	at java.base/java.util.Spliterators$ArraySpliterator.forEachRemaining(Spliterators.java:992) ~[na:na]
	at java.base/java.util.stream.AbstractPipeline.copyInto(AbstractPipeline.java:509) ~[na:na]
	at java.base/java.util.stream.AbstractPipeline.wrapAndCopyInto(AbstractPipeline.java:499) ~[na:na]
	at java.base/java.util.stream.ReduceOps$ReduceOp.evaluateSequential(ReduceOps.java:921) ~[na:na]
	at java.base/java.util.stream.AbstractPipeline.evaluate(AbstractPipeline.java:234) ~[na:na]
	at java.base/java.util.stream.ReferencePipeline.collect(ReferencePipeline.java:682) ~[na:na]
	at org.springframework.data.repository.query.parser.PartTree$Predicate.<init>(PartTree.java:391) ~[spring-data-commons-4.0.4.jar:4.0.4]
	at org.springframework.data.repository.query.parser.PartTree.<init>(PartTree.java:101) ~[spring-data-commons-4.0.4.jar:4.0.4]
	at org.springframework.data.jpa.repository.query.PartTreeJpaQuery.<init>(PartTreeJpaQuery.java:108) ~[spring-data-jpa-4.0.4.jar:4.0.4]
	... 65 common frames omitted

2026-04-14T13:13:27.998-04:00  INFO 69364 --- [dsp-demo-project] [restartedMain] c.e.d.DspDemoProjectApplication          : Starting DspDemoProjectApplication using Java 17.0.18 with PID 69364 (/Users/garygz/IdeaProjects/dsp-demo-project/build/classes/java/main started by garygz in /Users/garygz/IdeaProjects/dsp-demo-project)
2026-04-14T13:13:27.999-04:00 DEBUG 69364 --- [dsp-demo-project] [restartedMain] c.e.d.DspDemoProjectApplication          : Running with Spring Boot v4.0.5, Spring v7.0.6
2026-04-14T13:13:27.999-04:00  INFO 69364 --- [dsp-demo-project] [restartedMain] c.e.d.DspDemoProjectApplication          : No active profile set, falling back to 1 default profile: "default"
2026-04-14T13:13:28.015-04:00  INFO 69364 --- [dsp-demo-project] [restartedMain] .e.DevToolsPropertyDefaultsPostProcessor : Devtools property defaults active! Set 'spring.devtools.add-properties' to 'false' to disable
2026-04-14T13:13:28.015-04:00  INFO 69364 --- [dsp-demo-project] [restartedMain] .e.DevToolsPropertyDefaultsPostProcessor : For additional web related logging consider setting the 'logging.level.web' property to 'DEBUG'
2026-04-14T13:13:28.236-04:00  INFO 69364 --- [dsp-demo-project] [restartedMain] .s.d.r.c.RepositoryConfigurationDelegate : Bootstrapping Spring Data JPA repositories in DEFAULT mode.
2026-04-14T13:13:28.262-04:00  INFO 69364 --- [dsp-demo-project] [restartedMain] .s.d.r.c.RepositoryConfigurationDelegate : Finished Spring Data repository scanning in 22 ms. Found 2 JPA repository interfaces.
2026-04-14T13:13:28.426-04:00  INFO 69364 --- [dsp-demo-project] [restartedMain] o.s.boot.tomcat.TomcatWebServer          : Tomcat initialized with port 8080 (http)
2026-04-14T13:13:28.431-04:00  INFO 69364 --- [dsp-demo-project] [restartedMain] o.apache.catalina.core.StandardService   : Starting service [Tomcat]
2026-04-14T13:13:28.431-04:00  INFO 69364 --- [dsp-demo-project] [restartedMain] o.apache.catalina.core.StandardEngine    : Starting Servlet engine: [Apache Tomcat/11.0.20]
2026-04-14T13:13:28.445-04:00  INFO 69364 --- [dsp-demo-project] [restartedMain] b.w.c.s.WebApplicationContextInitializer : Root WebApplicationContext: initialization completed in 430 ms
2026-04-14T13:13:28.515-04:00  INFO 69364 --- [dsp-demo-project] [restartedMain] org.hibernate.orm.jpa                    : HHH008540: Processing PersistenceUnitInfo [name: default]
2026-04-14T13:13:28.545-04:00  INFO 69364 --- [dsp-demo-project] [restartedMain] org.hibernate.orm.core                   : HHH000001: Hibernate ORM core version 7.2.7.Final
2026-04-14T13:13:28.733-04:00  INFO 69364 --- [dsp-demo-project] [restartedMain] o.s.o.j.p.SpringPersistenceUnitInfo      : No LoadTimeWeaver setup: ignoring JPA class transformer
2026-04-14T13:13:28.749-04:00  INFO 69364 --- [dsp-demo-project] [restartedMain] com.zaxxer.hikari.HikariDataSource       : HikariPool-1 - Starting...
2026-04-14T13:13:29.314-04:00  INFO 69364 --- [dsp-demo-project] [restartedMain] com.zaxxer.hikari.pool.HikariPool        : HikariPool-1 - Added connection org.postgresql.jdbc.PgConnection@55a2cb7
2026-04-14T13:13:29.315-04:00  INFO 69364 --- [dsp-demo-project] [restartedMain] com.zaxxer.hikari.HikariDataSource       : HikariPool-1 - Start completed.
2026-04-14T13:13:29.376-04:00  WARN 69364 --- [dsp-demo-project] [restartedMain] org.hibernate.orm.deprecation            : HHH90000025: PostgreSQLDialect does not need to be specified explicitly using 'hibernate.dialect' (remove the property setting and it will be selected by default)
2026-04-14T13:13:29.535-04:00  INFO 69364 --- [dsp-demo-project] [restartedMain] org.hibernate.orm.connections.pooling    : HHH10001005: Database info:
	Database JDBC URL [jdbc:postgresql://dsp-demo-1.cwomfw6wy9rv.us-east-1.rds.amazonaws.com:5432/postgres?sslmode=verify-full&sslrootcert=./global-bundle.pem]
	Database driver: PostgreSQL JDBC Driver
	Database dialect: PostgreSQLDialect
	Database version: 17.6
	Default catalog/schema: postgres/public
	Autocommit mode: undefined/unknown
	Isolation level: READ_COMMITTED [default READ_COMMITTED]
	JDBC fetch size: none
	Pool: DataSourceConnectionProvider
	Minimum pool size: undefined/unknown
	Maximum pool size: undefined/unknown
2026-04-14T13:13:29.933-04:00  INFO 69364 --- [dsp-demo-project] [restartedMain] org.hibernate.orm.core                   : HHH000489: No JTA platform available (set 'hibernate.transaction.jta.platform' to enable JTA platform integration)
2026-04-14T13:13:30.230-04:00  INFO 69364 --- [dsp-demo-project] [restartedMain] j.LocalContainerEntityManagerFactoryBean : Initialized JPA EntityManagerFactory for persistence unit 'default'
2026-04-14T13:13:30.280-04:00  INFO 69364 --- [dsp-demo-project] [restartedMain] o.s.d.j.r.query.QueryEnhancerFactories   : Hibernate is in classpath; If applicable, HQL parser will be used.
2026-04-14T13:13:30.366-04:00  WARN 69364 --- [dsp-demo-project] [restartedMain] JpaBaseConfiguration$JpaWebConfiguration : spring.jpa.open-in-view is enabled by default. Therefore, database queries may be performed during view rendering. Explicitly configure spring.jpa.open-in-view to disable this warning
2026-04-14T13:13:30.423-04:00 DEBUG 69364 --- [dsp-demo-project] [restartedMain] s.w.s.m.m.a.RequestMappingHandlerMapping : 5 mappings in 'requestMappingHandlerMapping'
2026-04-14T13:13:30.437-04:00 DEBUG 69364 --- [dsp-demo-project] [restartedMain] o.s.w.s.handler.SimpleUrlHandlerMapping  : Patterns [/webjars/**, /**] in 'resourceHandlerMapping'
2026-04-14T13:13:30.448-04:00 DEBUG 69364 --- [dsp-demo-project] [restartedMain] s.w.s.m.m.a.RequestMappingHandlerAdapter : ControllerAdvice beans: 0 @ModelAttribute, 0 @InitBinder, 2 RequestBodyAdvice, 1 ResponseBodyAdvice
2026-04-14T13:13:30.469-04:00 DEBUG 69364 --- [dsp-demo-project] [restartedMain] .m.m.a.ExceptionHandlerExceptionResolver : ControllerAdvice beans: 0 @ExceptionHandler, 1 ResponseBodyAdvice
2026-04-14T13:13:30.518-04:00  INFO 69364 --- [dsp-demo-project] [restartedMain] o.s.boot.tomcat.TomcatWebServer          : Tomcat started on port 8080 (http) with context path '/'
2026-04-14T13:13:30.520-04:00  INFO 69364 --- [dsp-demo-project] [restartedMain] c.e.d.DspDemoProjectApplication          : Started DspDemoProjectApplication in 2.665 seconds (process running for 2.898)
2026-04-14T13:13:37.202-04:00  INFO 69364 --- [dsp-demo-project] [http-nio-8080-exec-1] o.a.c.c.C.[Tomcat].[localhost].[/]       : Initializing Spring DispatcherServlet 'dispatcherServlet'
2026-04-14T13:13:37.202-04:00  INFO 69364 --- [dsp-demo-project] [http-nio-8080-exec-1] o.s.web.servlet.DispatcherServlet        : Initializing Servlet 'dispatcherServlet'
2026-04-14T13:13:37.203-04:00 DEBUG 69364 --- [dsp-demo-project] [http-nio-8080-exec-1] o.s.web.servlet.DispatcherServlet        : Detected StandardServletMultipartResolver
2026-04-14T13:13:37.203-04:00 DEBUG 69364 --- [dsp-demo-project] [http-nio-8080-exec-1] o.s.web.servlet.DispatcherServlet        : Detected AcceptHeaderLocaleResolver
2026-04-14T13:13:37.203-04:00 DEBUG 69364 --- [dsp-demo-project] [http-nio-8080-exec-1] o.s.web.servlet.DispatcherServlet        : Detected org.springframework.web.servlet.view.DefaultRequestToViewNameTranslator@3d3e45bb
2026-04-14T13:13:37.203-04:00 DEBUG 69364 --- [dsp-demo-project] [http-nio-8080-exec-1] o.s.web.servlet.DispatcherServlet        : Detected org.springframework.web.servlet.support.SessionFlashMapManager@333470c4
2026-04-14T13:13:37.203-04:00 DEBUG 69364 --- [dsp-demo-project] [http-nio-8080-exec-1] o.s.web.servlet.DispatcherServlet        : enableLoggingRequestDetails='false': request parameters and headers will be masked to prevent unsafe logging of potentially sensitive data
2026-04-14T13:13:37.204-04:00  INFO 69364 --- [dsp-demo-project] [http-nio-8080-exec-1] o.s.web.servlet.DispatcherServlet        : Completed initialization in 0 ms
2026-04-14T13:13:37.208-04:00 DEBUG 69364 --- [dsp-demo-project] [http-nio-8080-exec-1] o.s.web.servlet.DispatcherServlet        : GET "/advertisers", parameters={}
2026-04-14T13:13:37.215-04:00 DEBUG 69364 --- [dsp-demo-project] [http-nio-8080-exec-1] s.w.s.m.m.a.RequestMappingHandlerMapping : Mapped to controller.com.garygz.dspdemoproject.RestEndpointController#listAllAdvertisers()
2026-04-14T13:13:37.437-04:00 DEBUG 69364 --- [dsp-demo-project] [http-nio-8080-exec-1] m.m.a.RequestResponseBodyMethodProcessor : Using 'application/json', given [*/*] and supported [application/json, application/*+json]
2026-04-14T13:13:37.437-04:00 DEBUG 69364 --- [dsp-demo-project] [http-nio-8080-exec-1] m.m.a.RequestResponseBodyMethodProcessor : Writing [[entity.com.garygz.dspdemoproject.Advertiser@7fca8980, entity.com.garygz.dspdemoproject.Advertiser (truncated)...]
2026-04-14T13:13:37.469-04:00 DEBUG 69364 --- [dsp-demo-project] [http-nio-8080-exec-1] o.s.web.servlet.DispatcherServlet        : Completed 200 OK
2026-04-14T13:21:04.292-04:00  INFO 69364 --- [dsp-demo-project] [File Watcher] rtingClassPathChangeChangedEventListener : Restarting due to 2 class path changes (0 additions, 0 deletions, 2 modifications)
2026-04-14T13:21:04.304-04:00  INFO 69364 --- [dsp-demo-project] [Thread-1] o.s.boot.tomcat.GracefulShutdown         : Commencing graceful shutdown. Waiting for active requests to complete
2026-04-14T13:21:04.311-04:00  INFO 69364 --- [dsp-demo-project] [tomcat-shutdown] o.s.boot.tomcat.GracefulShutdown         : Graceful shutdown complete
2026-04-14T13:21:04.315-04:00  INFO 69364 --- [dsp-demo-project] [Thread-1] j.LocalContainerEntityManagerFactoryBean : Closing JPA EntityManagerFactory for persistence unit 'default'
2026-04-14T13:21:04.319-04:00  INFO 69364 --- [dsp-demo-project] [Thread-1] com.zaxxer.hikari.HikariDataSource       : HikariPool-1 - Shutdown initiated...
2026-04-14T13:21:04.638-04:00  INFO 69364 --- [dsp-demo-project] [Thread-1] com.zaxxer.hikari.HikariDataSource       : HikariPool-1 - Shutdown completed.
2026-04-14T13:21:04.706-04:00  INFO 69364 --- [dsp-demo-project] [restartedMain] c.e.d.DspDemoProjectApplication          : Starting DspDemoProjectApplication using Java 17.0.18 with PID 69364 (/Users/garygz/IdeaProjects/dsp-demo-project/build/classes/java/main started by garygz in /Users/garygz/IdeaProjects/dsp-demo-project)
2026-04-14T13:21:04.706-04:00 DEBUG 69364 --- [dsp-demo-project] [restartedMain] c.e.d.DspDemoProjectApplication          : Running with Spring Boot v4.0.5, Spring v7.0.6
2026-04-14T13:21:04.706-04:00  INFO 69364 --- [dsp-demo-project] [restartedMain] c.e.d.DspDemoProjectApplication          : No active profile set, falling back to 1 default profile: "default"
2026-04-14T13:21:04.760-04:00  INFO 69364 --- [dsp-demo-project] [restartedMain] .s.d.r.c.RepositoryConfigurationDelegate : Bootstrapping Spring Data JPA repositories in DEFAULT mode.
2026-04-14T13:21:04.764-04:00  INFO 69364 --- [dsp-demo-project] [restartedMain] .s.d.r.c.RepositoryConfigurationDelegate : Finished Spring Data repository scanning in 3 ms. Found 2 JPA repository interfaces.
2026-04-14T13:21:04.803-04:00  INFO 69364 --- [dsp-demo-project] [restartedMain] o.s.boot.tomcat.TomcatWebServer          : Tomcat initialized with port 8080 (http)
2026-04-14T13:21:04.803-04:00  INFO 69364 --- [dsp-demo-project] [restartedMain] o.apache.catalina.core.StandardService   : Starting service [Tomcat]
2026-04-14T13:21:04.803-04:00  INFO 69364 --- [dsp-demo-project] [restartedMain] o.apache.catalina.core.StandardEngine    : Starting Servlet engine: [Apache Tomcat/11.0.20]
2026-04-14T13:21:04.808-04:00  INFO 69364 --- [dsp-demo-project] [restartedMain] b.w.c.s.WebApplicationContextInitializer : Root WebApplicationContext: initialization completed in 101 ms
2026-04-14T13:21:04.824-04:00  INFO 69364 --- [dsp-demo-project] [restartedMain] org.hibernate.orm.jpa                    : HHH008540: Processing PersistenceUnitInfo [name: default]
2026-04-14T13:21:04.836-04:00  INFO 69364 --- [dsp-demo-project] [restartedMain] o.s.o.j.p.SpringPersistenceUnitInfo      : No LoadTimeWeaver setup: ignoring JPA class transformer
2026-04-14T13:21:04.836-04:00  INFO 69364 --- [dsp-demo-project] [restartedMain] com.zaxxer.hikari.HikariDataSource       : HikariPool-2 - Starting...
2026-04-14T13:21:05.266-04:00  INFO 69364 --- [dsp-demo-project] [restartedMain] com.zaxxer.hikari.pool.HikariPool        : HikariPool-2 - Added connection org.postgresql.jdbc.PgConnection@3d4e4b23
2026-04-14T13:21:05.267-04:00  INFO 69364 --- [dsp-demo-project] [restartedMain] com.zaxxer.hikari.HikariDataSource       : HikariPool-2 - Start completed.
2026-04-14T13:21:05.309-04:00  WARN 69364 --- [dsp-demo-project] [restartedMain] org.hibernate.orm.deprecation            : HHH90000025: PostgreSQLDialect does not need to be specified explicitly using 'hibernate.dialect' (remove the property setting and it will be selected by default)
2026-04-14T13:21:05.456-04:00  INFO 69364 --- [dsp-demo-project] [restartedMain] org.hibernate.orm.connections.pooling    : HHH10001005: Database info:
	Database JDBC URL [jdbc:postgresql://dsp-demo-1.cwomfw6wy9rv.us-east-1.rds.amazonaws.com:5432/postgres?sslmode=verify-full&sslrootcert=./global-bundle.pem]
	Database driver: PostgreSQL JDBC Driver
	Database dialect: PostgreSQLDialect
	Database version: 17.6
	Default catalog/schema: postgres/public
	Autocommit mode: undefined/unknown
	Isolation level: READ_COMMITTED [default READ_COMMITTED]
	JDBC fetch size: none
	Pool: DataSourceConnectionProvider
	Minimum pool size: undefined/unknown
	Maximum pool size: undefined/unknown
2026-04-14T13:21:05.506-04:00  INFO 69364 --- [dsp-demo-project] [restartedMain] org.hibernate.orm.core                   : HHH000489: No JTA platform available (set 'hibernate.transaction.jta.platform' to enable JTA platform integration)
2026-04-14T13:21:05.787-04:00  INFO 69364 --- [dsp-demo-project] [restartedMain] j.LocalContainerEntityManagerFactoryBean : Initialized JPA EntityManagerFactory for persistence unit 'default'
2026-04-14T13:21:05.837-04:00  WARN 69364 --- [dsp-demo-project] [restartedMain] JpaBaseConfiguration$JpaWebConfiguration : spring.jpa.open-in-view is enabled by default. Therefore, database queries may be performed during view rendering. Explicitly configure spring.jpa.open-in-view to disable this warning
2026-04-14T13:21:05.858-04:00 DEBUG 69364 --- [dsp-demo-project] [restartedMain] s.w.s.m.m.a.RequestMappingHandlerMapping : 5 mappings in 'requestMappingHandlerMapping'
2026-04-14T13:21:05.863-04:00 DEBUG 69364 --- [dsp-demo-project] [restartedMain] o.s.w.s.handler.SimpleUrlHandlerMapping  : Patterns [/webjars/**, /**] in 'resourceHandlerMapping'
2026-04-14T13:21:05.866-04:00 DEBUG 69364 --- [dsp-demo-project] [restartedMain] s.w.s.m.m.a.RequestMappingHandlerAdapter : ControllerAdvice beans: 0 @ModelAttribute, 0 @InitBinder, 2 RequestBodyAdvice, 1 ResponseBodyAdvice
2026-04-14T13:21:05.870-04:00 DEBUG 69364 --- [dsp-demo-project] [restartedMain] .m.m.a.ExceptionHandlerExceptionResolver : ControllerAdvice beans: 0 @ExceptionHandler, 1 ResponseBodyAdvice
2026-04-14T13:21:05.887-04:00  INFO 69364 --- [dsp-demo-project] [restartedMain] o.s.boot.tomcat.TomcatWebServer          : Tomcat started on port 8080 (http) with context path '/'
2026-04-14T13:21:05.889-04:00  INFO 69364 --- [dsp-demo-project] [restartedMain] c.e.d.DspDemoProjectApplication          : Started DspDemoProjectApplication in 1.194 seconds (process running for 458.265)
2026-04-14T13:21:05.889-04:00  INFO 69364 --- [dsp-demo-project] [restartedMain] .ConditionEvaluationDeltaLoggingListener : Condition evaluation unchanged
2026-04-14T13:22:02.781-04:00  INFO 69364 --- [dsp-demo-project] [File Watcher] rtingClassPathChangeChangedEventListener : Restarting due to 1 class path change (0 additions, 1 deletion, 0 modifications)
2026-04-14T13:22:02.790-04:00  INFO 69364 --- [dsp-demo-project] [Thread-5] o.s.boot.tomcat.GracefulShutdown         : Commencing graceful shutdown. Waiting for active requests to complete
2026-04-14T13:22:02.794-04:00  INFO 69364 --- [dsp-demo-project] [tomcat-shutdown] o.s.boot.tomcat.GracefulShutdown         : Graceful shutdown complete
2026-04-14T13:22:02.798-04:00  INFO 69364 --- [dsp-demo-project] [Thread-5] j.LocalContainerEntityManagerFactoryBean : Closing JPA EntityManagerFactory for persistence unit 'default'
2026-04-14T13:22:02.801-04:00  INFO 69364 --- [dsp-demo-project] [Thread-5] com.zaxxer.hikari.HikariDataSource       : HikariPool-2 - Shutdown initiated...
2026-04-14T13:22:03.121-04:00  INFO 69364 --- [dsp-demo-project] [Thread-5] com.zaxxer.hikari.HikariDataSource       : HikariPool-2 - Shutdown completed.
2026-04-14T13:22:03.201-04:00  INFO 69364 --- [dsp-demo-project] [restartedMain] c.e.d.DspDemoProjectApplication          : Starting DspDemoProjectApplication using Java 17.0.18 with PID 69364 (/Users/garygz/IdeaProjects/dsp-demo-project/build/classes/java/main started by garygz in /Users/garygz/IdeaProjects/dsp-demo-project)
2026-04-14T13:22:03.201-04:00 DEBUG 69364 --- [dsp-demo-project] [restartedMain] c.e.d.DspDemoProjectApplication          : Running with Spring Boot v4.0.5, Spring v7.0.6
2026-04-14T13:22:03.201-04:00  INFO 69364 --- [dsp-demo-project] [restartedMain] c.e.d.DspDemoProjectApplication          : No active profile set, falling back to 1 default profile: "default"
2026-04-14T13:22:03.248-04:00  INFO 69364 --- [dsp-demo-project] [restartedMain] .s.d.r.c.RepositoryConfigurationDelegate : Bootstrapping Spring Data JPA repositories in DEFAULT mode.
2026-04-14T13:22:03.251-04:00  INFO 69364 --- [dsp-demo-project] [restartedMain] .s.d.r.c.RepositoryConfigurationDelegate : Finished Spring Data repository scanning in 2 ms. Found 2 JPA repository interfaces.
2026-04-14T13:22:03.281-04:00  INFO 69364 --- [dsp-demo-project] [restartedMain] o.s.boot.tomcat.TomcatWebServer          : Tomcat initialized with port 8080 (http)
2026-04-14T13:22:03.281-04:00  INFO 69364 --- [dsp-demo-project] [restartedMain] o.apache.catalina.core.StandardService   : Starting service [Tomcat]
2026-04-14T13:22:03.281-04:00  INFO 69364 --- [dsp-demo-project] [restartedMain] o.apache.catalina.core.StandardEngine    : Starting Servlet engine: [Apache Tomcat/11.0.20]
2026-04-14T13:22:03.286-04:00  INFO 69364 --- [dsp-demo-project] [restartedMain] b.w.c.s.WebApplicationContextInitializer : Root WebApplicationContext: initialization completed in 84 ms
2026-04-14T13:22:03.299-04:00  INFO 69364 --- [dsp-demo-project] [restartedMain] org.hibernate.orm.jpa                    : HHH008540: Processing PersistenceUnitInfo [name: default]
2026-04-14T13:22:03.309-04:00  INFO 69364 --- [dsp-demo-project] [restartedMain] o.s.o.j.p.SpringPersistenceUnitInfo      : No LoadTimeWeaver setup: ignoring JPA class transformer
2026-04-14T13:22:03.310-04:00  INFO 69364 --- [dsp-demo-project] [restartedMain] com.zaxxer.hikari.HikariDataSource       : HikariPool-3 - Starting...
2026-04-14T13:22:03.645-04:00  INFO 69364 --- [dsp-demo-project] [restartedMain] com.zaxxer.hikari.pool.HikariPool        : HikariPool-3 - Added connection org.postgresql.jdbc.PgConnection@1041c1a3
2026-04-14T13:22:03.646-04:00  INFO 69364 --- [dsp-demo-project] [restartedMain] com.zaxxer.hikari.HikariDataSource       : HikariPool-3 - Start completed.
2026-04-14T13:22:03.677-04:00  WARN 69364 --- [dsp-demo-project] [restartedMain] org.hibernate.orm.deprecation            : HHH90000025: PostgreSQLDialect does not need to be specified explicitly using 'hibernate.dialect' (remove the property setting and it will be selected by default)
2026-04-14T13:22:03.797-04:00  INFO 69364 --- [dsp-demo-project] [restartedMain] org.hibernate.orm.connections.pooling    : HHH10001005: Database info:
	Database JDBC URL [jdbc:postgresql://dsp-demo-1.cwomfw6wy9rv.us-east-1.rds.amazonaws.com:5432/postgres?sslmode=verify-full&sslrootcert=./global-bundle.pem]
	Database driver: PostgreSQL JDBC Driver
	Database dialect: PostgreSQLDialect
	Database version: 17.6
	Default catalog/schema: postgres/public
	Autocommit mode: undefined/unknown
	Isolation level: READ_COMMITTED [default READ_COMMITTED]
	JDBC fetch size: none
	Pool: DataSourceConnectionProvider
	Minimum pool size: undefined/unknown
	Maximum pool size: undefined/unknown
2026-04-14T13:22:03.829-04:00  INFO 69364 --- [dsp-demo-project] [restartedMain] org.hibernate.orm.core                   : HHH000489: No JTA platform available (set 'hibernate.transaction.jta.platform' to enable JTA platform integration)
2026-04-14T13:22:04.059-04:00  INFO 69364 --- [dsp-demo-project] [restartedMain] j.LocalContainerEntityManagerFactoryBean : Initialized JPA EntityManagerFactory for persistence unit 'default'
2026-04-14T13:22:04.099-04:00  WARN 69364 --- [dsp-demo-project] [restartedMain] JpaBaseConfiguration$JpaWebConfiguration : spring.jpa.open-in-view is enabled by default. Therefore, database queries may be performed during view rendering. Explicitly configure spring.jpa.open-in-view to disable this warning
2026-04-14T13:22:04.122-04:00 DEBUG 69364 --- [dsp-demo-project] [restartedMain] s.w.s.m.m.a.RequestMappingHandlerMapping : 4 mappings in 'requestMappingHandlerMapping'
2026-04-14T13:22:04.131-04:00 DEBUG 69364 --- [dsp-demo-project] [restartedMain] o.s.w.s.handler.SimpleUrlHandlerMapping  : Patterns [/webjars/**, /**] in 'resourceHandlerMapping'
2026-04-14T13:22:04.133-04:00 DEBUG 69364 --- [dsp-demo-project] [restartedMain] s.w.s.m.m.a.RequestMappingHandlerAdapter : ControllerAdvice beans: 0 @ModelAttribute, 0 @InitBinder, 2 RequestBodyAdvice, 1 ResponseBodyAdvice
2026-04-14T13:22:04.137-04:00 DEBUG 69364 --- [dsp-demo-project] [restartedMain] .m.m.a.ExceptionHandlerExceptionResolver : ControllerAdvice beans: 0 @ExceptionHandler, 1 ResponseBodyAdvice
2026-04-14T13:22:04.151-04:00  INFO 69364 --- [dsp-demo-project] [restartedMain] o.s.boot.tomcat.TomcatWebServer          : Tomcat started on port 8080 (http) with context path '/'
2026-04-14T13:22:04.152-04:00  INFO 69364 --- [dsp-demo-project] [restartedMain] c.e.d.DspDemoProjectApplication          : Started DspDemoProjectApplication in 0.961 seconds (process running for 516.528)
2026-04-14T13:22:04.153-04:00  INFO 69364 --- [dsp-demo-project] [restartedMain] .ConditionEvaluationDeltaLoggingListener : Condition evaluation unchanged
2026-04-14T13:33:40.421-04:00  INFO 69364 --- [dsp-demo-project] [File Watcher] rtingClassPathChangeChangedEventListener : Restarting due to 2 class path changes (2 additions, 0 deletions, 0 modifications)
2026-04-14T13:33:40.428-04:00  INFO 69364 --- [dsp-demo-project] [Thread-9] o.s.boot.tomcat.GracefulShutdown         : Commencing graceful shutdown. Waiting for active requests to complete
2026-04-14T13:33:40.433-04:00  INFO 69364 --- [dsp-demo-project] [tomcat-shutdown] o.s.boot.tomcat.GracefulShutdown         : Graceful shutdown complete
2026-04-14T13:33:40.436-04:00  INFO 69364 --- [dsp-demo-project] [Thread-9] j.LocalContainerEntityManagerFactoryBean : Closing JPA EntityManagerFactory for persistence unit 'default'
2026-04-14T13:33:40.439-04:00  INFO 69364 --- [dsp-demo-project] [Thread-9] com.zaxxer.hikari.HikariDataSource       : HikariPool-3 - Shutdown initiated...
2026-04-14T13:33:40.751-04:00  INFO 69364 --- [dsp-demo-project] [Thread-9] com.zaxxer.hikari.HikariDataSource       : HikariPool-3 - Shutdown completed.
2026-04-14T13:33:40.828-04:00  INFO 69364 --- [dsp-demo-project] [restartedMain] c.e.d.DspDemoProjectApplication          : Starting DspDemoProjectApplication using Java 17.0.18 with PID 69364 (/Users/garygz/IdeaProjects/dsp-demo-project/build/classes/java/main started by garygz in /Users/garygz/IdeaProjects/dsp-demo-project)
2026-04-14T13:33:40.828-04:00 DEBUG 69364 --- [dsp-demo-project] [restartedMain] c.e.d.DspDemoProjectApplication          : Running with Spring Boot v4.0.5, Spring v7.0.6
2026-04-14T13:33:40.828-04:00  INFO 69364 --- [dsp-demo-project] [restartedMain] c.e.d.DspDemoProjectApplication          : No active profile set, falling back to 1 default profile: "default"
2026-04-14T13:33:40.880-04:00  INFO 69364 --- [dsp-demo-project] [restartedMain] .s.d.r.c.RepositoryConfigurationDelegate : Bootstrapping Spring Data JPA repositories in DEFAULT mode.
2026-04-14T13:33:40.884-04:00  INFO 69364 --- [dsp-demo-project] [restartedMain] .s.d.r.c.RepositoryConfigurationDelegate : Finished Spring Data repository scanning in 3 ms. Found 2 JPA repository interfaces.
2026-04-14T13:33:40.930-04:00  INFO 69364 --- [dsp-demo-project] [restartedMain] o.s.boot.tomcat.TomcatWebServer          : Tomcat initialized with port 8080 (http)
2026-04-14T13:33:40.931-04:00  INFO 69364 --- [dsp-demo-project] [restartedMain] o.apache.catalina.core.StandardService   : Starting service [Tomcat]
2026-04-14T13:33:40.931-04:00  INFO 69364 --- [dsp-demo-project] [restartedMain] o.apache.catalina.core.StandardEngine    : Starting Servlet engine: [Apache Tomcat/11.0.20]
2026-04-14T13:33:40.936-04:00  INFO 69364 --- [dsp-demo-project] [restartedMain] b.w.c.s.WebApplicationContextInitializer : Root WebApplicationContext: initialization completed in 107 ms
2026-04-14T13:33:40.953-04:00  INFO 69364 --- [dsp-demo-project] [restartedMain] org.hibernate.orm.jpa                    : HHH008540: Processing PersistenceUnitInfo [name: default]
2026-04-14T13:33:40.967-04:00  INFO 69364 --- [dsp-demo-project] [restartedMain] o.s.o.j.p.SpringPersistenceUnitInfo      : No LoadTimeWeaver setup: ignoring JPA class transformer
2026-04-14T13:33:40.967-04:00  INFO 69364 --- [dsp-demo-project] [restartedMain] com.zaxxer.hikari.HikariDataSource       : HikariPool-4 - Starting...
2026-04-14T13:33:41.355-04:00  INFO 69364 --- [dsp-demo-project] [restartedMain] com.zaxxer.hikari.pool.HikariPool        : HikariPool-4 - Added connection org.postgresql.jdbc.PgConnection@590da6f
2026-04-14T13:33:41.355-04:00  INFO 69364 --- [dsp-demo-project] [restartedMain] com.zaxxer.hikari.HikariDataSource       : HikariPool-4 - Start completed.
2026-04-14T13:33:41.386-04:00  WARN 69364 --- [dsp-demo-project] [restartedMain] org.hibernate.orm.deprecation            : HHH90000025: PostgreSQLDialect does not need to be specified explicitly using 'hibernate.dialect' (remove the property setting and it will be selected by default)
2026-04-14T13:33:41.508-04:00  INFO 69364 --- [dsp-demo-project] [restartedMain] org.hibernate.orm.connections.pooling    : HHH10001005: Database info:
	Database JDBC URL [jdbc:postgresql://dsp-demo-1.cwomfw6wy9rv.us-east-1.rds.amazonaws.com:5432/postgres?sslmode=verify-full&sslrootcert=./global-bundle.pem]
	Database driver: PostgreSQL JDBC Driver
	Database dialect: PostgreSQLDialect
	Database version: 17.6
	Default catalog/schema: postgres/public
	Autocommit mode: undefined/unknown
	Isolation level: READ_COMMITTED [default READ_COMMITTED]
	JDBC fetch size: none
	Pool: DataSourceConnectionProvider
	Minimum pool size: undefined/unknown
	Maximum pool size: undefined/unknown
2026-04-14T13:33:41.540-04:00  INFO 69364 --- [dsp-demo-project] [restartedMain] org.hibernate.orm.core                   : HHH000489: No JTA platform available (set 'hibernate.transaction.jta.platform' to enable JTA platform integration)
2026-04-14T13:33:41.773-04:00  INFO 69364 --- [dsp-demo-project] [restartedMain] j.LocalContainerEntityManagerFactoryBean : Initialized JPA EntityManagerFactory for persistence unit 'default'
2026-04-14T13:33:41.810-04:00  WARN 69364 --- [dsp-demo-project] [restartedMain] JpaBaseConfiguration$JpaWebConfiguration : spring.jpa.open-in-view is enabled by default. Therefore, database queries may be performed during view rendering. Explicitly configure spring.jpa.open-in-view to disable this warning
2026-04-14T13:33:41.829-04:00 DEBUG 69364 --- [dsp-demo-project] [restartedMain] s.w.s.m.m.a.RequestMappingHandlerMapping : 4 mappings in 'requestMappingHandlerMapping'
2026-04-14T13:33:41.834-04:00 DEBUG 69364 --- [dsp-demo-project] [restartedMain] o.s.w.s.handler.SimpleUrlHandlerMapping  : Patterns [/webjars/**, /**] in 'resourceHandlerMapping'
2026-04-14T13:33:41.838-04:00 DEBUG 69364 --- [dsp-demo-project] [restartedMain] s.w.s.m.m.a.RequestMappingHandlerAdapter : ControllerAdvice beans: 0 @ModelAttribute, 0 @InitBinder, 2 RequestBodyAdvice, 1 ResponseBodyAdvice
2026-04-14T13:33:41.843-04:00 DEBUG 69364 --- [dsp-demo-project] [restartedMain] .m.m.a.ExceptionHandlerExceptionResolver : ControllerAdvice beans: 1 @ExceptionHandler, 1 ResponseBodyAdvice
2026-04-14T13:33:41.859-04:00  INFO 69364 --- [dsp-demo-project] [restartedMain] o.s.boot.tomcat.TomcatWebServer          : Tomcat started on port 8080 (http) with context path '/'
2026-04-14T13:33:41.859-04:00  INFO 69364 --- [dsp-demo-project] [restartedMain] c.e.d.DspDemoProjectApplication          : Started DspDemoProjectApplication in 1.043 seconds (process running for 1214.253)
2026-04-14T13:33:41.860-04:00  INFO 69364 --- [dsp-demo-project] [restartedMain] .ConditionEvaluationDeltaLoggingListener : Condition evaluation unchanged
2026-04-14T13:33:46.294-04:00  INFO 69364 --- [dsp-demo-project] [File Watcher] rtingClassPathChangeChangedEventListener : Restarting due to 2 class path changes (0 additions, 0 deletions, 2 modifications)
2026-04-14T13:33:46.296-04:00  INFO 69364 --- [dsp-demo-project] [Thread-13] o.s.boot.tomcat.GracefulShutdown         : Commencing graceful shutdown. Waiting for active requests to complete
2026-04-14T13:33:46.299-04:00  INFO 69364 --- [dsp-demo-project] [tomcat-shutdown] o.s.boot.tomcat.GracefulShutdown         : Graceful shutdown complete
2026-04-14T13:33:46.301-04:00  INFO 69364 --- [dsp-demo-project] [Thread-13] j.LocalContainerEntityManagerFactoryBean : Closing JPA EntityManagerFactory for persistence unit 'default'
2026-04-14T13:33:46.302-04:00  INFO 69364 --- [dsp-demo-project] [Thread-13] com.zaxxer.hikari.HikariDataSource       : HikariPool-4 - Shutdown initiated...
2026-04-14T13:33:46.617-04:00  INFO 69364 --- [dsp-demo-project] [Thread-13] com.zaxxer.hikari.HikariDataSource       : HikariPool-4 - Shutdown completed.
2026-04-14T13:33:46.660-04:00  INFO 69364 --- [dsp-demo-project] [restartedMain] c.e.d.DspDemoProjectApplication          : Starting DspDemoProjectApplication using Java 17.0.18 with PID 69364 (/Users/garygz/IdeaProjects/dsp-demo-project/build/classes/java/main started by garygz in /Users/garygz/IdeaProjects/dsp-demo-project)
2026-04-14T13:33:46.660-04:00 DEBUG 69364 --- [dsp-demo-project] [restartedMain] c.e.d.DspDemoProjectApplication          : Running with Spring Boot v4.0.5, Spring v7.0.6
2026-04-14T13:33:46.660-04:00  INFO 69364 --- [dsp-demo-project] [restartedMain] c.e.d.DspDemoProjectApplication          : No active profile set, falling back to 1 default profile: "default"
2026-04-14T13:33:46.700-04:00  INFO 69364 --- [dsp-demo-project] [restartedMain] .s.d.r.c.RepositoryConfigurationDelegate : Bootstrapping Spring Data JPA repositories in DEFAULT mode.
2026-04-14T13:33:46.703-04:00  INFO 69364 --- [dsp-demo-project] [restartedMain] .s.d.r.c.RepositoryConfigurationDelegate : Finished Spring Data repository scanning in 2 ms. Found 2 JPA repository interfaces.
2026-04-14T13:33:46.729-04:00  INFO 69364 --- [dsp-demo-project] [restartedMain] o.s.boot.tomcat.TomcatWebServer          : Tomcat initialized with port 8080 (http)
2026-04-14T13:33:46.729-04:00  INFO 69364 --- [dsp-demo-project] [restartedMain] o.apache.catalina.core.StandardService   : Starting service [Tomcat]
2026-04-14T13:33:46.729-04:00  INFO 69364 --- [dsp-demo-project] [restartedMain] o.apache.catalina.core.StandardEngine    : Starting Servlet engine: [Apache Tomcat/11.0.20]
2026-04-14T13:33:46.734-04:00  INFO 69364 --- [dsp-demo-project] [restartedMain] b.w.c.s.WebApplicationContextInitializer : Root WebApplicationContext: initialization completed in 73 ms
2026-04-14T13:33:46.747-04:00  INFO 69364 --- [dsp-demo-project] [restartedMain] org.hibernate.orm.jpa                    : HHH008540: Processing PersistenceUnitInfo [name: default]
2026-04-14T13:33:46.757-04:00  INFO 69364 --- [dsp-demo-project] [restartedMain] o.s.o.j.p.SpringPersistenceUnitInfo      : No LoadTimeWeaver setup: ignoring JPA class transformer
2026-04-14T13:33:46.757-04:00  INFO 69364 --- [dsp-demo-project] [restartedMain] com.zaxxer.hikari.HikariDataSource       : HikariPool-5 - Starting...
2026-04-14T13:33:47.059-04:00  INFO 69364 --- [dsp-demo-project] [restartedMain] com.zaxxer.hikari.pool.HikariPool        : HikariPool-5 - Added connection org.postgresql.jdbc.PgConnection@15fabd44
2026-04-14T13:33:47.060-04:00  INFO 69364 --- [dsp-demo-project] [restartedMain] com.zaxxer.hikari.HikariDataSource       : HikariPool-5 - Start completed.
2026-04-14T13:33:47.091-04:00  WARN 69364 --- [dsp-demo-project] [restartedMain] org.hibernate.orm.deprecation            : HHH90000025: PostgreSQLDialect does not need to be specified explicitly using 'hibernate.dialect' (remove the property setting and it will be selected by default)
2026-04-14T13:33:47.213-04:00  INFO 69364 --- [dsp-demo-project] [restartedMain] org.hibernate.orm.connections.pooling    : HHH10001005: Database info:
	Database JDBC URL [jdbc:postgresql://dsp-demo-1.cwomfw6wy9rv.us-east-1.rds.amazonaws.com:5432/postgres?sslmode=verify-full&sslrootcert=./global-bundle.pem]
	Database driver: PostgreSQL JDBC Driver
	Database dialect: PostgreSQLDialect
	Database version: 17.6
	Default catalog/schema: postgres/public
	Autocommit mode: undefined/unknown
	Isolation level: READ_COMMITTED [default READ_COMMITTED]
	JDBC fetch size: none
	Pool: DataSourceConnectionProvider
	Minimum pool size: undefined/unknown
	Maximum pool size: undefined/unknown
2026-04-14T13:33:47.245-04:00  INFO 69364 --- [dsp-demo-project] [restartedMain] org.hibernate.orm.core                   : HHH000489: No JTA platform available (set 'hibernate.transaction.jta.platform' to enable JTA platform integration)
2026-04-14T13:33:47.476-04:00  INFO 69364 --- [dsp-demo-project] [restartedMain] j.LocalContainerEntityManagerFactoryBean : Initialized JPA EntityManagerFactory for persistence unit 'default'
2026-04-14T13:33:47.517-04:00  WARN 69364 --- [dsp-demo-project] [restartedMain] JpaBaseConfiguration$JpaWebConfiguration : spring.jpa.open-in-view is enabled by default. Therefore, database queries may be performed during view rendering. Explicitly configure spring.jpa.open-in-view to disable this warning
2026-04-14T13:33:47.535-04:00 DEBUG 69364 --- [dsp-demo-project] [restartedMain] s.w.s.m.m.a.RequestMappingHandlerMapping : 4 mappings in 'requestMappingHandlerMapping'
2026-04-14T13:33:47.540-04:00 DEBUG 69364 --- [dsp-demo-project] [restartedMain] o.s.w.s.handler.SimpleUrlHandlerMapping  : Patterns [/webjars/**, /**] in 'resourceHandlerMapping'
2026-04-14T13:33:47.543-04:00 DEBUG 69364 --- [dsp-demo-project] [restartedMain] s.w.s.m.m.a.RequestMappingHandlerAdapter : ControllerAdvice beans: 0 @ModelAttribute, 0 @InitBinder, 2 RequestBodyAdvice, 1 ResponseBodyAdvice
2026-04-14T13:33:47.547-04:00 DEBUG 69364 --- [dsp-demo-project] [restartedMain] .m.m.a.ExceptionHandlerExceptionResolver : ControllerAdvice beans: 1 @ExceptionHandler, 1 ResponseBodyAdvice
2026-04-14T13:33:47.561-04:00  INFO 69364 --- [dsp-demo-project] [restartedMain] o.s.boot.tomcat.TomcatWebServer          : Tomcat started on port 8080 (http) with context path '/'
2026-04-14T13:33:47.562-04:00  INFO 69364 --- [dsp-demo-project] [restartedMain] c.e.d.DspDemoProjectApplication          : Started DspDemoProjectApplication in 0.914 seconds (process running for 1219.956)
2026-04-14T13:33:47.562-04:00  INFO 69364 --- [dsp-demo-project] [restartedMain] .ConditionEvaluationDeltaLoggingListener : Condition evaluation unchanged
2026-04-14T13:34:19.256-04:00  INFO 69364 --- [dsp-demo-project] [File Watcher] rtingClassPathChangeChangedEventListener : Restarting due to 2 class path changes (0 additions, 0 deletions, 2 modifications)
2026-04-14T13:34:19.259-04:00  INFO 69364 --- [dsp-demo-project] [Thread-17] o.s.boot.tomcat.GracefulShutdown         : Commencing graceful shutdown. Waiting for active requests to complete
2026-04-14T13:34:19.263-04:00  INFO 69364 --- [dsp-demo-project] [tomcat-shutdown] o.s.boot.tomcat.GracefulShutdown         : Graceful shutdown complete
2026-04-14T13:34:19.265-04:00  INFO 69364 --- [dsp-demo-project] [Thread-17] j.LocalContainerEntityManagerFactoryBean : Closing JPA EntityManagerFactory for persistence unit 'default'
2026-04-14T13:34:19.265-04:00  INFO 69364 --- [dsp-demo-project] [Thread-17] com.zaxxer.hikari.HikariDataSource       : HikariPool-5 - Shutdown initiated...
2026-04-14T13:34:19.589-04:00  INFO 69364 --- [dsp-demo-project] [Thread-17] com.zaxxer.hikari.HikariDataSource       : HikariPool-5 - Shutdown completed.
2026-04-14T13:34:19.642-04:00  INFO 69364 --- [dsp-demo-project] [restartedMain] c.e.d.DspDemoProjectApplication          : Starting DspDemoProjectApplication using Java 17.0.18 with PID 69364 (/Users/garygz/IdeaProjects/dsp-demo-project/build/classes/java/main started by garygz in /Users/garygz/IdeaProjects/dsp-demo-project)
2026-04-14T13:34:19.642-04:00 DEBUG 69364 --- [dsp-demo-project] [restartedMain] c.e.d.DspDemoProjectApplication          : Running with Spring Boot v4.0.5, Spring v7.0.6
2026-04-14T13:34:19.642-04:00  INFO 69364 --- [dsp-demo-project] [restartedMain] c.e.d.DspDemoProjectApplication          : No active profile set, falling back to 1 default profile: "default"
2026-04-14T13:34:19.683-04:00  INFO 69364 --- [dsp-demo-project] [restartedMain] .s.d.r.c.RepositoryConfigurationDelegate : Bootstrapping Spring Data JPA repositories in DEFAULT mode.
2026-04-14T13:34:19.686-04:00  INFO 69364 --- [dsp-demo-project] [restartedMain] .s.d.r.c.RepositoryConfigurationDelegate : Finished Spring Data repository scanning in 2 ms. Found 2 JPA repository interfaces.
2026-04-14T13:34:19.713-04:00  INFO 69364 --- [dsp-demo-project] [restartedMain] o.s.boot.tomcat.TomcatWebServer          : Tomcat initialized with port 8080 (http)
2026-04-14T13:34:19.713-04:00  INFO 69364 --- [dsp-demo-project] [restartedMain] o.apache.catalina.core.StandardService   : Starting service [Tomcat]
2026-04-14T13:34:19.713-04:00  INFO 69364 --- [dsp-demo-project] [restartedMain] o.apache.catalina.core.StandardEngine    : Starting Servlet engine: [Apache Tomcat/11.0.20]
2026-04-14T13:34:19.717-04:00  INFO 69364 --- [dsp-demo-project] [restartedMain] b.w.c.s.WebApplicationContextInitializer : Root WebApplicationContext: initialization completed in 74 ms
2026-04-14T13:34:19.730-04:00  INFO 69364 --- [dsp-demo-project] [restartedMain] org.hibernate.orm.jpa                    : HHH008540: Processing PersistenceUnitInfo [name: default]
2026-04-14T13:34:19.740-04:00  INFO 69364 --- [dsp-demo-project] [restartedMain] o.s.o.j.p.SpringPersistenceUnitInfo      : No LoadTimeWeaver setup: ignoring JPA class transformer
2026-04-14T13:34:19.740-04:00  INFO 69364 --- [dsp-demo-project] [restartedMain] com.zaxxer.hikari.HikariDataSource       : HikariPool-6 - Starting...
2026-04-14T13:34:20.072-04:00  INFO 69364 --- [dsp-demo-project] [restartedMain] com.zaxxer.hikari.pool.HikariPool        : HikariPool-6 - Added connection org.postgresql.jdbc.PgConnection@287b29c
2026-04-14T13:34:20.072-04:00  INFO 69364 --- [dsp-demo-project] [restartedMain] com.zaxxer.hikari.HikariDataSource       : HikariPool-6 - Start completed.
2026-04-14T13:34:20.103-04:00  WARN 69364 --- [dsp-demo-project] [restartedMain] org.hibernate.orm.deprecation            : HHH90000025: PostgreSQLDialect does not need to be specified explicitly using 'hibernate.dialect' (remove the property setting and it will be selected by default)
2026-04-14T13:34:20.224-04:00  INFO 69364 --- [dsp-demo-project] [restartedMain] org.hibernate.orm.connections.pooling    : HHH10001005: Database info:
	Database JDBC URL [jdbc:postgresql://dsp-demo-1.cwomfw6wy9rv.us-east-1.rds.amazonaws.com:5432/postgres?sslmode=verify-full&sslrootcert=./global-bundle.pem]
	Database driver: PostgreSQL JDBC Driver
	Database dialect: PostgreSQLDialect
	Database version: 17.6
	Default catalog/schema: postgres/public
	Autocommit mode: undefined/unknown
	Isolation level: READ_COMMITTED [default READ_COMMITTED]
	JDBC fetch size: none
	Pool: DataSourceConnectionProvider
	Minimum pool size: undefined/unknown
	Maximum pool size: undefined/unknown
2026-04-14T13:34:20.256-04:00  INFO 69364 --- [dsp-demo-project] [restartedMain] org.hibernate.orm.core                   : HHH000489: No JTA platform available (set 'hibernate.transaction.jta.platform' to enable JTA platform integration)
2026-04-14T13:34:20.491-04:00  INFO 69364 --- [dsp-demo-project] [restartedMain] j.LocalContainerEntityManagerFactoryBean : Initialized JPA EntityManagerFactory for persistence unit 'default'
2026-04-14T13:34:20.525-04:00  WARN 69364 --- [dsp-demo-project] [restartedMain] JpaBaseConfiguration$JpaWebConfiguration : spring.jpa.open-in-view is enabled by default. Therefore, database queries may be performed during view rendering. Explicitly configure spring.jpa.open-in-view to disable this warning
2026-04-14T13:34:20.543-04:00 DEBUG 69364 --- [dsp-demo-project] [restartedMain] s.w.s.m.m.a.RequestMappingHandlerMapping : 4 mappings in 'requestMappingHandlerMapping'
2026-04-14T13:34:20.548-04:00 DEBUG 69364 --- [dsp-demo-project] [restartedMain] o.s.w.s.handler.SimpleUrlHandlerMapping  : Patterns [/webjars/**, /**] in 'resourceHandlerMapping'
2026-04-14T13:34:20.550-04:00 DEBUG 69364 --- [dsp-demo-project] [restartedMain] s.w.s.m.m.a.RequestMappingHandlerAdapter : ControllerAdvice beans: 0 @ModelAttribute, 0 @InitBinder, 2 RequestBodyAdvice, 1 ResponseBodyAdvice
2026-04-14T13:34:20.554-04:00 DEBUG 69364 --- [dsp-demo-project] [restartedMain] .m.m.a.ExceptionHandlerExceptionResolver : ControllerAdvice beans: 1 @ExceptionHandler, 1 ResponseBodyAdvice
2026-04-14T13:34:20.567-04:00  INFO 69364 --- [dsp-demo-project] [restartedMain] o.s.boot.tomcat.TomcatWebServer          : Tomcat started on port 8080 (http) with context path '/'
2026-04-14T13:34:20.568-04:00  INFO 69364 --- [dsp-demo-project] [restartedMain] c.e.d.DspDemoProjectApplication          : Started DspDemoProjectApplication in 0.935 seconds (process running for 1252.962)
2026-04-14T13:34:20.569-04:00  INFO 69364 --- [dsp-demo-project] [restartedMain] .ConditionEvaluationDeltaLoggingListener : Condition evaluation unchanged
2026-04-14T13:34:31.456-04:00  INFO 69364 --- [dsp-demo-project] [File Watcher] rtingClassPathChangeChangedEventListener : Restarting due to 3 class path changes (1 addition, 0 deletions, 2 modifications)
2026-04-14T13:34:31.458-04:00  INFO 69364 --- [dsp-demo-project] [Thread-21] o.s.boot.tomcat.GracefulShutdown         : Commencing graceful shutdown. Waiting for active requests to complete
2026-04-14T13:34:31.461-04:00  INFO 69364 --- [dsp-demo-project] [tomcat-shutdown] o.s.boot.tomcat.GracefulShutdown         : Graceful shutdown complete
2026-04-14T13:34:31.463-04:00  INFO 69364 --- [dsp-demo-project] [Thread-21] j.LocalContainerEntityManagerFactoryBean : Closing JPA EntityManagerFactory for persistence unit 'default'
2026-04-14T13:34:31.464-04:00  INFO 69364 --- [dsp-demo-project] [Thread-21] com.zaxxer.hikari.HikariDataSource       : HikariPool-6 - Shutdown initiated...
2026-04-14T13:34:31.781-04:00  INFO 69364 --- [dsp-demo-project] [Thread-21] com.zaxxer.hikari.HikariDataSource       : HikariPool-6 - Shutdown completed.
2026-04-14T13:34:31.829-04:00  INFO 69364 --- [dsp-demo-project] [restartedMain] c.e.d.DspDemoProjectApplication          : Starting DspDemoProjectApplication using Java 17.0.18 with PID 69364 (/Users/garygz/IdeaProjects/dsp-demo-project/build/classes/java/main started by garygz in /Users/garygz/IdeaProjects/dsp-demo-project)
2026-04-14T13:34:31.830-04:00 DEBUG 69364 --- [dsp-demo-project] [restartedMain] c.e.d.DspDemoProjectApplication          : Running with Spring Boot v4.0.5, Spring v7.0.6
2026-04-14T13:34:31.830-04:00  INFO 69364 --- [dsp-demo-project] [restartedMain] c.e.d.DspDemoProjectApplication          : No active profile set, falling back to 1 default profile: "default"
2026-04-14T13:34:31.870-04:00  INFO 69364 --- [dsp-demo-project] [restartedMain] .s.d.r.c.RepositoryConfigurationDelegate : Bootstrapping Spring Data JPA repositories in DEFAULT mode.
2026-04-14T13:34:31.873-04:00  INFO 69364 --- [dsp-demo-project] [restartedMain] .s.d.r.c.RepositoryConfigurationDelegate : Finished Spring Data repository scanning in 2 ms. Found 2 JPA repository interfaces.
2026-04-14T13:34:31.903-04:00  INFO 69364 --- [dsp-demo-project] [restartedMain] o.s.boot.tomcat.TomcatWebServer          : Tomcat initialized with port 8080 (http)
2026-04-14T13:34:31.903-04:00  INFO 69364 --- [dsp-demo-project] [restartedMain] o.apache.catalina.core.StandardService   : Starting service [Tomcat]
2026-04-14T13:34:31.903-04:00  INFO 69364 --- [dsp-demo-project] [restartedMain] o.apache.catalina.core.StandardEngine    : Starting Servlet engine: [Apache Tomcat/11.0.20]
2026-04-14T13:34:31.907-04:00  INFO 69364 --- [dsp-demo-project] [restartedMain] b.w.c.s.WebApplicationContextInitializer : Root WebApplicationContext: initialization completed in 77 ms
2026-04-14T13:34:31.921-04:00  INFO 69364 --- [dsp-demo-project] [restartedMain] org.hibernate.orm.jpa                    : HHH008540: Processing PersistenceUnitInfo [name: default]
2026-04-14T13:34:31.930-04:00  INFO 69364 --- [dsp-demo-project] [restartedMain] o.s.o.j.p.SpringPersistenceUnitInfo      : No LoadTimeWeaver setup: ignoring JPA class transformer
2026-04-14T13:34:31.930-04:00  INFO 69364 --- [dsp-demo-project] [restartedMain] com.zaxxer.hikari.HikariDataSource       : HikariPool-7 - Starting...
2026-04-14T13:34:32.230-04:00  INFO 69364 --- [dsp-demo-project] [restartedMain] com.zaxxer.hikari.pool.HikariPool        : HikariPool-7 - Added connection org.postgresql.jdbc.PgConnection@41d2453f
2026-04-14T13:34:32.230-04:00  INFO 69364 --- [dsp-demo-project] [restartedMain] com.zaxxer.hikari.HikariDataSource       : HikariPool-7 - Start completed.
2026-04-14T13:34:32.262-04:00  WARN 69364 --- [dsp-demo-project] [restartedMain] org.hibernate.orm.deprecation            : HHH90000025: PostgreSQLDialect does not need to be specified explicitly using 'hibernate.dialect' (remove the property setting and it will be selected by default)
2026-04-14T13:34:32.383-04:00  INFO 69364 --- [dsp-demo-project] [restartedMain] org.hibernate.orm.connections.pooling    : HHH10001005: Database info:
	Database JDBC URL [jdbc:postgresql://dsp-demo-1.cwomfw6wy9rv.us-east-1.rds.amazonaws.com:5432/postgres?sslmode=verify-full&sslrootcert=./global-bundle.pem]
	Database driver: PostgreSQL JDBC Driver
	Database dialect: PostgreSQLDialect
	Database version: 17.6
	Default catalog/schema: postgres/public
	Autocommit mode: undefined/unknown
	Isolation level: READ_COMMITTED [default READ_COMMITTED]
	JDBC fetch size: none
	Pool: DataSourceConnectionProvider
	Minimum pool size: undefined/unknown
	Maximum pool size: undefined/unknown
2026-04-14T13:34:32.420-04:00  INFO 69364 --- [dsp-demo-project] [restartedMain] org.hibernate.orm.core                   : HHH000489: No JTA platform available (set 'hibernate.transaction.jta.platform' to enable JTA platform integration)
2026-04-14T13:34:32.649-04:00  INFO 69364 --- [dsp-demo-project] [restartedMain] j.LocalContainerEntityManagerFactoryBean : Initialized JPA EntityManagerFactory for persistence unit 'default'
2026-04-14T13:34:32.689-04:00  WARN 69364 --- [dsp-demo-project] [restartedMain] JpaBaseConfiguration$JpaWebConfiguration : spring.jpa.open-in-view is enabled by default. Therefore, database queries may be performed during view rendering. Explicitly configure spring.jpa.open-in-view to disable this warning
2026-04-14T13:34:32.708-04:00 DEBUG 69364 --- [dsp-demo-project] [restartedMain] s.w.s.m.m.a.RequestMappingHandlerMapping : 6 mappings in 'requestMappingHandlerMapping'
2026-04-14T13:34:32.713-04:00 DEBUG 69364 --- [dsp-demo-project] [restartedMain] o.s.w.s.handler.SimpleUrlHandlerMapping  : Patterns [/webjars/**, /**] in 'resourceHandlerMapping'
2026-04-14T13:34:32.716-04:00 DEBUG 69364 --- [dsp-demo-project] [restartedMain] s.w.s.m.m.a.RequestMappingHandlerAdapter : ControllerAdvice beans: 0 @ModelAttribute, 0 @InitBinder, 2 RequestBodyAdvice, 1 ResponseBodyAdvice
2026-04-14T13:34:32.719-04:00 DEBUG 69364 --- [dsp-demo-project] [restartedMain] .m.m.a.ExceptionHandlerExceptionResolver : ControllerAdvice beans: 1 @ExceptionHandler, 1 ResponseBodyAdvice
2026-04-14T13:34:32.734-04:00  INFO 69364 --- [dsp-demo-project] [restartedMain] o.s.boot.tomcat.TomcatWebServer          : Tomcat started on port 8080 (http) with context path '/'
2026-04-14T13:34:32.735-04:00  INFO 69364 --- [dsp-demo-project] [restartedMain] c.e.d.DspDemoProjectApplication          : Started DspDemoProjectApplication in 0.913 seconds (process running for 1265.129)
2026-04-14T13:34:32.736-04:00  INFO 69364 --- [dsp-demo-project] [restartedMain] .ConditionEvaluationDeltaLoggingListener : Condition evaluation unchanged
2026-04-14T13:37:29.671-04:00  INFO 69364 --- [dsp-demo-project] [File Watcher] rtingClassPathChangeChangedEventListener : Restarting due to 3 class path changes (0 additions, 2 deletions, 1 modification)
2026-04-14T13:37:29.683-04:00  INFO 69364 --- [dsp-demo-project] [Thread-25] o.s.boot.tomcat.GracefulShutdown         : Commencing graceful shutdown. Waiting for active requests to complete
2026-04-14T13:37:29.686-04:00  INFO 69364 --- [dsp-demo-project] [tomcat-shutdown] o.s.boot.tomcat.GracefulShutdown         : Graceful shutdown complete
2026-04-14T13:37:29.688-04:00  INFO 69364 --- [dsp-demo-project] [Thread-25] j.LocalContainerEntityManagerFactoryBean : Closing JPA EntityManagerFactory for persistence unit 'default'
2026-04-14T13:37:29.690-04:00  INFO 69364 --- [dsp-demo-project] [Thread-25] com.zaxxer.hikari.HikariDataSource       : HikariPool-7 - Shutdown initiated...
2026-04-14T13:37:30.010-04:00  INFO 69364 --- [dsp-demo-project] [Thread-25] com.zaxxer.hikari.HikariDataSource       : HikariPool-7 - Shutdown completed.
2026-04-14T13:37:30.087-04:00  INFO 69364 --- [dsp-demo-project] [restartedMain] c.e.d.DspDemoProjectApplication          : Starting DspDemoProjectApplication using Java 17.0.18 with PID 69364 (/Users/garygz/IdeaProjects/dsp-demo-project/build/classes/java/main started by garygz in /Users/garygz/IdeaProjects/dsp-demo-project)
2026-04-14T13:37:30.087-04:00 DEBUG 69364 --- [dsp-demo-project] [restartedMain] c.e.d.DspDemoProjectApplication          : Running with Spring Boot v4.0.5, Spring v7.0.6
2026-04-14T13:37:30.087-04:00  INFO 69364 --- [dsp-demo-project] [restartedMain] c.e.d.DspDemoProjectApplication          : No active profile set, falling back to 1 default profile: "default"
2026-04-14T13:37:30.131-04:00  INFO 69364 --- [dsp-demo-project] [restartedMain] .s.d.r.c.RepositoryConfigurationDelegate : Bootstrapping Spring Data JPA repositories in DEFAULT mode.
2026-04-14T13:37:30.134-04:00  INFO 69364 --- [dsp-demo-project] [restartedMain] .s.d.r.c.RepositoryConfigurationDelegate : Finished Spring Data repository scanning in 2 ms. Found 2 JPA repository interfaces.
2026-04-14T13:37:30.164-04:00  INFO 69364 --- [dsp-demo-project] [restartedMain] o.s.boot.tomcat.TomcatWebServer          : Tomcat initialized with port 8080 (http)
2026-04-14T13:37:30.164-04:00  INFO 69364 --- [dsp-demo-project] [restartedMain] o.apache.catalina.core.StandardService   : Starting service [Tomcat]
2026-04-14T13:37:30.164-04:00  INFO 69364 --- [dsp-demo-project] [restartedMain] o.apache.catalina.core.StandardEngine    : Starting Servlet engine: [Apache Tomcat/11.0.20]
2026-04-14T13:37:30.169-04:00  INFO 69364 --- [dsp-demo-project] [restartedMain] b.w.c.s.WebApplicationContextInitializer : Root WebApplicationContext: initialization completed in 81 ms
2026-04-14T13:37:30.182-04:00  INFO 69364 --- [dsp-demo-project] [restartedMain] org.hibernate.orm.jpa                    : HHH008540: Processing PersistenceUnitInfo [name: default]
2026-04-14T13:37:30.192-04:00  INFO 69364 --- [dsp-demo-project] [restartedMain] o.s.o.j.p.SpringPersistenceUnitInfo      : No LoadTimeWeaver setup: ignoring JPA class transformer
2026-04-14T13:37:30.192-04:00  INFO 69364 --- [dsp-demo-project] [restartedMain] com.zaxxer.hikari.HikariDataSource       : HikariPool-8 - Starting...
2026-04-14T13:37:30.819-04:00  INFO 69364 --- [dsp-demo-project] [restartedMain] com.zaxxer.hikari.pool.HikariPool        : HikariPool-8 - Added connection org.postgresql.jdbc.PgConnection@5870451e
2026-04-14T13:37:30.820-04:00  INFO 69364 --- [dsp-demo-project] [restartedMain] com.zaxxer.hikari.HikariDataSource       : HikariPool-8 - Start completed.
2026-04-14T13:37:30.859-04:00  WARN 69364 --- [dsp-demo-project] [restartedMain] org.hibernate.orm.deprecation            : HHH90000025: PostgreSQLDialect does not need to be specified explicitly using 'hibernate.dialect' (remove the property setting and it will be selected by default)
2026-04-14T13:37:31.002-04:00  INFO 69364 --- [dsp-demo-project] [restartedMain] org.hibernate.orm.connections.pooling    : HHH10001005: Database info:
	Database JDBC URL [jdbc:postgresql://dsp-demo-1.cwomfw6wy9rv.us-east-1.rds.amazonaws.com:5432/postgres?sslmode=verify-full&sslrootcert=./global-bundle.pem]
	Database driver: PostgreSQL JDBC Driver
	Database dialect: PostgreSQLDialect
	Database version: 17.6
	Default catalog/schema: postgres/public
	Autocommit mode: undefined/unknown
	Isolation level: READ_COMMITTED [default READ_COMMITTED]
	JDBC fetch size: none
	Pool: DataSourceConnectionProvider
	Minimum pool size: undefined/unknown
	Maximum pool size: undefined/unknown
2026-04-14T13:37:31.040-04:00  INFO 69364 --- [dsp-demo-project] [restartedMain] org.hibernate.orm.core                   : HHH000489: No JTA platform available (set 'hibernate.transaction.jta.platform' to enable JTA platform integration)
2026-04-14T13:37:31.313-04:00  INFO 69364 --- [dsp-demo-project] [restartedMain] j.LocalContainerEntityManagerFactoryBean : Initialized JPA EntityManagerFactory for persistence unit 'default'
2026-04-14T13:37:31.333-04:00  WARN 69364 --- [dsp-demo-project] [restartedMain] JpaBaseConfiguration$JpaWebConfiguration : spring.jpa.open-in-view is enabled by default. Therefore, database queries may be performed during view rendering. Explicitly configure spring.jpa.open-in-view to disable this warning
2026-04-14T13:37:31.355-04:00 DEBUG 69364 --- [dsp-demo-project] [restartedMain] s.w.s.m.m.a.RequestMappingHandlerMapping : 4 mappings in 'requestMappingHandlerMapping'
2026-04-14T13:37:31.361-04:00 DEBUG 69364 --- [dsp-demo-project] [restartedMain] o.s.w.s.handler.SimpleUrlHandlerMapping  : Patterns [/webjars/**, /**] in 'resourceHandlerMapping'
2026-04-14T13:37:31.364-04:00 DEBUG 69364 --- [dsp-demo-project] [restartedMain] s.w.s.m.m.a.RequestMappingHandlerAdapter : ControllerAdvice beans: 0 @ModelAttribute, 0 @InitBinder, 2 RequestBodyAdvice, 1 ResponseBodyAdvice
2026-04-14T13:37:31.368-04:00 DEBUG 69364 --- [dsp-demo-project] [restartedMain] .m.m.a.ExceptionHandlerExceptionResolver : ControllerAdvice beans: 1 @ExceptionHandler, 1 ResponseBodyAdvice
2026-04-14T13:37:31.398-04:00  INFO 69364 --- [dsp-demo-project] [restartedMain] o.s.boot.tomcat.TomcatWebServer          : Tomcat started on port 8080 (http) with context path '/'
2026-04-14T13:37:31.399-04:00  INFO 69364 --- [dsp-demo-project] [restartedMain] c.e.d.DspDemoProjectApplication          : Started DspDemoProjectApplication in 1.321 seconds (process running for 1443.793)
2026-04-14T13:37:31.400-04:00  INFO 69364 --- [dsp-demo-project] [restartedMain] .ConditionEvaluationDeltaLoggingListener : Condition evaluation unchanged
2026-04-14T13:37:52.374-04:00  INFO 69364 --- [dsp-demo-project] [File Watcher] rtingClassPathChangeChangedEventListener : Restarting due to 1 class path change (0 additions, 0 deletions, 1 modification)
2026-04-14T13:37:52.377-04:00  INFO 69364 --- [dsp-demo-project] [Thread-29] o.s.boot.tomcat.GracefulShutdown         : Commencing graceful shutdown. Waiting for active requests to complete
2026-04-14T13:37:52.380-04:00  INFO 69364 --- [dsp-demo-project] [tomcat-shutdown] o.s.boot.tomcat.GracefulShutdown         : Graceful shutdown complete
2026-04-14T13:37:52.382-04:00  INFO 69364 --- [dsp-demo-project] [Thread-29] j.LocalContainerEntityManagerFactoryBean : Closing JPA EntityManagerFactory for persistence unit 'default'
2026-04-14T13:37:52.383-04:00  INFO 69364 --- [dsp-demo-project] [Thread-29] com.zaxxer.hikari.HikariDataSource       : HikariPool-8 - Shutdown initiated...
2026-04-14T13:37:52.702-04:00  INFO 69364 --- [dsp-demo-project] [Thread-29] com.zaxxer.hikari.HikariDataSource       : HikariPool-8 - Shutdown completed.
2026-04-14T13:37:52.748-04:00  INFO 69364 --- [dsp-demo-project] [restartedMain] c.e.d.DspDemoProjectApplication          : Starting DspDemoProjectApplication using Java 17.0.18 with PID 69364 (/Users/garygz/IdeaProjects/dsp-demo-project/build/classes/java/main started by garygz in /Users/garygz/IdeaProjects/dsp-demo-project)
2026-04-14T13:37:52.748-04:00 DEBUG 69364 --- [dsp-demo-project] [restartedMain] c.e.d.DspDemoProjectApplication          : Running with Spring Boot v4.0.5, Spring v7.0.6
2026-04-14T13:37:52.748-04:00  INFO 69364 --- [dsp-demo-project] [restartedMain] c.e.d.DspDemoProjectApplication          : No active profile set, falling back to 1 default profile: "default"
2026-04-14T13:37:52.802-04:00  INFO 69364 --- [dsp-demo-project] [restartedMain] .s.d.r.c.RepositoryConfigurationDelegate : Bootstrapping Spring Data JPA repositories in DEFAULT mode.
2026-04-14T13:37:52.805-04:00  INFO 69364 --- [dsp-demo-project] [restartedMain] .s.d.r.c.RepositoryConfigurationDelegate : Finished Spring Data repository scanning in 2 ms. Found 2 JPA repository interfaces.
2026-04-14T13:37:52.838-04:00  INFO 69364 --- [dsp-demo-project] [restartedMain] o.s.boot.tomcat.TomcatWebServer          : Tomcat initialized with port 8080 (http)
2026-04-14T13:37:52.838-04:00  INFO 69364 --- [dsp-demo-project] [restartedMain] o.apache.catalina.core.StandardService   : Starting service [Tomcat]
2026-04-14T13:37:52.838-04:00  INFO 69364 --- [dsp-demo-project] [restartedMain] o.apache.catalina.core.StandardEngine    : Starting Servlet engine: [Apache Tomcat/11.0.20]
2026-04-14T13:37:52.844-04:00  INFO 69364 --- [dsp-demo-project] [restartedMain] b.w.c.s.WebApplicationContextInitializer : Root WebApplicationContext: initialization completed in 95 ms
2026-04-14T13:37:52.868-04:00  INFO 69364 --- [dsp-demo-project] [restartedMain] org.hibernate.orm.jpa                    : HHH008540: Processing PersistenceUnitInfo [name: default]
2026-04-14T13:37:52.878-04:00  INFO 69364 --- [dsp-demo-project] [restartedMain] o.s.o.j.p.SpringPersistenceUnitInfo      : No LoadTimeWeaver setup: ignoring JPA class transformer
2026-04-14T13:37:52.878-04:00  INFO 69364 --- [dsp-demo-project] [restartedMain] com.zaxxer.hikari.HikariDataSource       : HikariPool-9 - Starting...
2026-04-14T13:37:53.193-04:00  INFO 69364 --- [dsp-demo-project] [restartedMain] com.zaxxer.hikari.pool.HikariPool        : HikariPool-9 - Added connection org.postgresql.jdbc.PgConnection@9000a68
2026-04-14T13:37:53.194-04:00  INFO 69364 --- [dsp-demo-project] [restartedMain] com.zaxxer.hikari.HikariDataSource       : HikariPool-9 - Start completed.
2026-04-14T13:37:53.228-04:00  WARN 69364 --- [dsp-demo-project] [restartedMain] org.hibernate.orm.deprecation            : HHH90000025: PostgreSQLDialect does not need to be specified explicitly using 'hibernate.dialect' (remove the property setting and it will be selected by default)
2026-04-14T13:37:53.359-04:00  INFO 69364 --- [dsp-demo-project] [restartedMain] org.hibernate.orm.connections.pooling    : HHH10001005: Database info:
	Database JDBC URL [jdbc:postgresql://dsp-demo-1.cwomfw6wy9rv.us-east-1.rds.amazonaws.com:5432/postgres?sslmode=verify-full&sslrootcert=./global-bundle.pem]
	Database driver: PostgreSQL JDBC Driver
	Database dialect: PostgreSQLDialect
	Database version: 17.6
	Default catalog/schema: postgres/public
	Autocommit mode: undefined/unknown
	Isolation level: READ_COMMITTED [default READ_COMMITTED]
	JDBC fetch size: none
	Pool: DataSourceConnectionProvider
	Minimum pool size: undefined/unknown
	Maximum pool size: undefined/unknown
2026-04-14T13:37:53.405-04:00  INFO 69364 --- [dsp-demo-project] [restartedMain] org.hibernate.orm.core                   : HHH000489: No JTA platform available (set 'hibernate.transaction.jta.platform' to enable JTA platform integration)
2026-04-14T13:37:53.653-04:00  INFO 69364 --- [dsp-demo-project] [restartedMain] j.LocalContainerEntityManagerFactoryBean : Initialized JPA EntityManagerFactory for persistence unit 'default'
2026-04-14T13:37:53.672-04:00  WARN 69364 --- [dsp-demo-project] [restartedMain] JpaBaseConfiguration$JpaWebConfiguration : spring.jpa.open-in-view is enabled by default. Therefore, database queries may be performed during view rendering. Explicitly configure spring.jpa.open-in-view to disable this warning
2026-04-14T13:37:53.694-04:00 DEBUG 69364 --- [dsp-demo-project] [restartedMain] s.w.s.m.m.a.RequestMappingHandlerMapping : 4 mappings in 'requestMappingHandlerMapping'
2026-04-14T13:37:53.700-04:00 DEBUG 69364 --- [dsp-demo-project] [restartedMain] o.s.w.s.handler.SimpleUrlHandlerMapping  : Patterns [/webjars/**, /**] in 'resourceHandlerMapping'
2026-04-14T13:37:53.703-04:00 DEBUG 69364 --- [dsp-demo-project] [restartedMain] s.w.s.m.m.a.RequestMappingHandlerAdapter : ControllerAdvice beans: 0 @ModelAttribute, 0 @InitBinder, 2 RequestBodyAdvice, 1 ResponseBodyAdvice
2026-04-14T13:37:53.707-04:00 DEBUG 69364 --- [dsp-demo-project] [restartedMain] .m.m.a.ExceptionHandlerExceptionResolver : ControllerAdvice beans: 1 @ExceptionHandler, 1 ResponseBodyAdvice
2026-04-14T13:37:53.739-04:00  INFO 69364 --- [dsp-demo-project] [restartedMain] o.s.boot.tomcat.TomcatWebServer          : Tomcat started on port 8080 (http) with context path '/'
2026-04-14T13:37:53.740-04:00  INFO 69364 --- [dsp-demo-project] [restartedMain] c.e.d.DspDemoProjectApplication          : Started DspDemoProjectApplication in 1.0 seconds (process running for 1466.134)
2026-04-14T13:37:53.740-04:00  INFO 69364 --- [dsp-demo-project] [restartedMain] .ConditionEvaluationDeltaLoggingListener : Condition evaluation unchanged
2026-04-14T13:38:13.705-04:00  INFO 69364 --- [dsp-demo-project] [File Watcher] rtingClassPathChangeChangedEventListener : Restarting due to 1 class path change (0 additions, 0 deletions, 1 modification)
2026-04-14T13:38:13.709-04:00  INFO 69364 --- [dsp-demo-project] [Thread-33] o.s.boot.tomcat.GracefulShutdown         : Commencing graceful shutdown. Waiting for active requests to complete
2026-04-14T13:38:13.713-04:00  INFO 69364 --- [dsp-demo-project] [tomcat-shutdown] o.s.boot.tomcat.GracefulShutdown         : Graceful shutdown complete
2026-04-14T13:38:13.715-04:00  INFO 69364 --- [dsp-demo-project] [Thread-33] j.LocalContainerEntityManagerFactoryBean : Closing JPA EntityManagerFactory for persistence unit 'default'
2026-04-14T13:38:13.716-04:00  INFO 69364 --- [dsp-demo-project] [Thread-33] com.zaxxer.hikari.HikariDataSource       : HikariPool-9 - Shutdown initiated...
2026-04-14T13:38:14.034-04:00  INFO 69364 --- [dsp-demo-project] [Thread-33] com.zaxxer.hikari.HikariDataSource       : HikariPool-9 - Shutdown completed.
2026-04-14T13:38:14.075-04:00  INFO 69364 --- [dsp-demo-project] [restartedMain] c.e.d.DspDemoProjectApplication          : Starting DspDemoProjectApplication using Java 17.0.18 with PID 69364 (/Users/garygz/IdeaProjects/dsp-demo-project/build/classes/java/main started by garygz in /Users/garygz/IdeaProjects/dsp-demo-project)
2026-04-14T13:38:14.075-04:00 DEBUG 69364 --- [dsp-demo-project] [restartedMain] c.e.d.DspDemoProjectApplication          : Running with Spring Boot v4.0.5, Spring v7.0.6
2026-04-14T13:38:14.075-04:00  INFO 69364 --- [dsp-demo-project] [restartedMain] c.e.d.DspDemoProjectApplication          : No active profile set, falling back to 1 default profile: "default"
2026-04-14T13:38:14.112-04:00  INFO 69364 --- [dsp-demo-project] [restartedMain] .s.d.r.c.RepositoryConfigurationDelegate : Bootstrapping Spring Data JPA repositories in DEFAULT mode.
2026-04-14T13:38:14.114-04:00  INFO 69364 --- [dsp-demo-project] [restartedMain] .s.d.r.c.RepositoryConfigurationDelegate : Finished Spring Data repository scanning in 1 ms. Found 2 JPA repository interfaces.
2026-04-14T13:38:14.141-04:00  INFO 69364 --- [dsp-demo-project] [restartedMain] o.s.boot.tomcat.TomcatWebServer          : Tomcat initialized with port 8080 (http)
2026-04-14T13:38:14.141-04:00  INFO 69364 --- [dsp-demo-project] [restartedMain] o.apache.catalina.core.StandardService   : Starting service [Tomcat]
2026-04-14T13:38:14.141-04:00  INFO 69364 --- [dsp-demo-project] [restartedMain] o.apache.catalina.core.StandardEngine    : Starting Servlet engine: [Apache Tomcat/11.0.20]
2026-04-14T13:38:14.145-04:00  INFO 69364 --- [dsp-demo-project] [restartedMain] b.w.c.s.WebApplicationContextInitializer : Root WebApplicationContext: initialization completed in 70 ms
2026-04-14T13:38:14.157-04:00  INFO 69364 --- [dsp-demo-project] [restartedMain] org.hibernate.orm.jpa                    : HHH008540: Processing PersistenceUnitInfo [name: default]
2026-04-14T13:38:14.166-04:00  INFO 69364 --- [dsp-demo-project] [restartedMain] o.s.o.j.p.SpringPersistenceUnitInfo      : No LoadTimeWeaver setup: ignoring JPA class transformer
2026-04-14T13:38:14.166-04:00  INFO 69364 --- [dsp-demo-project] [restartedMain] com.zaxxer.hikari.HikariDataSource       : HikariPool-10 - Starting...
2026-04-14T13:38:14.541-04:00  INFO 69364 --- [dsp-demo-project] [restartedMain] com.zaxxer.hikari.pool.HikariPool        : HikariPool-10 - Added connection org.postgresql.jdbc.PgConnection@3cfd869c
2026-04-14T13:38:14.542-04:00  INFO 69364 --- [dsp-demo-project] [restartedMain] com.zaxxer.hikari.HikariDataSource       : HikariPool-10 - Start completed.
2026-04-14T13:38:14.580-04:00  WARN 69364 --- [dsp-demo-project] [restartedMain] org.hibernate.orm.deprecation            : HHH90000025: PostgreSQLDialect does not need to be specified explicitly using 'hibernate.dialect' (remove the property setting and it will be selected by default)
2026-04-14T13:38:14.724-04:00  INFO 69364 --- [dsp-demo-project] [restartedMain] org.hibernate.orm.connections.pooling    : HHH10001005: Database info:
	Database JDBC URL [jdbc:postgresql://dsp-demo-1.cwomfw6wy9rv.us-east-1.rds.amazonaws.com:5432/postgres?sslmode=verify-full&sslrootcert=./global-bundle.pem]
	Database driver: PostgreSQL JDBC Driver
	Database dialect: PostgreSQLDialect
	Database version: 17.6
	Default catalog/schema: postgres/public
	Autocommit mode: undefined/unknown
	Isolation level: READ_COMMITTED [default READ_COMMITTED]
	JDBC fetch size: none
	Pool: DataSourceConnectionProvider
	Minimum pool size: undefined/unknown
	Maximum pool size: undefined/unknown
2026-04-14T13:38:14.767-04:00  INFO 69364 --- [dsp-demo-project] [restartedMain] org.hibernate.orm.core                   : HHH000489: No JTA platform available (set 'hibernate.transaction.jta.platform' to enable JTA platform integration)
2026-04-14T13:38:15.039-04:00  INFO 69364 --- [dsp-demo-project] [restartedMain] j.LocalContainerEntityManagerFactoryBean : Initialized JPA EntityManagerFactory for persistence unit 'default'
2026-04-14T13:38:15.061-04:00  WARN 69364 --- [dsp-demo-project] [restartedMain] JpaBaseConfiguration$JpaWebConfiguration : spring.jpa.open-in-view is enabled by default. Therefore, database queries may be performed during view rendering. Explicitly configure spring.jpa.open-in-view to disable this warning
2026-04-14T13:38:15.082-04:00 DEBUG 69364 --- [dsp-demo-project] [restartedMain] s.w.s.m.m.a.RequestMappingHandlerMapping : 4 mappings in 'requestMappingHandlerMapping'
2026-04-14T13:38:15.088-04:00 DEBUG 69364 --- [dsp-demo-project] [restartedMain] o.s.w.s.handler.SimpleUrlHandlerMapping  : Patterns [/webjars/**, /**] in 'resourceHandlerMapping'
2026-04-14T13:38:15.091-04:00 DEBUG 69364 --- [dsp-demo-project] [restartedMain] s.w.s.m.m.a.RequestMappingHandlerAdapter : ControllerAdvice beans: 0 @ModelAttribute, 0 @InitBinder, 2 RequestBodyAdvice, 1 ResponseBodyAdvice
2026-04-14T13:38:15.095-04:00 DEBUG 69364 --- [dsp-demo-project] [restartedMain] .m.m.a.ExceptionHandlerExceptionResolver : ControllerAdvice beans: 1 @ExceptionHandler, 1 ResponseBodyAdvice
2026-04-14T13:38:15.128-04:00  INFO 69364 --- [dsp-demo-project] [restartedMain] o.s.boot.tomcat.TomcatWebServer          : Tomcat started on port 8080 (http) with context path '/'
2026-04-14T13:38:15.129-04:00  INFO 69364 --- [dsp-demo-project] [restartedMain] c.e.d.DspDemoProjectApplication          : Started DspDemoProjectApplication in 1.061 seconds (process running for 1487.523)
2026-04-14T13:38:15.130-04:00  INFO 69364 --- [dsp-demo-project] [restartedMain] .ConditionEvaluationDeltaLoggingListener : Condition evaluation unchanged
2026-04-14T13:38:26.029-04:00  INFO 69364 --- [dsp-demo-project] [File Watcher] rtingClassPathChangeChangedEventListener : Restarting due to 1 class path change (0 additions, 0 deletions, 1 modification)
2026-04-14T13:38:26.031-04:00  INFO 69364 --- [dsp-demo-project] [Thread-37] o.s.boot.tomcat.GracefulShutdown         : Commencing graceful shutdown. Waiting for active requests to complete
2026-04-14T13:38:26.034-04:00  INFO 69364 --- [dsp-demo-project] [tomcat-shutdown] o.s.boot.tomcat.GracefulShutdown         : Graceful shutdown complete
2026-04-14T13:38:26.035-04:00  INFO 69364 --- [dsp-demo-project] [Thread-37] j.LocalContainerEntityManagerFactoryBean : Closing JPA EntityManagerFactory for persistence unit 'default'
2026-04-14T13:38:26.036-04:00  INFO 69364 --- [dsp-demo-project] [Thread-37] com.zaxxer.hikari.HikariDataSource       : HikariPool-10 - Shutdown initiated...
2026-04-14T13:38:26.357-04:00  INFO 69364 --- [dsp-demo-project] [Thread-37] com.zaxxer.hikari.HikariDataSource       : HikariPool-10 - Shutdown completed.
2026-04-14T13:38:26.402-04:00  INFO 69364 --- [dsp-demo-project] [restartedMain] c.e.d.DspDemoProjectApplication          : Starting DspDemoProjectApplication using Java 17.0.18 with PID 69364 (/Users/garygz/IdeaProjects/dsp-demo-project/build/classes/java/main started by garygz in /Users/garygz/IdeaProjects/dsp-demo-project)
2026-04-14T13:38:26.402-04:00 DEBUG 69364 --- [dsp-demo-project] [restartedMain] c.e.d.DspDemoProjectApplication          : Running with Spring Boot v4.0.5, Spring v7.0.6
2026-04-14T13:38:26.402-04:00  INFO 69364 --- [dsp-demo-project] [restartedMain] c.e.d.DspDemoProjectApplication          : No active profile set, falling back to 1 default profile: "default"
2026-04-14T13:38:26.440-04:00  INFO 69364 --- [dsp-demo-project] [restartedMain] .s.d.r.c.RepositoryConfigurationDelegate : Bootstrapping Spring Data JPA repositories in DEFAULT mode.
2026-04-14T13:38:26.443-04:00  INFO 69364 --- [dsp-demo-project] [restartedMain] .s.d.r.c.RepositoryConfigurationDelegate : Finished Spring Data repository scanning in 2 ms. Found 2 JPA repository interfaces.
2026-04-14T13:38:26.471-04:00  INFO 69364 --- [dsp-demo-project] [restartedMain] o.s.boot.tomcat.TomcatWebServer          : Tomcat initialized with port 8080 (http)
2026-04-14T13:38:26.471-04:00  INFO 69364 --- [dsp-demo-project] [restartedMain] o.apache.catalina.core.StandardService   : Starting service [Tomcat]
2026-04-14T13:38:26.471-04:00  INFO 69364 --- [dsp-demo-project] [restartedMain] o.apache.catalina.core.StandardEngine    : Starting Servlet engine: [Apache Tomcat/11.0.20]
2026-04-14T13:38:26.475-04:00  INFO 69364 --- [dsp-demo-project] [restartedMain] b.w.c.s.WebApplicationContextInitializer : Root WebApplicationContext: initialization completed in 72 ms
2026-04-14T13:38:26.488-04:00  INFO 69364 --- [dsp-demo-project] [restartedMain] org.hibernate.orm.jpa                    : HHH008540: Processing PersistenceUnitInfo [name: default]
2026-04-14T13:38:26.496-04:00  INFO 69364 --- [dsp-demo-project] [restartedMain] o.s.o.j.p.SpringPersistenceUnitInfo      : No LoadTimeWeaver setup: ignoring JPA class transformer
2026-04-14T13:38:26.497-04:00  INFO 69364 --- [dsp-demo-project] [restartedMain] com.zaxxer.hikari.HikariDataSource       : HikariPool-11 - Starting...
2026-04-14T13:38:26.799-04:00  INFO 69364 --- [dsp-demo-project] [restartedMain] com.zaxxer.hikari.pool.HikariPool        : HikariPool-11 - Added connection org.postgresql.jdbc.PgConnection@9ef896d
2026-04-14T13:38:26.799-04:00  INFO 69364 --- [dsp-demo-project] [restartedMain] com.zaxxer.hikari.HikariDataSource       : HikariPool-11 - Start completed.
2026-04-14T13:38:26.831-04:00  WARN 69364 --- [dsp-demo-project] [restartedMain] org.hibernate.orm.deprecation            : HHH90000025: PostgreSQLDialect does not need to be specified explicitly using 'hibernate.dialect' (remove the property setting and it will be selected by default)
2026-04-14T13:38:26.953-04:00  INFO 69364 --- [dsp-demo-project] [restartedMain] org.hibernate.orm.connections.pooling    : HHH10001005: Database info:
	Database JDBC URL [jdbc:postgresql://dsp-demo-1.cwomfw6wy9rv.us-east-1.rds.amazonaws.com:5432/postgres?sslmode=verify-full&sslrootcert=./global-bundle.pem]
	Database driver: PostgreSQL JDBC Driver
	Database dialect: PostgreSQLDialect
	Database version: 17.6
	Default catalog/schema: postgres/public
	Autocommit mode: undefined/unknown
	Isolation level: READ_COMMITTED [default READ_COMMITTED]
	JDBC fetch size: none
	Pool: DataSourceConnectionProvider
	Minimum pool size: undefined/unknown
	Maximum pool size: undefined/unknown
2026-04-14T13:38:26.997-04:00  INFO 69364 --- [dsp-demo-project] [restartedMain] org.hibernate.orm.core                   : HHH000489: No JTA platform available (set 'hibernate.transaction.jta.platform' to enable JTA platform integration)
2026-04-14T13:38:27.230-04:00  INFO 69364 --- [dsp-demo-project] [restartedMain] j.LocalContainerEntityManagerFactoryBean : Initialized JPA EntityManagerFactory for persistence unit 'default'
2026-04-14T13:38:27.250-04:00  WARN 69364 --- [dsp-demo-project] [restartedMain] JpaBaseConfiguration$JpaWebConfiguration : spring.jpa.open-in-view is enabled by default. Therefore, database queries may be performed during view rendering. Explicitly configure spring.jpa.open-in-view to disable this warning
2026-04-14T13:38:27.272-04:00 DEBUG 69364 --- [dsp-demo-project] [restartedMain] s.w.s.m.m.a.RequestMappingHandlerMapping : 4 mappings in 'requestMappingHandlerMapping'
2026-04-14T13:38:27.278-04:00 DEBUG 69364 --- [dsp-demo-project] [restartedMain] o.s.w.s.handler.SimpleUrlHandlerMapping  : Patterns [/webjars/**, /**] in 'resourceHandlerMapping'
2026-04-14T13:38:27.281-04:00 DEBUG 69364 --- [dsp-demo-project] [restartedMain] s.w.s.m.m.a.RequestMappingHandlerAdapter : ControllerAdvice beans: 0 @ModelAttribute, 0 @InitBinder, 2 RequestBodyAdvice, 1 ResponseBodyAdvice
2026-04-14T13:38:27.284-04:00 DEBUG 69364 --- [dsp-demo-project] [restartedMain] .m.m.a.ExceptionHandlerExceptionResolver : ControllerAdvice beans: 1 @ExceptionHandler, 1 ResponseBodyAdvice
2026-04-14T13:38:27.312-04:00  INFO 69364 --- [dsp-demo-project] [restartedMain] o.s.boot.tomcat.TomcatWebServer          : Tomcat started on port 8080 (http) with context path '/'
2026-04-14T13:38:27.314-04:00  INFO 69364 --- [dsp-demo-project] [restartedMain] c.e.d.DspDemoProjectApplication          : Started DspDemoProjectApplication in 0.919 seconds (process running for 1499.707)
2026-04-14T13:38:27.314-04:00  INFO 69364 --- [dsp-demo-project] [restartedMain] .ConditionEvaluationDeltaLoggingListener : Condition evaluation unchanged
2026-04-14T13:38:35.789-04:00  INFO 69364 --- [dsp-demo-project] [File Watcher] rtingClassPathChangeChangedEventListener : Restarting due to 1 class path change (0 additions, 0 deletions, 1 modification)
2026-04-14T13:38:35.790-04:00  INFO 69364 --- [dsp-demo-project] [Thread-41] o.s.boot.tomcat.GracefulShutdown         : Commencing graceful shutdown. Waiting for active requests to complete
2026-04-14T13:38:35.792-04:00  INFO 69364 --- [dsp-demo-project] [tomcat-shutdown] o.s.boot.tomcat.GracefulShutdown         : Graceful shutdown complete
2026-04-14T13:38:35.793-04:00  INFO 69364 --- [dsp-demo-project] [Thread-41] j.LocalContainerEntityManagerFactoryBean : Closing JPA EntityManagerFactory for persistence unit 'default'
2026-04-14T13:38:35.793-04:00  INFO 69364 --- [dsp-demo-project] [Thread-41] com.zaxxer.hikari.HikariDataSource       : HikariPool-11 - Shutdown initiated...
2026-04-14T13:38:36.114-04:00  INFO 69364 --- [dsp-demo-project] [Thread-41] com.zaxxer.hikari.HikariDataSource       : HikariPool-11 - Shutdown completed.
2026-04-14T13:38:36.173-04:00  INFO 69364 --- [dsp-demo-project] [restartedMain] c.e.d.DspDemoProjectApplication          : Starting DspDemoProjectApplication using Java 17.0.18 with PID 69364 (/Users/garygz/IdeaProjects/dsp-demo-project/build/classes/java/main started by garygz in /Users/garygz/IdeaProjects/dsp-demo-project)
2026-04-14T13:38:36.173-04:00 DEBUG 69364 --- [dsp-demo-project] [restartedMain] c.e.d.DspDemoProjectApplication          : Running with Spring Boot v4.0.5, Spring v7.0.6
2026-04-14T13:38:36.173-04:00  INFO 69364 --- [dsp-demo-project] [restartedMain] c.e.d.DspDemoProjectApplication          : No active profile set, falling back to 1 default profile: "default"
2026-04-14T13:38:36.212-04:00  INFO 69364 --- [dsp-demo-project] [restartedMain] .s.d.r.c.RepositoryConfigurationDelegate : Bootstrapping Spring Data JPA repositories in DEFAULT mode.
2026-04-14T13:38:36.214-04:00  INFO 69364 --- [dsp-demo-project] [restartedMain] .s.d.r.c.RepositoryConfigurationDelegate : Finished Spring Data repository scanning in 2 ms. Found 2 JPA repository interfaces.
2026-04-14T13:38:36.241-04:00  INFO 69364 --- [dsp-demo-project] [restartedMain] o.s.boot.tomcat.TomcatWebServer          : Tomcat initialized with port 8080 (http)
2026-04-14T13:38:36.241-04:00  INFO 69364 --- [dsp-demo-project] [restartedMain] o.apache.catalina.core.StandardService   : Starting service [Tomcat]
2026-04-14T13:38:36.241-04:00  INFO 69364 --- [dsp-demo-project] [restartedMain] o.apache.catalina.core.StandardEngine    : Starting Servlet engine: [Apache Tomcat/11.0.20]
2026-04-14T13:38:36.245-04:00  INFO 69364 --- [dsp-demo-project] [restartedMain] b.w.c.s.WebApplicationContextInitializer : Root WebApplicationContext: initialization completed in 71 ms
2026-04-14T13:38:36.257-04:00  INFO 69364 --- [dsp-demo-project] [restartedMain] org.hibernate.orm.jpa                    : HHH008540: Processing PersistenceUnitInfo [name: default]
2026-04-14T13:38:36.266-04:00  INFO 69364 --- [dsp-demo-project] [restartedMain] o.s.o.j.p.SpringPersistenceUnitInfo      : No LoadTimeWeaver setup: ignoring JPA class transformer
2026-04-14T13:38:36.266-04:00  INFO 69364 --- [dsp-demo-project] [restartedMain] com.zaxxer.hikari.HikariDataSource       : HikariPool-12 - Starting...
2026-04-14T13:38:36.563-04:00  INFO 69364 --- [dsp-demo-project] [restartedMain] com.zaxxer.hikari.pool.HikariPool        : HikariPool-12 - Added connection org.postgresql.jdbc.PgConnection@2478a1b7
2026-04-14T13:38:36.563-04:00  INFO 69364 --- [dsp-demo-project] [restartedMain] com.zaxxer.hikari.HikariDataSource       : HikariPool-12 - Start completed.
2026-04-14T13:38:36.594-04:00  WARN 69364 --- [dsp-demo-project] [restartedMain] org.hibernate.orm.deprecation            : HHH90000025: PostgreSQLDialect does not need to be specified explicitly using 'hibernate.dialect' (remove the property setting and it will be selected by default)
2026-04-14T13:38:36.715-04:00  INFO 69364 --- [dsp-demo-project] [restartedMain] org.hibernate.orm.connections.pooling    : HHH10001005: Database info:
	Database JDBC URL [jdbc:postgresql://dsp-demo-1.cwomfw6wy9rv.us-east-1.rds.amazonaws.com:5432/postgres?sslmode=verify-full&sslrootcert=./global-bundle.pem]
	Database driver: PostgreSQL JDBC Driver
	Database dialect: PostgreSQLDialect
	Database version: 17.6
	Default catalog/schema: postgres/public
	Autocommit mode: undefined/unknown
	Isolation level: READ_COMMITTED [default READ_COMMITTED]
	JDBC fetch size: none
	Pool: DataSourceConnectionProvider
	Minimum pool size: undefined/unknown
	Maximum pool size: undefined/unknown
2026-04-14T13:38:36.757-04:00  INFO 69364 --- [dsp-demo-project] [restartedMain] org.hibernate.orm.core                   : HHH000489: No JTA platform available (set 'hibernate.transaction.jta.platform' to enable JTA platform integration)
2026-04-14T13:38:36.989-04:00  INFO 69364 --- [dsp-demo-project] [restartedMain] j.LocalContainerEntityManagerFactoryBean : Initialized JPA EntityManagerFactory for persistence unit 'default'
2026-04-14T13:38:37.003-04:00  WARN 69364 --- [dsp-demo-project] [restartedMain] JpaBaseConfiguration$JpaWebConfiguration : spring.jpa.open-in-view is enabled by default. Therefore, database queries may be performed during view rendering. Explicitly configure spring.jpa.open-in-view to disable this warning
2026-04-14T13:38:37.020-04:00 DEBUG 69364 --- [dsp-demo-project] [restartedMain] s.w.s.m.m.a.RequestMappingHandlerMapping : 4 mappings in 'requestMappingHandlerMapping'
2026-04-14T13:38:37.025-04:00 DEBUG 69364 --- [dsp-demo-project] [restartedMain] o.s.w.s.handler.SimpleUrlHandlerMapping  : Patterns [/webjars/**, /**] in 'resourceHandlerMapping'
2026-04-14T13:38:37.028-04:00 DEBUG 69364 --- [dsp-demo-project] [restartedMain] s.w.s.m.m.a.RequestMappingHandlerAdapter : ControllerAdvice beans: 0 @ModelAttribute, 0 @InitBinder, 2 RequestBodyAdvice, 1 ResponseBodyAdvice
2026-04-14T13:38:37.031-04:00 DEBUG 69364 --- [dsp-demo-project] [restartedMain] .m.m.a.ExceptionHandlerExceptionResolver : ControllerAdvice beans: 1 @ExceptionHandler, 1 ResponseBodyAdvice
2026-04-14T13:38:37.056-04:00  INFO 69364 --- [dsp-demo-project] [restartedMain] o.s.boot.tomcat.TomcatWebServer          : Tomcat started on port 8080 (http) with context path '/'
2026-04-14T13:38:37.057-04:00  INFO 69364 --- [dsp-demo-project] [restartedMain] c.e.d.DspDemoProjectApplication          : Started DspDemoProjectApplication in 0.894 seconds (process running for 1509.451)
2026-04-14T13:38:37.057-04:00  INFO 69364 --- [dsp-demo-project] [restartedMain] .ConditionEvaluationDeltaLoggingListener : Condition evaluation unchanged
2026-04-14T13:39:22.814-04:00  INFO 69364 --- [dsp-demo-project] [File Watcher] rtingClassPathChangeChangedEventListener : Restarting due to 3 class path changes (2 additions, 0 deletions, 1 modification)
2026-04-14T13:39:22.821-04:00  INFO 69364 --- [dsp-demo-project] [Thread-45] o.s.boot.tomcat.GracefulShutdown         : Commencing graceful shutdown. Waiting for active requests to complete
2026-04-14T13:39:22.825-04:00  INFO 69364 --- [dsp-demo-project] [tomcat-shutdown] o.s.boot.tomcat.GracefulShutdown         : Graceful shutdown complete
2026-04-14T13:39:22.829-04:00  INFO 69364 --- [dsp-demo-project] [Thread-45] j.LocalContainerEntityManagerFactoryBean : Closing JPA EntityManagerFactory for persistence unit 'default'
2026-04-14T13:39:22.831-04:00  INFO 69364 --- [dsp-demo-project] [Thread-45] com.zaxxer.hikari.HikariDataSource       : HikariPool-12 - Shutdown initiated...
2026-04-14T13:39:23.147-04:00  INFO 69364 --- [dsp-demo-project] [Thread-45] com.zaxxer.hikari.HikariDataSource       : HikariPool-12 - Shutdown completed.
2026-04-14T13:39:23.192-04:00  INFO 69364 --- [dsp-demo-project] [restartedMain] c.e.d.DspDemoProjectApplication          : Starting DspDemoProjectApplication using Java 17.0.18 with PID 69364 (/Users/garygz/IdeaProjects/dsp-demo-project/build/classes/java/main started by garygz in /Users/garygz/IdeaProjects/dsp-demo-project)
2026-04-14T13:39:23.192-04:00 DEBUG 69364 --- [dsp-demo-project] [restartedMain] c.e.d.DspDemoProjectApplication          : Running with Spring Boot v4.0.5, Spring v7.0.6
2026-04-14T13:39:23.192-04:00  INFO 69364 --- [dsp-demo-project] [restartedMain] c.e.d.DspDemoProjectApplication          : No active profile set, falling back to 1 default profile: "default"
2026-04-14T13:39:23.233-04:00  INFO 69364 --- [dsp-demo-project] [restartedMain] .s.d.r.c.RepositoryConfigurationDelegate : Bootstrapping Spring Data JPA repositories in DEFAULT mode.
2026-04-14T13:39:23.236-04:00  INFO 69364 --- [dsp-demo-project] [restartedMain] .s.d.r.c.RepositoryConfigurationDelegate : Finished Spring Data repository scanning in 2 ms. Found 2 JPA repository interfaces.
2026-04-14T13:39:23.267-04:00  INFO 69364 --- [dsp-demo-project] [restartedMain] o.s.boot.tomcat.TomcatWebServer          : Tomcat initialized with port 8080 (http)
2026-04-14T13:39:23.267-04:00  INFO 69364 --- [dsp-demo-project] [restartedMain] o.apache.catalina.core.StandardService   : Starting service [Tomcat]
2026-04-14T13:39:23.267-04:00  INFO 69364 --- [dsp-demo-project] [restartedMain] o.apache.catalina.core.StandardEngine    : Starting Servlet engine: [Apache Tomcat/11.0.20]
2026-04-14T13:39:23.272-04:00  INFO 69364 --- [dsp-demo-project] [restartedMain] b.w.c.s.WebApplicationContextInitializer : Root WebApplicationContext: initialization completed in 80 ms
2026-04-14T13:39:23.284-04:00  INFO 69364 --- [dsp-demo-project] [restartedMain] org.hibernate.orm.jpa                    : HHH008540: Processing PersistenceUnitInfo [name: default]
2026-04-14T13:39:23.293-04:00  INFO 69364 --- [dsp-demo-project] [restartedMain] o.s.o.j.p.SpringPersistenceUnitInfo      : No LoadTimeWeaver setup: ignoring JPA class transformer
2026-04-14T13:39:23.293-04:00  INFO 69364 --- [dsp-demo-project] [restartedMain] com.zaxxer.hikari.HikariDataSource       : HikariPool-13 - Starting...
2026-04-14T13:39:23.655-04:00  INFO 69364 --- [dsp-demo-project] [restartedMain] com.zaxxer.hikari.pool.HikariPool        : HikariPool-13 - Added connection org.postgresql.jdbc.PgConnection@1a28758c
2026-04-14T13:39:23.655-04:00  INFO 69364 --- [dsp-demo-project] [restartedMain] com.zaxxer.hikari.HikariDataSource       : HikariPool-13 - Start completed.
2026-04-14T13:39:23.688-04:00  WARN 69364 --- [dsp-demo-project] [restartedMain] org.hibernate.orm.deprecation            : HHH90000025: PostgreSQLDialect does not need to be specified explicitly using 'hibernate.dialect' (remove the property setting and it will be selected by default)
2026-04-14T13:39:23.813-04:00  INFO 69364 --- [dsp-demo-project] [restartedMain] org.hibernate.orm.connections.pooling    : HHH10001005: Database info:
	Database JDBC URL [jdbc:postgresql://dsp-demo-1.cwomfw6wy9rv.us-east-1.rds.amazonaws.com:5432/postgres?sslmode=verify-full&sslrootcert=./global-bundle.pem]
	Database driver: PostgreSQL JDBC Driver
	Database dialect: PostgreSQLDialect
	Database version: 17.6
	Default catalog/schema: postgres/public
	Autocommit mode: undefined/unknown
	Isolation level: READ_COMMITTED [default READ_COMMITTED]
	JDBC fetch size: none
	Pool: DataSourceConnectionProvider
	Minimum pool size: undefined/unknown
	Maximum pool size: undefined/unknown
2026-04-14T13:39:23.856-04:00  INFO 69364 --- [dsp-demo-project] [restartedMain] org.hibernate.orm.core                   : HHH000489: No JTA platform available (set 'hibernate.transaction.jta.platform' to enable JTA platform integration)
2026-04-14T13:39:24.092-04:00  INFO 69364 --- [dsp-demo-project] [restartedMain] j.LocalContainerEntityManagerFactoryBean : Initialized JPA EntityManagerFactory for persistence unit 'default'
2026-04-14T13:39:24.120-04:00  WARN 69364 --- [dsp-demo-project] [restartedMain] JpaBaseConfiguration$JpaWebConfiguration : spring.jpa.open-in-view is enabled by default. Therefore, database queries may be performed during view rendering. Explicitly configure spring.jpa.open-in-view to disable this warning
2026-04-14T13:39:24.135-04:00 DEBUG 69364 --- [dsp-demo-project] [restartedMain] s.w.s.m.m.a.RequestMappingHandlerMapping : 6 mappings in 'requestMappingHandlerMapping'
2026-04-14T13:39:24.140-04:00 DEBUG 69364 --- [dsp-demo-project] [restartedMain] o.s.w.s.handler.SimpleUrlHandlerMapping  : Patterns [/webjars/**, /**] in 'resourceHandlerMapping'
2026-04-14T13:39:24.142-04:00 DEBUG 69364 --- [dsp-demo-project] [restartedMain] s.w.s.m.m.a.RequestMappingHandlerAdapter : ControllerAdvice beans: 0 @ModelAttribute, 0 @InitBinder, 2 RequestBodyAdvice, 1 ResponseBodyAdvice
2026-04-14T13:39:24.145-04:00 DEBUG 69364 --- [dsp-demo-project] [restartedMain] .m.m.a.ExceptionHandlerExceptionResolver : ControllerAdvice beans: 1 @ExceptionHandler, 1 ResponseBodyAdvice
2026-04-14T13:39:24.157-04:00  INFO 69364 --- [dsp-demo-project] [restartedMain] o.s.boot.tomcat.TomcatWebServer          : Tomcat started on port 8080 (http) with context path '/'
2026-04-14T13:39:24.158-04:00  INFO 69364 --- [dsp-demo-project] [restartedMain] c.e.d.DspDemoProjectApplication          : Started DspDemoProjectApplication in 0.974 seconds (process running for 1556.552)
2026-04-14T13:39:24.159-04:00  INFO 69364 --- [dsp-demo-project] [restartedMain] .ConditionEvaluationDeltaLoggingListener : Condition evaluation unchanged
2026-04-14T13:39:26.593-04:00  INFO 69364 --- [dsp-demo-project] [http-nio-8080-exec-1] o.a.c.c.C.[Tomcat].[localhost].[/]       : Initializing Spring DispatcherServlet 'dispatcherServlet'
2026-04-14T13:39:26.593-04:00  INFO 69364 --- [dsp-demo-project] [http-nio-8080-exec-1] o.s.web.servlet.DispatcherServlet        : Initializing Servlet 'dispatcherServlet'
2026-04-14T13:39:26.593-04:00 DEBUG 69364 --- [dsp-demo-project] [http-nio-8080-exec-1] o.s.web.servlet.DispatcherServlet        : Detected StandardServletMultipartResolver
2026-04-14T13:39:26.593-04:00 DEBUG 69364 --- [dsp-demo-project] [http-nio-8080-exec-1] o.s.web.servlet.DispatcherServlet        : Detected AcceptHeaderLocaleResolver
2026-04-14T13:39:26.594-04:00 DEBUG 69364 --- [dsp-demo-project] [http-nio-8080-exec-1] o.s.web.servlet.DispatcherServlet        : Detected org.springframework.web.servlet.view.DefaultRequestToViewNameTranslator@386d39e4
2026-04-14T13:39:26.594-04:00 DEBUG 69364 --- [dsp-demo-project] [http-nio-8080-exec-1] o.s.web.servlet.DispatcherServlet        : Detected org.springframework.web.servlet.support.SessionFlashMapManager@3d8f045b
2026-04-14T13:39:26.594-04:00 DEBUG 69364 --- [dsp-demo-project] [http-nio-8080-exec-1] o.s.web.servlet.DispatcherServlet        : enableLoggingRequestDetails='false': request parameters and headers will be masked to prevent unsafe logging of potentially sensitive data
2026-04-14T13:39:26.594-04:00  INFO 69364 --- [dsp-demo-project] [http-nio-8080-exec-1] o.s.web.servlet.DispatcherServlet        : Completed initialization in 1 ms
2026-04-14T13:39:26.595-04:00 DEBUG 69364 --- [dsp-demo-project] [http-nio-8080-exec-1] o.s.web.servlet.DispatcherServlet        : GET "/advertisers", parameters={}
2026-04-14T13:39:26.595-04:00 DEBUG 69364 --- [dsp-demo-project] [http-nio-8080-exec-1] s.w.s.m.m.a.RequestMappingHandlerMapping : Mapped to controller.com.garygz.dspdemoproject.RestEndpointController#listAllAdvertisers()
2026-04-14T13:39:26.692-04:00 DEBUG 69364 --- [dsp-demo-project] [http-nio-8080-exec-1] m.m.a.RequestResponseBodyMethodProcessor : Using 'application/json', given [*/*] and supported [application/json, application/*+json]
2026-04-14T13:39:26.693-04:00 DEBUG 69364 --- [dsp-demo-project] [http-nio-8080-exec-1] m.m.a.RequestResponseBodyMethodProcessor : Writing [[entity.com.garygz.dspdemoproject.Advertiser@50b6226b, entity.com.garygz.dspdemoproject.Advertiser (truncated)...]
2026-04-14T13:39:26.696-04:00 DEBUG 69364 --- [dsp-demo-project] [http-nio-8080-exec-1] o.s.web.servlet.DispatcherServlet        : Completed 200 OK
2026-04-14T13:39:52.219-04:00 DEBUG 69364 --- [dsp-demo-project] [http-nio-8080-exec-3] o.s.web.servlet.DispatcherServlet        : POST "/advertisers", parameters={}
2026-04-14T13:39:52.219-04:00 DEBUG 69364 --- [dsp-demo-project] [http-nio-8080-exec-3] s.w.s.m.m.a.RequestMappingHandlerMapping : Mapped to controller.com.garygz.dspdemoproject.RestEndpointController#addAdvertiser(Advertiser)
2026-04-14T13:39:52.227-04:00 DEBUG 69364 --- [dsp-demo-project] [http-nio-8080-exec-3] m.m.a.RequestResponseBodyMethodProcessor : Read "application/octet-stream" to []
2026-04-14T13:39:52.228-04:00 DEBUG 69364 --- [dsp-demo-project] [http-nio-8080-exec-3] .m.m.a.ExceptionHandlerExceptionResolver : Using @ExceptionHandler controller.com.garygz.dspdemoproject.GlobalExceptionHandler#handleGeneric(Exception)
2026-04-14T13:39:52.229-04:00 DEBUG 69364 --- [dsp-demo-project] [http-nio-8080-exec-3] o.s.w.s.m.m.a.HttpEntityMethodProcessor  : Using 'text/plain', given [*/*] and supported [text/plain, */*, application/json, application/*+json]
2026-04-14T13:39:52.230-04:00 DEBUG 69364 --- [dsp-demo-project] [http-nio-8080-exec-3] o.s.w.s.m.m.a.HttpEntityMethodProcessor  : Writing ["Something went wrong"]
2026-04-14T13:39:52.230-04:00  WARN 69364 --- [dsp-demo-project] [http-nio-8080-exec-3] .m.m.a.ExceptionHandlerExceptionResolver : Resolved [org.springframework.http.converter.HttpMessageNotReadableException: Required request body is missing: public void controller.com.garygz.dspdemoproject.RestEndpointController.addAdvertiser(entity.com.garygz.dspdemoproject.Advertiser) throws java.io.InvalidObjectException]
2026-04-14T13:39:52.231-04:00 DEBUG 69364 --- [dsp-demo-project] [http-nio-8080-exec-3] o.s.web.servlet.DispatcherServlet        : Completed 500 INTERNAL_SERVER_ERROR
2026-04-14T13:45:15.147-04:00 DEBUG 69364 --- [dsp-demo-project] [http-nio-8080-exec-5] o.s.web.servlet.DispatcherServlet        : POST "/advertisers", parameters={}
2026-04-14T13:45:15.149-04:00 DEBUG 69364 --- [dsp-demo-project] [http-nio-8080-exec-5] s.w.s.m.m.a.RequestMappingHandlerMapping : Mapped to controller.com.garygz.dspdemoproject.RestEndpointController#addAdvertiser(Advertiser)
2026-04-14T13:45:15.188-04:00 DEBUG 69364 --- [dsp-demo-project] [http-nio-8080-exec-5] m.m.a.RequestResponseBodyMethodProcessor : Read "application/json;charset=UTF-8" to [entity.com.garygz.dspdemoproject.Advertiser@529d1b28]
2026-04-14T13:45:15.500-04:00 DEBUG 69364 --- [dsp-demo-project] [http-nio-8080-exec-5] .m.m.a.ExceptionHandlerExceptionResolver : Using @ExceptionHandler controller.com.garygz.dspdemoproject.GlobalExceptionHandler#handleGeneric(Exception)
2026-04-14T13:45:15.501-04:00 DEBUG 69364 --- [dsp-demo-project] [http-nio-8080-exec-5] o.s.w.s.m.m.a.HttpEntityMethodProcessor  : Using 'text/plain', given [*/*] and supported [text/plain, */*, application/json, application/*+json]
2026-04-14T13:45:15.501-04:00 DEBUG 69364 --- [dsp-demo-project] [http-nio-8080-exec-5] o.s.w.s.m.m.a.HttpEntityMethodProcessor  : Writing ["Something went wrong"]
2026-04-14T13:45:15.501-04:00  WARN 69364 --- [dsp-demo-project] [http-nio-8080-exec-5] .m.m.a.ExceptionHandlerExceptionResolver : Resolved [org.springframework.orm.ObjectOptimisticLockingFailureException: Row was already updated or deleted by another transaction for entity [entity.com.garygz.dspdemoproject.Advertiser with id 'da5fe483-7aeb-4c05-ae00-6109cf2089e9']]
2026-04-14T13:45:15.502-04:00 DEBUG 69364 --- [dsp-demo-project] [http-nio-8080-exec-5] o.s.web.servlet.DispatcherServlet        : Completed 500 INTERNAL_SERVER_ERROR
2026-04-14T13:47:12.857-04:00 DEBUG 69364 --- [dsp-demo-project] [http-nio-8080-exec-7] o.s.web.servlet.DispatcherServlet        : POST "/advertisers", parameters={}
2026-04-14T13:47:12.859-04:00 DEBUG 69364 --- [dsp-demo-project] [http-nio-8080-exec-7] s.w.s.m.m.a.RequestMappingHandlerMapping : Mapped to controller.com.garygz.dspdemoproject.RestEndpointController#addAdvertiser(Advertiser)
2026-04-14T13:47:12.863-04:00 DEBUG 69364 --- [dsp-demo-project] [http-nio-8080-exec-7] m.m.a.RequestResponseBodyMethodProcessor : Read "application/json;charset=UTF-8" to [entity.com.garygz.dspdemoproject.Advertiser@55ba2ee1]
2026-04-14T13:47:13.031-04:00 DEBUG 69364 --- [dsp-demo-project] [http-nio-8080-exec-7] .m.m.a.ExceptionHandlerExceptionResolver : Using @ExceptionHandler controller.com.garygz.dspdemoproject.GlobalExceptionHandler#handleGeneric(Exception)
2026-04-14T13:47:13.032-04:00 DEBUG 69364 --- [dsp-demo-project] [http-nio-8080-exec-7] o.s.w.s.m.m.a.HttpEntityMethodProcessor  : Using 'text/plain', given [*/*] and supported [text/plain, */*, application/json, application/*+json]
2026-04-14T13:47:13.032-04:00 DEBUG 69364 --- [dsp-demo-project] [http-nio-8080-exec-7] o.s.w.s.m.m.a.HttpEntityMethodProcessor  : Writing ["Something went wrong"]
2026-04-14T13:47:13.033-04:00  WARN 69364 --- [dsp-demo-project] [http-nio-8080-exec-7] .m.m.a.ExceptionHandlerExceptionResolver : Resolved [org.springframework.orm.ObjectOptimisticLockingFailureException: Row was already updated or deleted by another transaction for entity [entity.com.garygz.dspdemoproject.Advertiser with id '135eb84b-3b07-4124-ba54-f71e996d7e9c']]
2026-04-14T13:47:13.034-04:00 DEBUG 69364 --- [dsp-demo-project] [http-nio-8080-exec-7] o.s.web.servlet.DispatcherServlet        : Completed 500 INTERNAL_SERVER_ERROR
2026-04-14T13:49:58.142-04:00  INFO 69364 --- [dsp-demo-project] [File Watcher] rtingClassPathChangeChangedEventListener : Restarting due to 1 class path change (0 additions, 1 deletion, 0 modifications)
2026-04-14T13:49:58.147-04:00  INFO 69364 --- [dsp-demo-project] [Thread-49] o.s.boot.tomcat.GracefulShutdown         : Commencing graceful shutdown. Waiting for active requests to complete
2026-04-14T13:49:58.150-04:00  INFO 69364 --- [dsp-demo-project] [tomcat-shutdown] o.s.boot.tomcat.GracefulShutdown         : Graceful shutdown complete
2026-04-14T13:49:58.153-04:00  INFO 69364 --- [dsp-demo-project] [Thread-49] j.LocalContainerEntityManagerFactoryBean : Closing JPA EntityManagerFactory for persistence unit 'default'
2026-04-14T13:49:58.155-04:00  INFO 69364 --- [dsp-demo-project] [Thread-49] com.zaxxer.hikari.HikariDataSource       : HikariPool-13 - Shutdown initiated...
2026-04-14T13:49:58.483-04:00  INFO 69364 --- [dsp-demo-project] [Thread-49] com.zaxxer.hikari.HikariDataSource       : HikariPool-13 - Shutdown completed.
2026-04-14T13:49:58.552-04:00  INFO 69364 --- [dsp-demo-project] [restartedMain] c.e.d.DspDemoProjectApplication          : Starting DspDemoProjectApplication using Java 17.0.18 with PID 69364 (/Users/garygz/IdeaProjects/dsp-demo-project/build/classes/java/main started by garygz in /Users/garygz/IdeaProjects/dsp-demo-project)
2026-04-14T13:49:58.552-04:00 DEBUG 69364 --- [dsp-demo-project] [restartedMain] c.e.d.DspDemoProjectApplication          : Running with Spring Boot v4.0.5, Spring v7.0.6
2026-04-14T13:49:58.552-04:00  INFO 69364 --- [dsp-demo-project] [restartedMain] c.e.d.DspDemoProjectApplication          : No active profile set, falling back to 1 default profile: "default"
2026-04-14T13:49:58.598-04:00  INFO 69364 --- [dsp-demo-project] [restartedMain] .s.d.r.c.RepositoryConfigurationDelegate : Bootstrapping Spring Data JPA repositories in DEFAULT mode.
2026-04-14T13:49:58.601-04:00  INFO 69364 --- [dsp-demo-project] [restartedMain] .s.d.r.c.RepositoryConfigurationDelegate : Finished Spring Data repository scanning in 2 ms. Found 2 JPA repository interfaces.
2026-04-14T13:49:58.634-04:00  INFO 69364 --- [dsp-demo-project] [restartedMain] o.s.boot.tomcat.TomcatWebServer          : Tomcat initialized with port 8080 (http)
2026-04-14T13:49:58.635-04:00  INFO 69364 --- [dsp-demo-project] [restartedMain] o.apache.catalina.core.StandardService   : Starting service [Tomcat]
2026-04-14T13:49:58.635-04:00  INFO 69364 --- [dsp-demo-project] [restartedMain] o.apache.catalina.core.StandardEngine    : Starting Servlet engine: [Apache Tomcat/11.0.20]
2026-04-14T13:49:58.639-04:00  INFO 69364 --- [dsp-demo-project] [restartedMain] b.w.c.s.WebApplicationContextInitializer : Root WebApplicationContext: initialization completed in 86 ms
2026-04-14T13:49:58.653-04:00  INFO 69364 --- [dsp-demo-project] [restartedMain] org.hibernate.orm.jpa                    : HHH008540: Processing PersistenceUnitInfo [name: default]
2026-04-14T13:49:58.668-04:00  INFO 69364 --- [dsp-demo-project] [restartedMain] o.s.o.j.p.SpringPersistenceUnitInfo      : No LoadTimeWeaver setup: ignoring JPA class transformer
2026-04-14T13:49:58.668-04:00  INFO 69364 --- [dsp-demo-project] [restartedMain] com.zaxxer.hikari.HikariDataSource       : HikariPool-14 - Starting...
2026-04-14T13:49:59.045-04:00  INFO 69364 --- [dsp-demo-project] [restartedMain] com.zaxxer.hikari.pool.HikariPool        : HikariPool-14 - Added connection org.postgresql.jdbc.PgConnection@5433b5a4
2026-04-14T13:49:59.046-04:00  INFO 69364 --- [dsp-demo-project] [restartedMain] com.zaxxer.hikari.HikariDataSource       : HikariPool-14 - Start completed.
2026-04-14T13:49:59.080-04:00  WARN 69364 --- [dsp-demo-project] [restartedMain] org.hibernate.orm.deprecation            : HHH90000025: PostgreSQLDialect does not need to be specified explicitly using 'hibernate.dialect' (remove the property setting and it will be selected by default)
2026-04-14T13:49:59.208-04:00  INFO 69364 --- [dsp-demo-project] [restartedMain] org.hibernate.orm.connections.pooling    : HHH10001005: Database info:
	Database JDBC URL [jdbc:postgresql://dsp-demo-1.cwomfw6wy9rv.us-east-1.rds.amazonaws.com:5432/postgres?sslmode=verify-full&sslrootcert=./global-bundle.pem]
	Database driver: PostgreSQL JDBC Driver
	Database dialect: PostgreSQLDialect
	Database version: 17.6
	Default catalog/schema: postgres/public
	Autocommit mode: undefined/unknown
	Isolation level: READ_COMMITTED [default READ_COMMITTED]
	JDBC fetch size: none
	Pool: DataSourceConnectionProvider
	Minimum pool size: undefined/unknown
	Maximum pool size: undefined/unknown
2026-04-14T13:49:59.242-04:00  INFO 69364 --- [dsp-demo-project] [restartedMain] org.hibernate.orm.core                   : HHH000489: No JTA platform available (set 'hibernate.transaction.jta.platform' to enable JTA platform integration)
2026-04-14T13:49:59.489-04:00  INFO 69364 --- [dsp-demo-project] [restartedMain] j.LocalContainerEntityManagerFactoryBean : Initialized JPA EntityManagerFactory for persistence unit 'default'
2026-04-14T13:49:59.539-04:00  WARN 69364 --- [dsp-demo-project] [restartedMain] JpaBaseConfiguration$JpaWebConfiguration : spring.jpa.open-in-view is enabled by default. Therefore, database queries may be performed during view rendering. Explicitly configure spring.jpa.open-in-view to disable this warning
2026-04-14T13:49:59.559-04:00 DEBUG 69364 --- [dsp-demo-project] [restartedMain] s.w.s.m.m.a.RequestMappingHandlerMapping : 4 mappings in 'requestMappingHandlerMapping'
2026-04-14T13:49:59.564-04:00 DEBUG 69364 --- [dsp-demo-project] [restartedMain] o.s.w.s.handler.SimpleUrlHandlerMapping  : Patterns [/webjars/**, /**] in 'resourceHandlerMapping'
2026-04-14T13:49:59.567-04:00 DEBUG 69364 --- [dsp-demo-project] [restartedMain] s.w.s.m.m.a.RequestMappingHandlerAdapter : ControllerAdvice beans: 0 @ModelAttribute, 0 @InitBinder, 2 RequestBodyAdvice, 1 ResponseBodyAdvice
2026-04-14T13:49:59.571-04:00 DEBUG 69364 --- [dsp-demo-project] [restartedMain] .m.m.a.ExceptionHandlerExceptionResolver : ControllerAdvice beans: 1 @ExceptionHandler, 1 ResponseBodyAdvice
2026-04-14T13:49:59.587-04:00  INFO 69364 --- [dsp-demo-project] [restartedMain] o.s.boot.tomcat.TomcatWebServer          : Tomcat started on port 8080 (http) with context path '/'
2026-04-14T13:49:59.588-04:00  INFO 69364 --- [dsp-demo-project] [restartedMain] c.e.d.DspDemoProjectApplication          : Started DspDemoProjectApplication in 1.044 seconds (process running for 2191.983)
2026-04-14T13:49:59.589-04:00  INFO 69364 --- [dsp-demo-project] [restartedMain] .ConditionEvaluationDeltaLoggingListener : Condition evaluation unchanged
2026-04-14T13:50:05.033-04:00  INFO 69364 --- [dsp-demo-project] [File Watcher] rtingClassPathChangeChangedEventListener : Restarting due to 1 class path change (1 addition, 0 deletions, 0 modifications)
2026-04-14T13:50:05.035-04:00  INFO 69364 --- [dsp-demo-project] [Thread-53] o.s.boot.tomcat.GracefulShutdown         : Commencing graceful shutdown. Waiting for active requests to complete
2026-04-14T13:50:05.039-04:00  INFO 69364 --- [dsp-demo-project] [tomcat-shutdown] o.s.boot.tomcat.GracefulShutdown         : Graceful shutdown complete
2026-04-14T13:50:05.041-04:00  INFO 69364 --- [dsp-demo-project] [Thread-53] j.LocalContainerEntityManagerFactoryBean : Closing JPA EntityManagerFactory for persistence unit 'default'
2026-04-14T13:50:05.041-04:00  INFO 69364 --- [dsp-demo-project] [Thread-53] com.zaxxer.hikari.HikariDataSource       : HikariPool-14 - Shutdown initiated...
2026-04-14T13:50:05.364-04:00  INFO 69364 --- [dsp-demo-project] [Thread-53] com.zaxxer.hikari.HikariDataSource       : HikariPool-14 - Shutdown completed.
2026-04-14T13:50:05.412-04:00  INFO 69364 --- [dsp-demo-project] [restartedMain] c.e.d.DspDemoProjectApplication          : Starting DspDemoProjectApplication using Java 17.0.18 with PID 69364 (/Users/garygz/IdeaProjects/dsp-demo-project/build/classes/java/main started by garygz in /Users/garygz/IdeaProjects/dsp-demo-project)
2026-04-14T13:50:05.412-04:00 DEBUG 69364 --- [dsp-demo-project] [restartedMain] c.e.d.DspDemoProjectApplication          : Running with Spring Boot v4.0.5, Spring v7.0.6
2026-04-14T13:50:05.412-04:00  INFO 69364 --- [dsp-demo-project] [restartedMain] c.e.d.DspDemoProjectApplication          : No active profile set, falling back to 1 default profile: "default"
2026-04-14T13:50:05.450-04:00  INFO 69364 --- [dsp-demo-project] [restartedMain] .s.d.r.c.RepositoryConfigurationDelegate : Bootstrapping Spring Data JPA repositories in DEFAULT mode.
2026-04-14T13:50:05.453-04:00  INFO 69364 --- [dsp-demo-project] [restartedMain] .s.d.r.c.RepositoryConfigurationDelegate : Finished Spring Data repository scanning in 2 ms. Found 2 JPA repository interfaces.
2026-04-14T13:50:05.479-04:00  INFO 69364 --- [dsp-demo-project] [restartedMain] o.s.boot.tomcat.TomcatWebServer          : Tomcat initialized with port 8080 (http)
2026-04-14T13:50:05.480-04:00  INFO 69364 --- [dsp-demo-project] [restartedMain] o.apache.catalina.core.StandardService   : Starting service [Tomcat]
2026-04-14T13:50:05.480-04:00  INFO 69364 --- [dsp-demo-project] [restartedMain] o.apache.catalina.core.StandardEngine    : Starting Servlet engine: [Apache Tomcat/11.0.20]
2026-04-14T13:50:05.483-04:00  INFO 69364 --- [dsp-demo-project] [restartedMain] b.w.c.s.WebApplicationContextInitializer : Root WebApplicationContext: initialization completed in 71 ms
2026-04-14T13:50:05.495-04:00  INFO 69364 --- [dsp-demo-project] [restartedMain] org.hibernate.orm.jpa                    : HHH008540: Processing PersistenceUnitInfo [name: default]
2026-04-14T13:50:05.504-04:00  INFO 69364 --- [dsp-demo-project] [restartedMain] o.s.o.j.p.SpringPersistenceUnitInfo      : No LoadTimeWeaver setup: ignoring JPA class transformer
2026-04-14T13:50:05.504-04:00  INFO 69364 --- [dsp-demo-project] [restartedMain] com.zaxxer.hikari.HikariDataSource       : HikariPool-15 - Starting...
2026-04-14T13:50:05.826-04:00  INFO 69364 --- [dsp-demo-project] [restartedMain] com.zaxxer.hikari.pool.HikariPool        : HikariPool-15 - Added connection org.postgresql.jdbc.PgConnection@44552263
2026-04-14T13:50:05.826-04:00  INFO 69364 --- [dsp-demo-project] [restartedMain] com.zaxxer.hikari.HikariDataSource       : HikariPool-15 - Start completed.
2026-04-14T13:50:05.858-04:00  WARN 69364 --- [dsp-demo-project] [restartedMain] org.hibernate.orm.deprecation            : HHH90000025: PostgreSQLDialect does not need to be specified explicitly using 'hibernate.dialect' (remove the property setting and it will be selected by default)
2026-04-14T13:50:05.996-04:00  INFO 69364 --- [dsp-demo-project] [restartedMain] org.hibernate.orm.connections.pooling    : HHH10001005: Database info:
	Database JDBC URL [jdbc:postgresql://dsp-demo-1.cwomfw6wy9rv.us-east-1.rds.amazonaws.com:5432/postgres?sslmode=verify-full&sslrootcert=./global-bundle.pem]
	Database driver: PostgreSQL JDBC Driver
	Database dialect: PostgreSQLDialect
	Database version: 17.6
	Default catalog/schema: postgres/public
	Autocommit mode: undefined/unknown
	Isolation level: READ_COMMITTED [default READ_COMMITTED]
	JDBC fetch size: none
	Pool: DataSourceConnectionProvider
	Minimum pool size: undefined/unknown
	Maximum pool size: undefined/unknown
2026-04-14T13:50:06.026-04:00  INFO 69364 --- [dsp-demo-project] [restartedMain] org.hibernate.orm.core                   : HHH000489: No JTA platform available (set 'hibernate.transaction.jta.platform' to enable JTA platform integration)
2026-04-14T13:50:06.264-04:00  INFO 69364 --- [dsp-demo-project] [restartedMain] j.LocalContainerEntityManagerFactoryBean : Initialized JPA EntityManagerFactory for persistence unit 'default'
2026-04-14T13:50:06.298-04:00  WARN 69364 --- [dsp-demo-project] [restartedMain] JpaBaseConfiguration$JpaWebConfiguration : spring.jpa.open-in-view is enabled by default. Therefore, database queries may be performed during view rendering. Explicitly configure spring.jpa.open-in-view to disable this warning
2026-04-14T13:50:06.315-04:00 DEBUG 69364 --- [dsp-demo-project] [restartedMain] s.w.s.m.m.a.RequestMappingHandlerMapping : 6 mappings in 'requestMappingHandlerMapping'
2026-04-14T13:50:06.320-04:00 DEBUG 69364 --- [dsp-demo-project] [restartedMain] o.s.w.s.handler.SimpleUrlHandlerMapping  : Patterns [/webjars/**, /**] in 'resourceHandlerMapping'
2026-04-14T13:50:06.323-04:00 DEBUG 69364 --- [dsp-demo-project] [restartedMain] s.w.s.m.m.a.RequestMappingHandlerAdapter : ControllerAdvice beans: 0 @ModelAttribute, 0 @InitBinder, 2 RequestBodyAdvice, 1 ResponseBodyAdvice
2026-04-14T13:50:06.327-04:00 DEBUG 69364 --- [dsp-demo-project] [restartedMain] .m.m.a.ExceptionHandlerExceptionResolver : ControllerAdvice beans: 1 @ExceptionHandler, 1 ResponseBodyAdvice
2026-04-14T13:50:06.340-04:00  INFO 69364 --- [dsp-demo-project] [restartedMain] o.s.boot.tomcat.TomcatWebServer          : Tomcat started on port 8080 (http) with context path '/'
2026-04-14T13:50:06.341-04:00  INFO 69364 --- [dsp-demo-project] [restartedMain] c.e.d.DspDemoProjectApplication          : Started DspDemoProjectApplication in 0.937 seconds (process running for 2198.735)
2026-04-14T13:50:06.341-04:00  INFO 69364 --- [dsp-demo-project] [restartedMain] .ConditionEvaluationDeltaLoggingListener : Condition evaluation unchanged
2026-04-14T13:51:48.938-04:00  INFO 69364 --- [dsp-demo-project] [SpringApplicationShutdownHook] o.s.boot.tomcat.GracefulShutdown         : Commencing graceful shutdown. Waiting for active requests to complete
2026-04-14T13:51:48.941-04:00  INFO 69364 --- [dsp-demo-project] [tomcat-shutdown] o.s.boot.tomcat.GracefulShutdown         : Graceful shutdown complete
2026-04-14T13:51:48.943-04:00  INFO 69364 --- [dsp-demo-project] [SpringApplicationShutdownHook] j.LocalContainerEntityManagerFactoryBean : Closing JPA EntityManagerFactory for persistence unit 'default'
2026-04-14T13:51:48.944-04:00  INFO 69364 --- [dsp-demo-project] [SpringApplicationShutdownHook] com.zaxxer.hikari.HikariDataSource       : HikariPool-15 - Shutdown initiated...
2026-04-14T13:51:49.266-04:00  INFO 69364 --- [dsp-demo-project] [SpringApplicationShutdownHook] com.zaxxer.hikari.HikariDataSource       : HikariPool-15 - Shutdown completed.
2026-04-14T13:52:18.588-04:00  INFO 69936 --- [dsp-demo-project] [restartedMain] c.e.d.DspDemoProjectApplication          : Starting DspDemoProjectApplication using Java 17.0.18 with PID 69936 (/Users/garygz/IdeaProjects/dsp-demo-project/build/classes/java/main started by garygz in /Users/garygz/IdeaProjects/dsp-demo-project)
2026-04-14T13:52:18.589-04:00 DEBUG 69936 --- [dsp-demo-project] [restartedMain] c.e.d.DspDemoProjectApplication          : Running with Spring Boot v4.0.5, Spring v7.0.6
2026-04-14T13:52:18.590-04:00  INFO 69936 --- [dsp-demo-project] [restartedMain] c.e.d.DspDemoProjectApplication          : No active profile set, falling back to 1 default profile: "default"
2026-04-14T13:52:18.606-04:00  INFO 69936 --- [dsp-demo-project] [restartedMain] .e.DevToolsPropertyDefaultsPostProcessor : Devtools property defaults active! Set 'spring.devtools.add-properties' to 'false' to disable
2026-04-14T13:52:18.606-04:00  INFO 69936 --- [dsp-demo-project] [restartedMain] .e.DevToolsPropertyDefaultsPostProcessor : For additional web related logging consider setting the 'logging.level.web' property to 'DEBUG'
2026-04-14T13:52:18.829-04:00  INFO 69936 --- [dsp-demo-project] [restartedMain] .s.d.r.c.RepositoryConfigurationDelegate : Bootstrapping Spring Data JPA repositories in DEFAULT mode.
2026-04-14T13:52:18.848-04:00  INFO 69936 --- [dsp-demo-project] [restartedMain] .s.d.r.c.RepositoryConfigurationDelegate : Finished Spring Data repository scanning in 15 ms. Found 2 JPA repository interfaces.
2026-04-14T13:52:19.008-04:00  INFO 69936 --- [dsp-demo-project] [restartedMain] o.s.boot.tomcat.TomcatWebServer          : Tomcat initialized with port 8080 (http)
2026-04-14T13:52:19.013-04:00  INFO 69936 --- [dsp-demo-project] [restartedMain] o.apache.catalina.core.StandardService   : Starting service [Tomcat]
2026-04-14T13:52:19.013-04:00  INFO 69936 --- [dsp-demo-project] [restartedMain] o.apache.catalina.core.StandardEngine    : Starting Servlet engine: [Apache Tomcat/11.0.20]
2026-04-14T13:52:19.026-04:00  INFO 69936 --- [dsp-demo-project] [restartedMain] b.w.c.s.WebApplicationContextInitializer : Root WebApplicationContext: initialization completed in 420 ms
2026-04-14T13:52:19.097-04:00  INFO 69936 --- [dsp-demo-project] [restartedMain] org.hibernate.orm.jpa                    : HHH008540: Processing PersistenceUnitInfo [name: default]
2026-04-14T13:52:19.129-04:00  INFO 69936 --- [dsp-demo-project] [restartedMain] org.hibernate.orm.core                   : HHH000001: Hibernate ORM core version 7.2.7.Final
2026-04-14T13:52:19.320-04:00  INFO 69936 --- [dsp-demo-project] [restartedMain] o.s.o.j.p.SpringPersistenceUnitInfo      : No LoadTimeWeaver setup: ignoring JPA class transformer
2026-04-14T13:52:19.336-04:00  INFO 69936 --- [dsp-demo-project] [restartedMain] com.zaxxer.hikari.HikariDataSource       : HikariPool-1 - Starting...
2026-04-14T13:52:19.836-04:00  INFO 69936 --- [dsp-demo-project] [restartedMain] com.zaxxer.hikari.pool.HikariPool        : HikariPool-1 - Added connection org.postgresql.jdbc.PgConnection@6224e321
2026-04-14T13:52:19.837-04:00  INFO 69936 --- [dsp-demo-project] [restartedMain] com.zaxxer.hikari.HikariDataSource       : HikariPool-1 - Start completed.
2026-04-14T13:52:19.890-04:00  WARN 69936 --- [dsp-demo-project] [restartedMain] org.hibernate.orm.deprecation            : HHH90000025: PostgreSQLDialect does not need to be specified explicitly using 'hibernate.dialect' (remove the property setting and it will be selected by default)
2026-04-14T13:52:20.030-04:00  INFO 69936 --- [dsp-demo-project] [restartedMain] org.hibernate.orm.connections.pooling    : HHH10001005: Database info:
	Database JDBC URL [jdbc:postgresql://dsp-demo-1.cwomfw6wy9rv.us-east-1.rds.amazonaws.com:5432/postgres?sslmode=verify-full&sslrootcert=./global-bundle.pem]
	Database driver: PostgreSQL JDBC Driver
	Database dialect: PostgreSQLDialect
	Database version: 17.6
	Default catalog/schema: postgres/public
	Autocommit mode: undefined/unknown
	Isolation level: READ_COMMITTED [default READ_COMMITTED]
	JDBC fetch size: none
	Pool: DataSourceConnectionProvider
	Minimum pool size: undefined/unknown
	Maximum pool size: undefined/unknown
2026-04-14T13:52:20.436-04:00  INFO 69936 --- [dsp-demo-project] [restartedMain] org.hibernate.orm.core                   : HHH000489: No JTA platform available (set 'hibernate.transaction.jta.platform' to enable JTA platform integration)
2026-04-14T13:52:20.687-04:00  INFO 69936 --- [dsp-demo-project] [restartedMain] j.LocalContainerEntityManagerFactoryBean : Initialized JPA EntityManagerFactory for persistence unit 'default'
2026-04-14T13:52:20.736-04:00  INFO 69936 --- [dsp-demo-project] [restartedMain] o.s.d.j.r.query.QueryEnhancerFactories   : Hibernate is in classpath; If applicable, HQL parser will be used.
2026-04-14T13:52:20.818-04:00  WARN 69936 --- [dsp-demo-project] [restartedMain] JpaBaseConfiguration$JpaWebConfiguration : spring.jpa.open-in-view is enabled by default. Therefore, database queries may be performed during view rendering. Explicitly configure spring.jpa.open-in-view to disable this warning
2026-04-14T13:52:20.869-04:00 DEBUG 69936 --- [dsp-demo-project] [restartedMain] s.w.s.m.m.a.RequestMappingHandlerMapping : 6 mappings in 'requestMappingHandlerMapping'
2026-04-14T13:52:20.880-04:00 DEBUG 69936 --- [dsp-demo-project] [restartedMain] o.s.w.s.handler.SimpleUrlHandlerMapping  : Patterns [/webjars/**, /**] in 'resourceHandlerMapping'
2026-04-14T13:52:20.889-04:00 DEBUG 69936 --- [dsp-demo-project] [restartedMain] s.w.s.m.m.a.RequestMappingHandlerAdapter : ControllerAdvice beans: 0 @ModelAttribute, 0 @InitBinder, 2 RequestBodyAdvice, 1 ResponseBodyAdvice
2026-04-14T13:52:20.906-04:00 DEBUG 69936 --- [dsp-demo-project] [restartedMain] .m.m.a.ExceptionHandlerExceptionResolver : ControllerAdvice beans: 1 @ExceptionHandler, 1 ResponseBodyAdvice
2026-04-14T13:52:20.959-04:00  INFO 69936 --- [dsp-demo-project] [restartedMain] o.s.boot.tomcat.TomcatWebServer          : Tomcat started on port 8080 (http) with context path '/'
2026-04-14T13:52:20.962-04:00  INFO 69936 --- [dsp-demo-project] [restartedMain] c.e.d.DspDemoProjectApplication          : Started DspDemoProjectApplication in 2.516 seconds (process running for 2.757)
2026-04-14T13:52:22.349-04:00  INFO 69936 --- [dsp-demo-project] [File Watcher] rtingClassPathChangeChangedEventListener : Restarting due to 2 class path changes (0 additions, 0 deletions, 2 modifications)
2026-04-14T13:52:22.353-04:00  INFO 69936 --- [dsp-demo-project] [Thread-1] o.s.boot.tomcat.GracefulShutdown         : Commencing graceful shutdown. Waiting for active requests to complete
2026-04-14T13:52:22.359-04:00  INFO 69936 --- [dsp-demo-project] [tomcat-shutdown] o.s.boot.tomcat.GracefulShutdown         : Graceful shutdown complete
2026-04-14T13:52:22.363-04:00  INFO 69936 --- [dsp-demo-project] [Thread-1] j.LocalContainerEntityManagerFactoryBean : Closing JPA EntityManagerFactory for persistence unit 'default'
2026-04-14T13:52:22.366-04:00  INFO 69936 --- [dsp-demo-project] [Thread-1] com.zaxxer.hikari.HikariDataSource       : HikariPool-1 - Shutdown initiated...
2026-04-14T13:52:22.678-04:00  INFO 69936 --- [dsp-demo-project] [Thread-1] com.zaxxer.hikari.HikariDataSource       : HikariPool-1 - Shutdown completed.
2026-04-14T13:52:22.738-04:00  INFO 69936 --- [dsp-demo-project] [restartedMain] c.e.d.DspDemoProjectApplication          : Starting DspDemoProjectApplication using Java 17.0.18 with PID 69936 (/Users/garygz/IdeaProjects/dsp-demo-project/build/classes/java/main started by garygz in /Users/garygz/IdeaProjects/dsp-demo-project)
2026-04-14T13:52:22.738-04:00 DEBUG 69936 --- [dsp-demo-project] [restartedMain] c.e.d.DspDemoProjectApplication          : Running with Spring Boot v4.0.5, Spring v7.0.6
2026-04-14T13:52:22.738-04:00  INFO 69936 --- [dsp-demo-project] [restartedMain] c.e.d.DspDemoProjectApplication          : No active profile set, falling back to 1 default profile: "default"
2026-04-14T13:52:22.788-04:00  INFO 69936 --- [dsp-demo-project] [restartedMain] .s.d.r.c.RepositoryConfigurationDelegate : Bootstrapping Spring Data JPA repositories in DEFAULT mode.
2026-04-14T13:52:22.793-04:00  INFO 69936 --- [dsp-demo-project] [restartedMain] .s.d.r.c.RepositoryConfigurationDelegate : Finished Spring Data repository scanning in 3 ms. Found 2 JPA repository interfaces.
2026-04-14T13:52:22.825-04:00  INFO 69936 --- [dsp-demo-project] [restartedMain] o.s.boot.tomcat.TomcatWebServer          : Tomcat initialized with port 8080 (http)
2026-04-14T13:52:22.825-04:00  INFO 69936 --- [dsp-demo-project] [restartedMain] o.apache.catalina.core.StandardService   : Starting service [Tomcat]
2026-04-14T13:52:22.825-04:00  INFO 69936 --- [dsp-demo-project] [restartedMain] o.apache.catalina.core.StandardEngine    : Starting Servlet engine: [Apache Tomcat/11.0.20]
2026-04-14T13:52:22.830-04:00  INFO 69936 --- [dsp-demo-project] [restartedMain] b.w.c.s.WebApplicationContextInitializer : Root WebApplicationContext: initialization completed in 91 ms
2026-04-14T13:52:22.844-04:00  INFO 69936 --- [dsp-demo-project] [restartedMain] org.hibernate.orm.jpa                    : HHH008540: Processing PersistenceUnitInfo [name: default]
2026-04-14T13:52:22.857-04:00  INFO 69936 --- [dsp-demo-project] [restartedMain] o.s.o.j.p.SpringPersistenceUnitInfo      : No LoadTimeWeaver setup: ignoring JPA class transformer
2026-04-14T13:52:22.858-04:00  INFO 69936 --- [dsp-demo-project] [restartedMain] com.zaxxer.hikari.HikariDataSource       : HikariPool-2 - Starting...
2026-04-14T13:52:23.161-04:00  INFO 69936 --- [dsp-demo-project] [restartedMain] com.zaxxer.hikari.pool.HikariPool        : HikariPool-2 - Added connection org.postgresql.jdbc.PgConnection@49b60c87
2026-04-14T13:52:23.162-04:00  INFO 69936 --- [dsp-demo-project] [restartedMain] com.zaxxer.hikari.HikariDataSource       : HikariPool-2 - Start completed.
2026-04-14T13:52:23.194-04:00  WARN 69936 --- [dsp-demo-project] [restartedMain] org.hibernate.orm.deprecation            : HHH90000025: PostgreSQLDialect does not need to be specified explicitly using 'hibernate.dialect' (remove the property setting and it will be selected by default)
2026-04-14T13:52:23.317-04:00  INFO 69936 --- [dsp-demo-project] [restartedMain] org.hibernate.orm.connections.pooling    : HHH10001005: Database info:
	Database JDBC URL [jdbc:postgresql://dsp-demo-1.cwomfw6wy9rv.us-east-1.rds.amazonaws.com:5432/postgres?sslmode=verify-full&sslrootcert=./global-bundle.pem]
	Database driver: PostgreSQL JDBC Driver
	Database dialect: PostgreSQLDialect
	Database version: 17.6
	Default catalog/schema: postgres/public
	Autocommit mode: undefined/unknown
	Isolation level: READ_COMMITTED [default READ_COMMITTED]
	JDBC fetch size: none
	Pool: DataSourceConnectionProvider
	Minimum pool size: undefined/unknown
	Maximum pool size: undefined/unknown
2026-04-14T13:52:23.371-04:00  INFO 69936 --- [dsp-demo-project] [restartedMain] org.hibernate.orm.core                   : HHH000489: No JTA platform available (set 'hibernate.transaction.jta.platform' to enable JTA platform integration)
2026-04-14T13:52:23.601-04:00  INFO 69936 --- [dsp-demo-project] [restartedMain] j.LocalContainerEntityManagerFactoryBean : Initialized JPA EntityManagerFactory for persistence unit 'default'
2026-04-14T13:52:23.649-04:00  WARN 69936 --- [dsp-demo-project] [restartedMain] JpaBaseConfiguration$JpaWebConfiguration : spring.jpa.open-in-view is enabled by default. Therefore, database queries may be performed during view rendering. Explicitly configure spring.jpa.open-in-view to disable this warning
2026-04-14T13:52:23.670-04:00 DEBUG 69936 --- [dsp-demo-project] [restartedMain] s.w.s.m.m.a.RequestMappingHandlerMapping : 6 mappings in 'requestMappingHandlerMapping'
2026-04-14T13:52:23.675-04:00 DEBUG 69936 --- [dsp-demo-project] [restartedMain] o.s.w.s.handler.SimpleUrlHandlerMapping  : Patterns [/webjars/**, /**] in 'resourceHandlerMapping'
2026-04-14T13:52:23.678-04:00 DEBUG 69936 --- [dsp-demo-project] [restartedMain] s.w.s.m.m.a.RequestMappingHandlerAdapter : ControllerAdvice beans: 0 @ModelAttribute, 0 @InitBinder, 2 RequestBodyAdvice, 1 ResponseBodyAdvice
2026-04-14T13:52:23.682-04:00 DEBUG 69936 --- [dsp-demo-project] [restartedMain] .m.m.a.ExceptionHandlerExceptionResolver : ControllerAdvice beans: 1 @ExceptionHandler, 1 ResponseBodyAdvice
2026-04-14T13:52:23.697-04:00  INFO 69936 --- [dsp-demo-project] [restartedMain] o.s.boot.tomcat.TomcatWebServer          : Tomcat started on port 8080 (http) with context path '/'
2026-04-14T13:52:23.699-04:00  INFO 69936 --- [dsp-demo-project] [restartedMain] c.e.d.DspDemoProjectApplication          : Started DspDemoProjectApplication in 0.974 seconds (process running for 5.494)
2026-04-14T13:52:23.700-04:00  INFO 69936 --- [dsp-demo-project] [restartedMain] .ConditionEvaluationDeltaLoggingListener : Condition evaluation unchanged
2026-04-14T13:52:29.441-04:00  INFO 69936 --- [dsp-demo-project] [http-nio-8080-exec-1] o.a.c.c.C.[Tomcat].[localhost].[/]       : Initializing Spring DispatcherServlet 'dispatcherServlet'
2026-04-14T13:52:29.442-04:00  INFO 69936 --- [dsp-demo-project] [http-nio-8080-exec-1] o.s.web.servlet.DispatcherServlet        : Initializing Servlet 'dispatcherServlet'
2026-04-14T13:52:29.442-04:00 DEBUG 69936 --- [dsp-demo-project] [http-nio-8080-exec-1] o.s.web.servlet.DispatcherServlet        : Detected StandardServletMultipartResolver
2026-04-14T13:52:29.442-04:00 DEBUG 69936 --- [dsp-demo-project] [http-nio-8080-exec-1] o.s.web.servlet.DispatcherServlet        : Detected AcceptHeaderLocaleResolver
2026-04-14T13:52:29.442-04:00 DEBUG 69936 --- [dsp-demo-project] [http-nio-8080-exec-1] o.s.web.servlet.DispatcherServlet        : Detected org.springframework.web.servlet.view.DefaultRequestToViewNameTranslator@1d14293e
2026-04-14T13:52:29.442-04:00 DEBUG 69936 --- [dsp-demo-project] [http-nio-8080-exec-1] o.s.web.servlet.DispatcherServlet        : Detected org.springframework.web.servlet.support.SessionFlashMapManager@32b6f507
2026-04-14T13:52:29.442-04:00 DEBUG 69936 --- [dsp-demo-project] [http-nio-8080-exec-1] o.s.web.servlet.DispatcherServlet        : enableLoggingRequestDetails='false': request parameters and headers will be masked to prevent unsafe logging of potentially sensitive data
2026-04-14T13:52:29.443-04:00  INFO 69936 --- [dsp-demo-project] [http-nio-8080-exec-1] o.s.web.servlet.DispatcherServlet        : Completed initialization in 1 ms
2026-04-14T13:52:29.452-04:00 DEBUG 69936 --- [dsp-demo-project] [http-nio-8080-exec-1] o.s.web.servlet.DispatcherServlet        : POST "/advertisers", parameters={}
2026-04-14T13:52:29.459-04:00 DEBUG 69936 --- [dsp-demo-project] [http-nio-8080-exec-1] s.w.s.m.m.a.RequestMappingHandlerMapping : Mapped to controller.com.garygz.dspdemoproject.RestEndpointController#addAdvertiser(Advertiser)
2026-04-14T13:52:29.502-04:00 DEBUG 69936 --- [dsp-demo-project] [http-nio-8080-exec-1] m.m.a.RequestResponseBodyMethodProcessor : Read "application/json;charset=UTF-8" to [entity.com.garygz.dspdemoproject.Advertiser@3bdea7a0]
2026-04-14T13:52:29.864-04:00 DEBUG 69936 --- [dsp-demo-project] [http-nio-8080-exec-1] .m.m.a.ExceptionHandlerExceptionResolver : Using @ExceptionHandler controller.com.garygz.dspdemoproject.GlobalExceptionHandler#handleGeneric(Exception)
2026-04-14T13:52:29.869-04:00 DEBUG 69936 --- [dsp-demo-project] [http-nio-8080-exec-1] o.s.w.s.m.m.a.HttpEntityMethodProcessor  : Using 'text/plain', given [*/*] and supported [text/plain, */*, application/json, application/*+json]
2026-04-14T13:52:29.870-04:00 DEBUG 69936 --- [dsp-demo-project] [http-nio-8080-exec-1] o.s.w.s.m.m.a.HttpEntityMethodProcessor  : Writing ["Something went wrong"]
2026-04-14T13:52:29.872-04:00  WARN 69936 --- [dsp-demo-project] [http-nio-8080-exec-1] .m.m.a.ExceptionHandlerExceptionResolver : Resolved [org.springframework.orm.ObjectOptimisticLockingFailureException: Row was already updated or deleted by another transaction for entity [entity.com.garygz.dspdemoproject.Advertiser with id '350a2f65-c60a-4cbb-a328-480dcf3f85e2']]
2026-04-14T13:52:29.873-04:00 DEBUG 69936 --- [dsp-demo-project] [http-nio-8080-exec-1] o.s.web.servlet.DispatcherServlet        : Completed 500 INTERNAL_SERVER_ERROR
2026-04-14T13:54:14.099-04:00  INFO 69936 --- [dsp-demo-project] [SpringApplicationShutdownHook] o.s.boot.tomcat.GracefulShutdown         : Commencing graceful shutdown. Waiting for active requests to complete
2026-04-14T13:54:14.101-04:00  INFO 69936 --- [dsp-demo-project] [tomcat-shutdown] o.s.boot.tomcat.GracefulShutdown         : Graceful shutdown complete
2026-04-14T13:54:14.102-04:00  INFO 69936 --- [dsp-demo-project] [SpringApplicationShutdownHook] j.LocalContainerEntityManagerFactoryBean : Closing JPA EntityManagerFactory for persistence unit 'default'
2026-04-14T13:54:14.103-04:00  INFO 69936 --- [dsp-demo-project] [SpringApplicationShutdownHook] com.zaxxer.hikari.HikariDataSource       : HikariPool-2 - Shutdown initiated...
2026-04-14T13:54:14.423-04:00  INFO 69936 --- [dsp-demo-project] [SpringApplicationShutdownHook] com.zaxxer.hikari.HikariDataSource       : HikariPool-2 - Shutdown completed.
2026-04-14T13:54:15.652-04:00  INFO 69978 --- [dsp-demo-project] [restartedMain] c.e.d.DspDemoProjectApplication          : Starting DspDemoProjectApplication using Java 17.0.18 with PID 69978 (/Users/garygz/IdeaProjects/dsp-demo-project/build/classes/java/main started by garygz in /Users/garygz/IdeaProjects/dsp-demo-project)
2026-04-14T13:54:15.653-04:00 DEBUG 69978 --- [dsp-demo-project] [restartedMain] c.e.d.DspDemoProjectApplication          : Running with Spring Boot v4.0.5, Spring v7.0.6
2026-04-14T13:54:15.653-04:00  INFO 69978 --- [dsp-demo-project] [restartedMain] c.e.d.DspDemoProjectApplication          : No active profile set, falling back to 1 default profile: "default"
2026-04-14T13:54:15.668-04:00  INFO 69978 --- [dsp-demo-project] [restartedMain] .e.DevToolsPropertyDefaultsPostProcessor : Devtools property defaults active! Set 'spring.devtools.add-properties' to 'false' to disable
2026-04-14T13:54:15.668-04:00  INFO 69978 --- [dsp-demo-project] [restartedMain] .e.DevToolsPropertyDefaultsPostProcessor : For additional web related logging consider setting the 'logging.level.web' property to 'DEBUG'
2026-04-14T13:54:15.877-04:00  INFO 69978 --- [dsp-demo-project] [restartedMain] .s.d.r.c.RepositoryConfigurationDelegate : Bootstrapping Spring Data JPA repositories in DEFAULT mode.
2026-04-14T13:54:15.907-04:00  INFO 69978 --- [dsp-demo-project] [restartedMain] .s.d.r.c.RepositoryConfigurationDelegate : Finished Spring Data repository scanning in 26 ms. Found 2 JPA repository interfaces.
2026-04-14T13:54:16.065-04:00  INFO 69978 --- [dsp-demo-project] [restartedMain] o.s.boot.tomcat.TomcatWebServer          : Tomcat initialized with port 8080 (http)
2026-04-14T13:54:16.069-04:00  INFO 69978 --- [dsp-demo-project] [restartedMain] o.apache.catalina.core.StandardService   : Starting service [Tomcat]
2026-04-14T13:54:16.070-04:00  INFO 69978 --- [dsp-demo-project] [restartedMain] o.apache.catalina.core.StandardEngine    : Starting Servlet engine: [Apache Tomcat/11.0.20]
2026-04-14T13:54:16.083-04:00  INFO 69978 --- [dsp-demo-project] [restartedMain] b.w.c.s.WebApplicationContextInitializer : Root WebApplicationContext: initialization completed in 414 ms
2026-04-14T13:54:16.151-04:00  INFO 69978 --- [dsp-demo-project] [restartedMain] org.hibernate.orm.jpa                    : HHH008540: Processing PersistenceUnitInfo [name: default]
2026-04-14T13:54:16.174-04:00  INFO 69978 --- [dsp-demo-project] [restartedMain] org.hibernate.orm.core                   : HHH000001: Hibernate ORM core version 7.2.7.Final
2026-04-14T13:54:16.346-04:00  INFO 69978 --- [dsp-demo-project] [restartedMain] o.s.o.j.p.SpringPersistenceUnitInfo      : No LoadTimeWeaver setup: ignoring JPA class transformer
2026-04-14T13:54:16.358-04:00  INFO 69978 --- [dsp-demo-project] [restartedMain] com.zaxxer.hikari.HikariDataSource       : HikariPool-1 - Starting...
2026-04-14T13:54:16.879-04:00  INFO 69978 --- [dsp-demo-project] [restartedMain] com.zaxxer.hikari.pool.HikariPool        : HikariPool-1 - Added connection org.postgresql.jdbc.PgConnection@dbaa12d
2026-04-14T13:54:16.880-04:00  INFO 69978 --- [dsp-demo-project] [restartedMain] com.zaxxer.hikari.HikariDataSource       : HikariPool-1 - Start completed.
2026-04-14T13:54:16.932-04:00  WARN 69978 --- [dsp-demo-project] [restartedMain] org.hibernate.orm.deprecation            : HHH90000025: PostgreSQLDialect does not need to be specified explicitly using 'hibernate.dialect' (remove the property setting and it will be selected by default)
2026-04-14T13:54:17.067-04:00  INFO 69978 --- [dsp-demo-project] [restartedMain] org.hibernate.orm.connections.pooling    : HHH10001005: Database info:
	Database JDBC URL [jdbc:postgresql://dsp-demo-1.cwomfw6wy9rv.us-east-1.rds.amazonaws.com:5432/postgres?sslmode=verify-full&sslrootcert=./global-bundle.pem]
	Database driver: PostgreSQL JDBC Driver
	Database dialect: PostgreSQLDialect
	Database version: 17.6
	Default catalog/schema: postgres/public
	Autocommit mode: undefined/unknown
	Isolation level: READ_COMMITTED [default READ_COMMITTED]
	JDBC fetch size: none
	Pool: DataSourceConnectionProvider
	Minimum pool size: undefined/unknown
	Maximum pool size: undefined/unknown
2026-04-14T13:54:17.499-04:00  INFO 69978 --- [dsp-demo-project] [restartedMain] org.hibernate.orm.core                   : HHH000489: No JTA platform available (set 'hibernate.transaction.jta.platform' to enable JTA platform integration)
2026-04-14T13:54:17.758-04:00  INFO 69978 --- [dsp-demo-project] [restartedMain] j.LocalContainerEntityManagerFactoryBean : Initialized JPA EntityManagerFactory for persistence unit 'default'
2026-04-14T13:54:17.793-04:00  INFO 69978 --- [dsp-demo-project] [restartedMain] o.s.d.j.r.query.QueryEnhancerFactories   : Hibernate is in classpath; If applicable, HQL parser will be used.
2026-04-14T13:54:17.873-04:00  WARN 69978 --- [dsp-demo-project] [restartedMain] JpaBaseConfiguration$JpaWebConfiguration : spring.jpa.open-in-view is enabled by default. Therefore, database queries may be performed during view rendering. Explicitly configure spring.jpa.open-in-view to disable this warning
2026-04-14T13:54:17.923-04:00 DEBUG 69978 --- [dsp-demo-project] [restartedMain] s.w.s.m.m.a.RequestMappingHandlerMapping : 6 mappings in 'requestMappingHandlerMapping'
2026-04-14T13:54:17.935-04:00 DEBUG 69978 --- [dsp-demo-project] [restartedMain] o.s.w.s.handler.SimpleUrlHandlerMapping  : Patterns [/webjars/**, /**] in 'resourceHandlerMapping'
2026-04-14T13:54:17.944-04:00 DEBUG 69978 --- [dsp-demo-project] [restartedMain] s.w.s.m.m.a.RequestMappingHandlerAdapter : ControllerAdvice beans: 0 @ModelAttribute, 0 @InitBinder, 2 RequestBodyAdvice, 1 ResponseBodyAdvice
2026-04-14T13:54:17.963-04:00 DEBUG 69978 --- [dsp-demo-project] [restartedMain] .m.m.a.ExceptionHandlerExceptionResolver : ControllerAdvice beans: 1 @ExceptionHandler, 1 ResponseBodyAdvice
2026-04-14T13:54:18.017-04:00  INFO 69978 --- [dsp-demo-project] [restartedMain] o.s.boot.tomcat.TomcatWebServer          : Tomcat started on port 8080 (http) with context path '/'
2026-04-14T13:54:18.020-04:00  INFO 69978 --- [dsp-demo-project] [restartedMain] c.e.d.DspDemoProjectApplication          : Started DspDemoProjectApplication in 2.51 seconds (process running for 2.732)
2026-04-14T13:54:23.496-04:00  INFO 69978 --- [dsp-demo-project] [http-nio-8080-exec-2] o.a.c.c.C.[Tomcat].[localhost].[/]       : Initializing Spring DispatcherServlet 'dispatcherServlet'
2026-04-14T13:54:23.496-04:00  INFO 69978 --- [dsp-demo-project] [http-nio-8080-exec-2] o.s.web.servlet.DispatcherServlet        : Initializing Servlet 'dispatcherServlet'
2026-04-14T13:54:23.496-04:00 DEBUG 69978 --- [dsp-demo-project] [http-nio-8080-exec-2] o.s.web.servlet.DispatcherServlet        : Detected StandardServletMultipartResolver
2026-04-14T13:54:23.496-04:00 DEBUG 69978 --- [dsp-demo-project] [http-nio-8080-exec-2] o.s.web.servlet.DispatcherServlet        : Detected AcceptHeaderLocaleResolver
2026-04-14T13:54:23.497-04:00 DEBUG 69978 --- [dsp-demo-project] [http-nio-8080-exec-2] o.s.web.servlet.DispatcherServlet        : Detected org.springframework.web.servlet.view.DefaultRequestToViewNameTranslator@314c3c89
2026-04-14T13:54:23.497-04:00 DEBUG 69978 --- [dsp-demo-project] [http-nio-8080-exec-2] o.s.web.servlet.DispatcherServlet        : Detected org.springframework.web.servlet.support.SessionFlashMapManager@7368a73f
2026-04-14T13:54:23.497-04:00 DEBUG 69978 --- [dsp-demo-project] [http-nio-8080-exec-2] o.s.web.servlet.DispatcherServlet        : enableLoggingRequestDetails='false': request parameters and headers will be masked to prevent unsafe logging of potentially sensitive data
2026-04-14T13:54:23.498-04:00  INFO 69978 --- [dsp-demo-project] [http-nio-8080-exec-2] o.s.web.servlet.DispatcherServlet        : Completed initialization in 2 ms
2026-04-14T13:54:23.502-04:00 DEBUG 69978 --- [dsp-demo-project] [http-nio-8080-exec-2] o.s.web.servlet.DispatcherServlet        : POST "/advertisers", parameters={}
2026-04-14T13:54:23.509-04:00 DEBUG 69978 --- [dsp-demo-project] [http-nio-8080-exec-2] s.w.s.m.m.a.RequestMappingHandlerMapping : Mapped to controller.com.garygz.dspdemoproject.RestEndpointController#addAdvertiser(Advertiser)
2026-04-14T13:54:23.552-04:00 DEBUG 69978 --- [dsp-demo-project] [http-nio-8080-exec-2] m.m.a.RequestResponseBodyMethodProcessor : Read "application/json;charset=UTF-8" to [entity.com.garygz.dspdemoproject.Advertiser@75145d6a]
2026-04-14T13:54:23.555-04:00 DEBUG 69978 --- [dsp-demo-project] [http-nio-8080-exec-2] c.e.d.controller.RestEndpointController  : Creating advertiser AdvName4
2026-04-14T13:54:23.894-04:00 DEBUG 69978 --- [dsp-demo-project] [http-nio-8080-exec-2] .m.m.a.ExceptionHandlerExceptionResolver : Using @ExceptionHandler controller.com.garygz.dspdemoproject.GlobalExceptionHandler#handleGeneric(Exception)
2026-04-14T13:54:23.900-04:00 DEBUG 69978 --- [dsp-demo-project] [http-nio-8080-exec-2] o.s.w.s.m.m.a.HttpEntityMethodProcessor  : Using 'text/plain', given [*/*] and supported [text/plain, */*, application/json, application/*+json]
2026-04-14T13:54:23.901-04:00 DEBUG 69978 --- [dsp-demo-project] [http-nio-8080-exec-2] o.s.w.s.m.m.a.HttpEntityMethodProcessor  : Writing ["Something went wrong"]
2026-04-14T13:54:23.903-04:00  WARN 69978 --- [dsp-demo-project] [http-nio-8080-exec-2] .m.m.a.ExceptionHandlerExceptionResolver : Resolved [org.springframework.orm.ObjectOptimisticLockingFailureException: Row was already updated or deleted by another transaction for entity [entity.com.garygz.dspdemoproject.Advertiser with id '6abd0eb7-b1ae-449f-b348-fa63fefbd9c1']]
2026-04-14T13:54:23.904-04:00 DEBUG 69978 --- [dsp-demo-project] [http-nio-8080-exec-2] o.s.web.servlet.DispatcherServlet        : Completed 500 INTERNAL_SERVER_ERROR
2026-04-14T13:56:21.036-04:00  INFO 69978 --- [dsp-demo-project] [SpringApplicationShutdownHook] o.s.boot.tomcat.GracefulShutdown         : Commencing graceful shutdown. Waiting for active requests to complete
2026-04-14T13:56:21.041-04:00  INFO 69978 --- [dsp-demo-project] [tomcat-shutdown] o.s.boot.tomcat.GracefulShutdown         : Graceful shutdown complete
2026-04-14T13:56:21.044-04:00  INFO 69978 --- [dsp-demo-project] [SpringApplicationShutdownHook] j.LocalContainerEntityManagerFactoryBean : Closing JPA EntityManagerFactory for persistence unit 'default'
2026-04-14T13:56:21.048-04:00  INFO 69978 --- [dsp-demo-project] [SpringApplicationShutdownHook] com.zaxxer.hikari.HikariDataSource       : HikariPool-1 - Shutdown initiated...
2026-04-14T13:56:21.374-04:00  INFO 69978 --- [dsp-demo-project] [SpringApplicationShutdownHook] com.zaxxer.hikari.HikariDataSource       : HikariPool-1 - Shutdown completed.
2026-04-14T13:56:22.630-04:00  INFO 70007 --- [dsp-demo-project] [restartedMain] c.e.d.DspDemoProjectApplication          : Starting DspDemoProjectApplication using Java 17.0.18 with PID 70007 (/Users/garygz/IdeaProjects/dsp-demo-project/build/classes/java/main started by garygz in /Users/garygz/IdeaProjects/dsp-demo-project)
2026-04-14T13:56:22.631-04:00 DEBUG 70007 --- [dsp-demo-project] [restartedMain] c.e.d.DspDemoProjectApplication          : Running with Spring Boot v4.0.5, Spring v7.0.6
2026-04-14T13:56:22.631-04:00  INFO 70007 --- [dsp-demo-project] [restartedMain] c.e.d.DspDemoProjectApplication          : No active profile set, falling back to 1 default profile: "default"
2026-04-14T13:56:22.646-04:00  INFO 70007 --- [dsp-demo-project] [restartedMain] .e.DevToolsPropertyDefaultsPostProcessor : Devtools property defaults active! Set 'spring.devtools.add-properties' to 'false' to disable
2026-04-14T13:56:22.646-04:00  INFO 70007 --- [dsp-demo-project] [restartedMain] .e.DevToolsPropertyDefaultsPostProcessor : For additional web related logging consider setting the 'logging.level.web' property to 'DEBUG'
2026-04-14T13:56:22.854-04:00  INFO 70007 --- [dsp-demo-project] [restartedMain] .s.d.r.c.RepositoryConfigurationDelegate : Bootstrapping Spring Data JPA repositories in DEFAULT mode.
2026-04-14T13:56:22.880-04:00  INFO 70007 --- [dsp-demo-project] [restartedMain] .s.d.r.c.RepositoryConfigurationDelegate : Finished Spring Data repository scanning in 20 ms. Found 2 JPA repository interfaces.
2026-04-14T13:56:23.041-04:00  INFO 70007 --- [dsp-demo-project] [restartedMain] o.s.boot.tomcat.TomcatWebServer          : Tomcat initialized with port 8080 (http)
2026-04-14T13:56:23.046-04:00  INFO 70007 --- [dsp-demo-project] [restartedMain] o.apache.catalina.core.StandardService   : Starting service [Tomcat]
2026-04-14T13:56:23.046-04:00  INFO 70007 --- [dsp-demo-project] [restartedMain] o.apache.catalina.core.StandardEngine    : Starting Servlet engine: [Apache Tomcat/11.0.20]
2026-04-14T13:56:23.060-04:00  INFO 70007 --- [dsp-demo-project] [restartedMain] b.w.c.s.WebApplicationContextInitializer : Root WebApplicationContext: initialization completed in 414 ms
2026-04-14T13:56:23.128-04:00  INFO 70007 --- [dsp-demo-project] [restartedMain] org.hibernate.orm.jpa                    : HHH008540: Processing PersistenceUnitInfo [name: default]
2026-04-14T13:56:23.151-04:00  INFO 70007 --- [dsp-demo-project] [restartedMain] org.hibernate.orm.core                   : HHH000001: Hibernate ORM core version 7.2.7.Final
2026-04-14T13:56:23.322-04:00  INFO 70007 --- [dsp-demo-project] [restartedMain] o.s.o.j.p.SpringPersistenceUnitInfo      : No LoadTimeWeaver setup: ignoring JPA class transformer
2026-04-14T13:56:23.336-04:00  INFO 70007 --- [dsp-demo-project] [restartedMain] com.zaxxer.hikari.HikariDataSource       : HikariPool-1 - Starting...
2026-04-14T13:56:23.816-04:00  INFO 70007 --- [dsp-demo-project] [restartedMain] com.zaxxer.hikari.pool.HikariPool        : HikariPool-1 - Added connection org.postgresql.jdbc.PgConnection@32b23d5f
2026-04-14T13:56:23.818-04:00  INFO 70007 --- [dsp-demo-project] [restartedMain] com.zaxxer.hikari.HikariDataSource       : HikariPool-1 - Start completed.
2026-04-14T13:56:23.870-04:00  WARN 70007 --- [dsp-demo-project] [restartedMain] org.hibernate.orm.deprecation            : HHH90000025: PostgreSQLDialect does not need to be specified explicitly using 'hibernate.dialect' (remove the property setting and it will be selected by default)
2026-04-14T13:56:24.007-04:00  INFO 70007 --- [dsp-demo-project] [restartedMain] org.hibernate.orm.connections.pooling    : HHH10001005: Database info:
	Database JDBC URL [jdbc:postgresql://dsp-demo-1.cwomfw6wy9rv.us-east-1.rds.amazonaws.com:5432/postgres?sslmode=verify-full&sslrootcert=./global-bundle.pem]
	Database driver: PostgreSQL JDBC Driver
	Database dialect: PostgreSQLDialect
	Database version: 17.6
	Default catalog/schema: postgres/public
	Autocommit mode: undefined/unknown
	Isolation level: READ_COMMITTED [default READ_COMMITTED]
	JDBC fetch size: none
	Pool: DataSourceConnectionProvider
	Minimum pool size: undefined/unknown
	Maximum pool size: undefined/unknown
2026-04-14T13:56:24.437-04:00  INFO 70007 --- [dsp-demo-project] [restartedMain] org.hibernate.orm.core                   : HHH000489: No JTA platform available (set 'hibernate.transaction.jta.platform' to enable JTA platform integration)
2026-04-14T13:56:24.688-04:00  INFO 70007 --- [dsp-demo-project] [restartedMain] j.LocalContainerEntityManagerFactoryBean : Initialized JPA EntityManagerFactory for persistence unit 'default'
2026-04-14T13:56:24.724-04:00  INFO 70007 --- [dsp-demo-project] [restartedMain] o.s.d.j.r.query.QueryEnhancerFactories   : Hibernate is in classpath; If applicable, HQL parser will be used.
2026-04-14T13:56:24.808-04:00  WARN 70007 --- [dsp-demo-project] [restartedMain] JpaBaseConfiguration$JpaWebConfiguration : spring.jpa.open-in-view is enabled by default. Therefore, database queries may be performed during view rendering. Explicitly configure spring.jpa.open-in-view to disable this warning
2026-04-14T13:56:24.862-04:00 DEBUG 70007 --- [dsp-demo-project] [restartedMain] s.w.s.m.m.a.RequestMappingHandlerMapping : 6 mappings in 'requestMappingHandlerMapping'
2026-04-14T13:56:24.874-04:00 DEBUG 70007 --- [dsp-demo-project] [restartedMain] o.s.w.s.handler.SimpleUrlHandlerMapping  : Patterns [/webjars/**, /**] in 'resourceHandlerMapping'
2026-04-14T13:56:24.884-04:00 DEBUG 70007 --- [dsp-demo-project] [restartedMain] s.w.s.m.m.a.RequestMappingHandlerAdapter : ControllerAdvice beans: 0 @ModelAttribute, 0 @InitBinder, 2 RequestBodyAdvice, 1 ResponseBodyAdvice
2026-04-14T13:56:24.903-04:00 DEBUG 70007 --- [dsp-demo-project] [restartedMain] .m.m.a.ExceptionHandlerExceptionResolver : ControllerAdvice beans: 1 @ExceptionHandler, 1 ResponseBodyAdvice
2026-04-14T13:56:24.952-04:00  INFO 70007 --- [dsp-demo-project] [restartedMain] o.s.boot.tomcat.TomcatWebServer          : Tomcat started on port 8080 (http) with context path '/'
2026-04-14T13:56:24.954-04:00  INFO 70007 --- [dsp-demo-project] [restartedMain] c.e.d.DspDemoProjectApplication          : Started DspDemoProjectApplication in 2.465 seconds (process running for 2.697)
2026-04-14T13:56:54.512-04:00  INFO 70007 --- [dsp-demo-project] [http-nio-8080-exec-1] o.a.c.c.C.[Tomcat].[localhost].[/]       : Initializing Spring DispatcherServlet 'dispatcherServlet'
2026-04-14T13:56:54.512-04:00  INFO 70007 --- [dsp-demo-project] [http-nio-8080-exec-1] o.s.web.servlet.DispatcherServlet        : Initializing Servlet 'dispatcherServlet'
2026-04-14T13:56:54.512-04:00 DEBUG 70007 --- [dsp-demo-project] [http-nio-8080-exec-1] o.s.web.servlet.DispatcherServlet        : Detected StandardServletMultipartResolver
2026-04-14T13:56:54.512-04:00 DEBUG 70007 --- [dsp-demo-project] [http-nio-8080-exec-1] o.s.web.servlet.DispatcherServlet        : Detected AcceptHeaderLocaleResolver
2026-04-14T13:56:54.513-04:00 DEBUG 70007 --- [dsp-demo-project] [http-nio-8080-exec-1] o.s.web.servlet.DispatcherServlet        : Detected org.springframework.web.servlet.view.DefaultRequestToViewNameTranslator@12130b10
2026-04-14T13:56:54.513-04:00 DEBUG 70007 --- [dsp-demo-project] [http-nio-8080-exec-1] o.s.web.servlet.DispatcherServlet        : Detected org.springframework.web.servlet.support.SessionFlashMapManager@16948d04
2026-04-14T13:56:54.513-04:00 DEBUG 70007 --- [dsp-demo-project] [http-nio-8080-exec-1] o.s.web.servlet.DispatcherServlet        : enableLoggingRequestDetails='false': request parameters and headers will be masked to prevent unsafe logging of potentially sensitive data
2026-04-14T13:56:54.513-04:00  INFO 70007 --- [dsp-demo-project] [http-nio-8080-exec-1] o.s.web.servlet.DispatcherServlet        : Completed initialization in 1 ms
2026-04-14T13:56:54.518-04:00 DEBUG 70007 --- [dsp-demo-project] [http-nio-8080-exec-1] o.s.web.servlet.DispatcherServlet        : POST "/advertisers", parameters={}
2026-04-14T13:56:54.528-04:00 DEBUG 70007 --- [dsp-demo-project] [http-nio-8080-exec-1] s.w.s.m.m.a.RequestMappingHandlerMapping : Mapped to controller.com.garygz.dspdemoproject.RestEndpointController#addAdvertiser(Advertiser)
2026-04-14T13:56:54.572-04:00 DEBUG 70007 --- [dsp-demo-project] [http-nio-8080-exec-1] m.m.a.RequestResponseBodyMethodProcessor : Read "application/json;charset=UTF-8" to [entity.com.garygz.dspdemoproject.Advertiser@d88f2e9]
2026-04-14T13:56:54.575-04:00 DEBUG 70007 --- [dsp-demo-project] [http-nio-8080-exec-1] c.e.d.controller.RestEndpointController  : Creating advertiser AdvName4
2026-04-14T13:56:54.883-04:00 DEBUG 70007 --- [dsp-demo-project] [http-nio-8080-exec-1] o.s.w.s.m.m.a.HttpEntityMethodProcessor  : Using 'application/json', given [*/*] and supported [application/json, application/*+json]
2026-04-14T13:56:54.883-04:00 DEBUG 70007 --- [dsp-demo-project] [http-nio-8080-exec-1] o.s.w.s.m.m.a.HttpEntityMethodProcessor  : Nothing to write: null body
2026-04-14T13:56:54.884-04:00 DEBUG 70007 --- [dsp-demo-project] [http-nio-8080-exec-1] o.s.web.servlet.DispatcherServlet        : Completed 201 CREATED
2026-04-14T13:57:14.727-04:00 DEBUG 70007 --- [dsp-demo-project] [http-nio-8080-exec-3] o.s.web.servlet.DispatcherServlet        : POST "/advertisers", parameters={}
2026-04-14T13:57:14.731-04:00 DEBUG 70007 --- [dsp-demo-project] [http-nio-8080-exec-3] s.w.s.m.m.a.RequestMappingHandlerMapping : Mapped to controller.com.garygz.dspdemoproject.RestEndpointController#addAdvertiser(Advertiser)
2026-04-14T13:57:14.736-04:00 DEBUG 70007 --- [dsp-demo-project] [http-nio-8080-exec-3] m.m.a.RequestResponseBodyMethodProcessor : Read "application/json;charset=UTF-8" to [entity.com.garygz.dspdemoproject.Advertiser@64eece27]
2026-04-14T13:57:14.737-04:00 DEBUG 70007 --- [dsp-demo-project] [http-nio-8080-exec-3] c.e.d.controller.RestEndpointController  : Creating advertiser AdvName4
2026-04-14T13:57:14.812-04:00 DEBUG 70007 --- [dsp-demo-project] [http-nio-8080-exec-3] .m.m.a.ExceptionHandlerExceptionResolver : Using @ExceptionHandler controller.com.garygz.dspdemoproject.GlobalExceptionHandler#handleGeneric(Exception)
2026-04-14T13:57:14.814-04:00 DEBUG 70007 --- [dsp-demo-project] [http-nio-8080-exec-3] o.s.w.s.m.m.a.HttpEntityMethodProcessor  : Using 'text/plain', given [*/*] and supported [text/plain, */*, application/json, application/*+json]
2026-04-14T13:57:14.819-04:00 DEBUG 70007 --- [dsp-demo-project] [http-nio-8080-exec-3] o.s.w.s.m.m.a.HttpEntityMethodProcessor  : Writing ["Something went wrong"]
2026-04-14T13:57:14.823-04:00  WARN 70007 --- [dsp-demo-project] [http-nio-8080-exec-3] .m.m.a.ExceptionHandlerExceptionResolver : Resolved [java.io.InvalidObjectException: name already exists]
2026-04-14T13:57:14.824-04:00 DEBUG 70007 --- [dsp-demo-project] [http-nio-8080-exec-3] o.s.web.servlet.DispatcherServlet        : Completed 500 INTERNAL_SERVER_ERROR
2026-04-14T13:58:41.560-04:00  INFO 70007 --- [dsp-demo-project] [File Watcher] rtingClassPathChangeChangedEventListener : Restarting due to 2 class path changes (0 additions, 2 deletions, 0 modifications)
2026-04-14T13:58:41.575-04:00  INFO 70007 --- [dsp-demo-project] [Thread-1] o.s.boot.tomcat.GracefulShutdown         : Commencing graceful shutdown. Waiting for active requests to complete
2026-04-14T13:58:41.582-04:00  INFO 70007 --- [dsp-demo-project] [tomcat-shutdown] o.s.boot.tomcat.GracefulShutdown         : Graceful shutdown complete
2026-04-14T13:58:41.586-04:00  INFO 70007 --- [dsp-demo-project] [Thread-1] j.LocalContainerEntityManagerFactoryBean : Closing JPA EntityManagerFactory for persistence unit 'default'
2026-04-14T13:58:41.592-04:00  INFO 70007 --- [dsp-demo-project] [Thread-1] com.zaxxer.hikari.HikariDataSource       : HikariPool-1 - Shutdown initiated...
2026-04-14T13:58:41.907-04:00  INFO 70007 --- [dsp-demo-project] [Thread-1] com.zaxxer.hikari.HikariDataSource       : HikariPool-1 - Shutdown completed.
2026-04-14T13:58:41.985-04:00  INFO 70007 --- [dsp-demo-project] [restartedMain] c.e.d.DspDemoProjectApplication          : Starting DspDemoProjectApplication using Java 17.0.18 with PID 70007 (/Users/garygz/IdeaProjects/dsp-demo-project/build/classes/java/main started by garygz in /Users/garygz/IdeaProjects/dsp-demo-project)
2026-04-14T13:58:41.985-04:00 DEBUG 70007 --- [dsp-demo-project] [restartedMain] c.e.d.DspDemoProjectApplication          : Running with Spring Boot v4.0.5, Spring v7.0.6
2026-04-14T13:58:41.985-04:00  INFO 70007 --- [dsp-demo-project] [restartedMain] c.e.d.DspDemoProjectApplication          : No active profile set, falling back to 1 default profile: "default"
2026-04-14T13:58:42.035-04:00  INFO 70007 --- [dsp-demo-project] [restartedMain] .s.d.r.c.RepositoryConfigurationDelegate : Bootstrapping Spring Data JPA repositories in DEFAULT mode.
2026-04-14T13:58:42.039-04:00  INFO 70007 --- [dsp-demo-project] [restartedMain] .s.d.r.c.RepositoryConfigurationDelegate : Finished Spring Data repository scanning in 3 ms. Found 2 JPA repository interfaces.
2026-04-14T13:58:42.073-04:00  INFO 70007 --- [dsp-demo-project] [restartedMain] o.s.boot.tomcat.TomcatWebServer          : Tomcat initialized with port 8080 (http)
2026-04-14T13:58:42.074-04:00  INFO 70007 --- [dsp-demo-project] [restartedMain] o.apache.catalina.core.StandardService   : Starting service [Tomcat]
2026-04-14T13:58:42.074-04:00  INFO 70007 --- [dsp-demo-project] [restartedMain] o.apache.catalina.core.StandardEngine    : Starting Servlet engine: [Apache Tomcat/11.0.20]
2026-04-14T13:58:42.079-04:00  INFO 70007 --- [dsp-demo-project] [restartedMain] b.w.c.s.WebApplicationContextInitializer : Root WebApplicationContext: initialization completed in 93 ms
2026-04-14T13:58:42.093-04:00  INFO 70007 --- [dsp-demo-project] [restartedMain] org.hibernate.orm.jpa                    : HHH008540: Processing PersistenceUnitInfo [name: default]
2026-04-14T13:58:42.105-04:00  INFO 70007 --- [dsp-demo-project] [restartedMain] o.s.o.j.p.SpringPersistenceUnitInfo      : No LoadTimeWeaver setup: ignoring JPA class transformer
2026-04-14T13:58:42.105-04:00  INFO 70007 --- [dsp-demo-project] [restartedMain] com.zaxxer.hikari.HikariDataSource       : HikariPool-2 - Starting...
2026-04-14T13:58:42.471-04:00  INFO 70007 --- [dsp-demo-project] [restartedMain] com.zaxxer.hikari.pool.HikariPool        : HikariPool-2 - Added connection org.postgresql.jdbc.PgConnection@4b5ccb72
2026-04-14T13:58:42.472-04:00  INFO 70007 --- [dsp-demo-project] [restartedMain] com.zaxxer.hikari.HikariDataSource       : HikariPool-2 - Start completed.
2026-04-14T13:58:42.504-04:00  WARN 70007 --- [dsp-demo-project] [restartedMain] org.hibernate.orm.deprecation            : HHH90000025: PostgreSQLDialect does not need to be specified explicitly using 'hibernate.dialect' (remove the property setting and it will be selected by default)
2026-04-14T13:58:42.629-04:00  INFO 70007 --- [dsp-demo-project] [restartedMain] org.hibernate.orm.connections.pooling    : HHH10001005: Database info:
	Database JDBC URL [jdbc:postgresql://dsp-demo-1.cwomfw6wy9rv.us-east-1.rds.amazonaws.com:5432/postgres?sslmode=verify-full&sslrootcert=./global-bundle.pem]
	Database driver: PostgreSQL JDBC Driver
	Database dialect: PostgreSQLDialect
	Database version: 17.6
	Default catalog/schema: postgres/public
	Autocommit mode: undefined/unknown
	Isolation level: READ_COMMITTED [default READ_COMMITTED]
	JDBC fetch size: none
	Pool: DataSourceConnectionProvider
	Minimum pool size: undefined/unknown
	Maximum pool size: undefined/unknown
2026-04-14T13:58:42.684-04:00  INFO 70007 --- [dsp-demo-project] [restartedMain] org.hibernate.orm.core                   : HHH000489: No JTA platform available (set 'hibernate.transaction.jta.platform' to enable JTA platform integration)
2026-04-14T13:58:42.921-04:00  INFO 70007 --- [dsp-demo-project] [restartedMain] j.LocalContainerEntityManagerFactoryBean : Initialized JPA EntityManagerFactory for persistence unit 'default'
2026-04-14T13:58:42.932-04:00  WARN 70007 --- [dsp-demo-project] [restartedMain] ConfigServletWebServerApplicationContext : Exception encountered during context initialization - cancelling refresh attempt: org.springframework.beans.factory.BeanCreationException: Error creating bean with name 'globalExceptionHandler': Lookup method resolution failed
2026-04-14T13:58:42.933-04:00  INFO 70007 --- [dsp-demo-project] [restartedMain] j.LocalContainerEntityManagerFactoryBean : Closing JPA EntityManagerFactory for persistence unit 'default'
2026-04-14T13:58:42.933-04:00  INFO 70007 --- [dsp-demo-project] [restartedMain] com.zaxxer.hikari.HikariDataSource       : HikariPool-2 - Shutdown initiated...
2026-04-14T13:58:43.175-04:00  INFO 70007 --- [dsp-demo-project] [restartedMain] com.zaxxer.hikari.HikariDataSource       : HikariPool-2 - Shutdown completed.
2026-04-14T13:58:43.176-04:00  INFO 70007 --- [dsp-demo-project] [restartedMain] o.apache.catalina.core.StandardService   : Stopping service [Tomcat]
2026-04-14T13:58:43.180-04:00  INFO 70007 --- [dsp-demo-project] [restartedMain] .s.b.a.l.ConditionEvaluationReportLogger : 

Error starting ApplicationContext. To display the condition evaluation report re-run your application with 'debug' enabled.
2026-04-14T13:58:43.193-04:00 ERROR 70007 --- [dsp-demo-project] [restartedMain] o.s.boot.SpringApplication               : Application run failed

org.springframework.beans.factory.BeanCreationException: Error creating bean with name 'globalExceptionHandler': Lookup method resolution failed
	at org.springframework.beans.factory.annotation.AutowiredAnnotationBeanPostProcessor.checkLookupMethods(AutowiredAnnotationBeanPostProcessor.java:482) ~[spring-beans-7.0.6.jar:7.0.6]
	at org.springframework.beans.factory.annotation.AutowiredAnnotationBeanPostProcessor.determineCandidateConstructors(AutowiredAnnotationBeanPostProcessor.java:352) ~[spring-beans-7.0.6.jar:7.0.6]
	at org.springframework.beans.factory.support.AbstractAutowireCapableBeanFactory.determineConstructorsFromBeanPostProcessors(AbstractAutowireCapableBeanFactory.java:1321) ~[spring-beans-7.0.6.jar:7.0.6]
	at org.springframework.beans.factory.support.AbstractAutowireCapableBeanFactory.createBeanInstance(AbstractAutowireCapableBeanFactory.java:1218) ~[spring-beans-7.0.6.jar:7.0.6]
	at org.springframework.beans.factory.support.AbstractAutowireCapableBeanFactory.doCreateBean(AbstractAutowireCapableBeanFactory.java:565) ~[spring-beans-7.0.6.jar:7.0.6]
	at org.springframework.beans.factory.support.AbstractAutowireCapableBeanFactory.createBean(AbstractAutowireCapableBeanFactory.java:525) ~[spring-beans-7.0.6.jar:7.0.6]
	at org.springframework.beans.factory.support.AbstractBeanFactory.lambda$doGetBean$0(AbstractBeanFactory.java:333) ~[spring-beans-7.0.6.jar:7.0.6]
	at org.springframework.beans.factory.support.DefaultSingletonBeanRegistry.getSingleton(DefaultSingletonBeanRegistry.java:371) ~[spring-beans-7.0.6.jar:7.0.6]
	at org.springframework.beans.factory.support.AbstractBeanFactory.doGetBean(AbstractBeanFactory.java:331) ~[spring-beans-7.0.6.jar:7.0.6]
	at org.springframework.beans.factory.support.AbstractBeanFactory.getBean(AbstractBeanFactory.java:196) ~[spring-beans-7.0.6.jar:7.0.6]
	at org.springframework.beans.factory.support.DefaultListableBeanFactory.instantiateSingleton(DefaultListableBeanFactory.java:1218) ~[spring-beans-7.0.6.jar:7.0.6]
	at org.springframework.beans.factory.support.DefaultListableBeanFactory.preInstantiateSingleton(DefaultListableBeanFactory.java:1184) ~[spring-beans-7.0.6.jar:7.0.6]
	at org.springframework.beans.factory.support.DefaultListableBeanFactory.preInstantiateSingletons(DefaultListableBeanFactory.java:1121) ~[spring-beans-7.0.6.jar:7.0.6]
	at org.springframework.context.support.AbstractApplicationContext.finishBeanFactoryInitialization(AbstractApplicationContext.java:994) ~[spring-context-7.0.6.jar:7.0.6]
	at org.springframework.context.support.AbstractApplicationContext.refresh(AbstractApplicationContext.java:621) ~[spring-context-7.0.6.jar:7.0.6]
	at org.springframework.boot.web.server.servlet.context.ServletWebServerApplicationContext.refresh(ServletWebServerApplicationContext.java:143) ~[spring-boot-web-server-4.0.5.jar:4.0.5]
	at org.springframework.boot.SpringApplication.refresh(SpringApplication.java:756) ~[spring-boot-4.0.5.jar:4.0.5]
	at org.springframework.boot.SpringApplication.refreshContext(SpringApplication.java:445) ~[spring-boot-4.0.5.jar:4.0.5]
	at org.springframework.boot.SpringApplication.run(SpringApplication.java:321) ~[spring-boot-4.0.5.jar:4.0.5]
	at org.springframework.boot.SpringApplication.run(SpringApplication.java:1365) ~[spring-boot-4.0.5.jar:4.0.5]
	at org.springframework.boot.SpringApplication.run(SpringApplication.java:1354) ~[spring-boot-4.0.5.jar:4.0.5]
	at com.garygz.dspdemoproject.DspDemoProjectApplication.main(DspDemoProjectApplication.java:10) ~[main/:na]
	at java.base/jdk.internal.reflect.NativeMethodAccessorImpl.invoke0(Native Method) ~[na:na]
	at java.base/jdk.internal.reflect.NativeMethodAccessorImpl.invoke(NativeMethodAccessorImpl.java:77) ~[na:na]
	at java.base/jdk.internal.reflect.DelegatingMethodAccessorImpl.invoke(DelegatingMethodAccessorImpl.java:43) ~[na:na]
	at java.base/java.lang.reflect.Method.invoke(Method.java:569) ~[na:na]
	at org.springframework.boot.devtools.restart.RestartLauncher.run(RestartLauncher.java:52) ~[spring-boot-devtools-4.0.5.jar:4.0.5]
Caused by: java.lang.IllegalStateException: Failed to introspect Class [controller.com.garygz.dspdemoproject.GlobalExceptionHandler] from ClassLoader [org.springframework.boot.devtools.restart.classloader.RestartClassLoader@53b219b8]
	at org.springframework.util.ReflectionUtils.getDeclaredMethods(ReflectionUtils.java:483) ~[spring-core-7.0.6.jar:7.0.6]
	at org.springframework.util.ReflectionUtils.doWithLocalMethods(ReflectionUtils.java:320) ~[spring-core-7.0.6.jar:7.0.6]
	at org.springframework.beans.factory.annotation.AutowiredAnnotationBeanPostProcessor.checkLookupMethods(AutowiredAnnotationBeanPostProcessor.java:460) ~[spring-beans-7.0.6.jar:7.0.6]
	... 26 common frames omitted
Caused by: java.lang.NoClassDefFoundError: com/example/dspdemoproject/controller/exceptions/InvalidInputDataProvided
	at java.base/java.lang.Class.getDeclaredMethods0(Native Method) ~[na:na]
	at java.base/java.lang.Class.privateGetDeclaredMethods(Class.java:3404) ~[na:na]
	at java.base/java.lang.Class.getDeclaredMethods(Class.java:2506) ~[na:na]
	at org.springframework.util.ReflectionUtils.getDeclaredMethods(ReflectionUtils.java:465) ~[spring-core-7.0.6.jar:7.0.6]
	... 28 common frames omitted
Caused by: java.lang.ClassNotFoundException: exceptions.controller.com.garygz.dspdemoproject.InvalidInputDataProvided
	at java.base/jdk.internal.loader.BuiltinClassLoader.loadClass(BuiltinClassLoader.java:641) ~[na:na]
	at java.base/jdk.internal.loader.ClassLoaders$AppClassLoader.loadClass(ClassLoaders.java:188) ~[na:na]
	at java.base/java.lang.ClassLoader.loadClass(ClassLoader.java:525) ~[na:na]
	at java.base/java.lang.Class.forName0(Native Method) ~[na:na]
	at java.base/java.lang.Class.forName(Class.java:469) ~[na:na]
	at org.springframework.boot.devtools.restart.classloader.RestartClassLoader.loadClass(RestartClassLoader.java:123) ~[spring-boot-devtools-4.0.5.jar:4.0.5]
	at java.base/java.lang.ClassLoader.loadClass(ClassLoader.java:525) ~[na:na]
	... 32 common frames omitted

2026-04-14T14:07:35.437-04:00  INFO 70193 --- [dsp-demo-project] [restartedMain] c.e.d.DspDemoProjectApplication          : Starting DspDemoProjectApplication using Java 17.0.18 with PID 70193 (/Users/garygz/IdeaProjects/dsp-demo-project/build/classes/java/main started by garygz in /Users/garygz/IdeaProjects/dsp-demo-project)
2026-04-14T14:07:35.438-04:00 DEBUG 70193 --- [dsp-demo-project] [restartedMain] c.e.d.DspDemoProjectApplication          : Running with Spring Boot v4.0.5, Spring v7.0.6
2026-04-14T14:07:35.439-04:00  INFO 70193 --- [dsp-demo-project] [restartedMain] c.e.d.DspDemoProjectApplication          : No active profile set, falling back to 1 default profile: "default"
2026-04-14T14:07:35.456-04:00  INFO 70193 --- [dsp-demo-project] [restartedMain] .e.DevToolsPropertyDefaultsPostProcessor : Devtools property defaults active! Set 'spring.devtools.add-properties' to 'false' to disable
2026-04-14T14:07:35.456-04:00  INFO 70193 --- [dsp-demo-project] [restartedMain] .e.DevToolsPropertyDefaultsPostProcessor : For additional web related logging consider setting the 'logging.level.web' property to 'DEBUG'
2026-04-14T14:07:35.677-04:00  INFO 70193 --- [dsp-demo-project] [restartedMain] .s.d.r.c.RepositoryConfigurationDelegate : Bootstrapping Spring Data JPA repositories in DEFAULT mode.
2026-04-14T14:07:35.696-04:00  INFO 70193 --- [dsp-demo-project] [restartedMain] .s.d.r.c.RepositoryConfigurationDelegate : Finished Spring Data repository scanning in 15 ms. Found 2 JPA repository interfaces.
2026-04-14T14:07:35.864-04:00  INFO 70193 --- [dsp-demo-project] [restartedMain] o.s.boot.tomcat.TomcatWebServer          : Tomcat initialized with port 8080 (http)
2026-04-14T14:07:35.870-04:00  INFO 70193 --- [dsp-demo-project] [restartedMain] o.apache.catalina.core.StandardService   : Starting service [Tomcat]
2026-04-14T14:07:35.870-04:00  INFO 70193 --- [dsp-demo-project] [restartedMain] o.apache.catalina.core.StandardEngine    : Starting Servlet engine: [Apache Tomcat/11.0.20]
2026-04-14T14:07:35.884-04:00  INFO 70193 --- [dsp-demo-project] [restartedMain] b.w.c.s.WebApplicationContextInitializer : Root WebApplicationContext: initialization completed in 428 ms
2026-04-14T14:07:35.954-04:00  INFO 70193 --- [dsp-demo-project] [restartedMain] org.hibernate.orm.jpa                    : HHH008540: Processing PersistenceUnitInfo [name: default]
2026-04-14T14:07:35.981-04:00  INFO 70193 --- [dsp-demo-project] [restartedMain] org.hibernate.orm.core                   : HHH000001: Hibernate ORM core version 7.2.7.Final
2026-04-14T14:07:36.169-04:00  INFO 70193 --- [dsp-demo-project] [restartedMain] o.s.o.j.p.SpringPersistenceUnitInfo      : No LoadTimeWeaver setup: ignoring JPA class transformer
2026-04-14T14:07:36.184-04:00  INFO 70193 --- [dsp-demo-project] [restartedMain] com.zaxxer.hikari.HikariDataSource       : HikariPool-1 - Starting...
2026-04-14T14:07:36.711-04:00  INFO 70193 --- [dsp-demo-project] [restartedMain] com.zaxxer.hikari.pool.HikariPool        : HikariPool-1 - Added connection org.postgresql.jdbc.PgConnection@31267f6f
2026-04-14T14:07:36.712-04:00  INFO 70193 --- [dsp-demo-project] [restartedMain] com.zaxxer.hikari.HikariDataSource       : HikariPool-1 - Start completed.
2026-04-14T14:07:36.767-04:00  WARN 70193 --- [dsp-demo-project] [restartedMain] org.hibernate.orm.deprecation            : HHH90000025: PostgreSQLDialect does not need to be specified explicitly using 'hibernate.dialect' (remove the property setting and it will be selected by default)
2026-04-14T14:07:36.911-04:00  INFO 70193 --- [dsp-demo-project] [restartedMain] org.hibernate.orm.connections.pooling    : HHH10001005: Database info:
	Database JDBC URL [jdbc:postgresql://dsp-demo-1.cwomfw6wy9rv.us-east-1.rds.amazonaws.com:5432/postgres?sslmode=verify-full&sslrootcert=./global-bundle.pem]
	Database driver: PostgreSQL JDBC Driver
	Database dialect: PostgreSQLDialect
	Database version: 17.6
	Default catalog/schema: postgres/public
	Autocommit mode: undefined/unknown
	Isolation level: READ_COMMITTED [default READ_COMMITTED]
	JDBC fetch size: none
	Pool: DataSourceConnectionProvider
	Minimum pool size: undefined/unknown
	Maximum pool size: undefined/unknown
2026-04-14T14:07:37.328-04:00  INFO 70193 --- [dsp-demo-project] [restartedMain] org.hibernate.orm.core                   : HHH000489: No JTA platform available (set 'hibernate.transaction.jta.platform' to enable JTA platform integration)
2026-04-14T14:07:37.594-04:00  INFO 70193 --- [dsp-demo-project] [restartedMain] j.LocalContainerEntityManagerFactoryBean : Initialized JPA EntityManagerFactory for persistence unit 'default'
2026-04-14T14:07:37.632-04:00  INFO 70193 --- [dsp-demo-project] [restartedMain] o.s.d.j.r.query.QueryEnhancerFactories   : Hibernate is in classpath; If applicable, HQL parser will be used.
2026-04-14T14:07:37.712-04:00  WARN 70193 --- [dsp-demo-project] [restartedMain] JpaBaseConfiguration$JpaWebConfiguration : spring.jpa.open-in-view is enabled by default. Therefore, database queries may be performed during view rendering. Explicitly configure spring.jpa.open-in-view to disable this warning
2026-04-14T14:07:37.764-04:00 DEBUG 70193 --- [dsp-demo-project] [restartedMain] s.w.s.m.m.a.RequestMappingHandlerMapping : 6 mappings in 'requestMappingHandlerMapping'
2026-04-14T14:07:37.777-04:00 DEBUG 70193 --- [dsp-demo-project] [restartedMain] o.s.w.s.handler.SimpleUrlHandlerMapping  : Patterns [/webjars/**, /**] in 'resourceHandlerMapping'
2026-04-14T14:07:37.786-04:00 DEBUG 70193 --- [dsp-demo-project] [restartedMain] s.w.s.m.m.a.RequestMappingHandlerAdapter : ControllerAdvice beans: 0 @ModelAttribute, 0 @InitBinder, 2 RequestBodyAdvice, 1 ResponseBodyAdvice
2026-04-14T14:07:37.805-04:00 DEBUG 70193 --- [dsp-demo-project] [restartedMain] .m.m.a.ExceptionHandlerExceptionResolver : ControllerAdvice beans: 1 @ExceptionHandler, 1 ResponseBodyAdvice
2026-04-14T14:07:37.862-04:00  INFO 70193 --- [dsp-demo-project] [restartedMain] o.s.boot.tomcat.TomcatWebServer          : Tomcat started on port 8080 (http) with context path '/'
2026-04-14T14:07:37.864-04:00  INFO 70193 --- [dsp-demo-project] [restartedMain] c.e.d.DspDemoProjectApplication          : Started DspDemoProjectApplication in 2.575 seconds (process running for 2.819)
2026-04-14T14:07:39.255-04:00  INFO 70193 --- [dsp-demo-project] [File Watcher] rtingClassPathChangeChangedEventListener : Restarting due to 1 class path change (1 addition, 0 deletions, 0 modifications)
2026-04-14T14:07:39.260-04:00  INFO 70193 --- [dsp-demo-project] [Thread-1] o.s.boot.tomcat.GracefulShutdown         : Commencing graceful shutdown. Waiting for active requests to complete
2026-04-14T14:07:39.268-04:00  INFO 70193 --- [dsp-demo-project] [tomcat-shutdown] o.s.boot.tomcat.GracefulShutdown         : Graceful shutdown complete
2026-04-14T14:07:39.272-04:00  INFO 70193 --- [dsp-demo-project] [Thread-1] j.LocalContainerEntityManagerFactoryBean : Closing JPA EntityManagerFactory for persistence unit 'default'
2026-04-14T14:07:39.274-04:00  INFO 70193 --- [dsp-demo-project] [Thread-1] com.zaxxer.hikari.HikariDataSource       : HikariPool-1 - Shutdown initiated...
2026-04-14T14:07:39.600-04:00  INFO 70193 --- [dsp-demo-project] [Thread-1] com.zaxxer.hikari.HikariDataSource       : HikariPool-1 - Shutdown completed.
2026-04-14T14:07:39.658-04:00  INFO 70193 --- [dsp-demo-project] [restartedMain] c.e.d.DspDemoProjectApplication          : Starting DspDemoProjectApplication using Java 17.0.18 with PID 70193 (/Users/garygz/IdeaProjects/dsp-demo-project/build/classes/java/main started by garygz in /Users/garygz/IdeaProjects/dsp-demo-project)
2026-04-14T14:07:39.659-04:00 DEBUG 70193 --- [dsp-demo-project] [restartedMain] c.e.d.DspDemoProjectApplication          : Running with Spring Boot v4.0.5, Spring v7.0.6
2026-04-14T14:07:39.659-04:00  INFO 70193 --- [dsp-demo-project] [restartedMain] c.e.d.DspDemoProjectApplication          : No active profile set, falling back to 1 default profile: "default"
2026-04-14T14:07:39.708-04:00  INFO 70193 --- [dsp-demo-project] [restartedMain] .s.d.r.c.RepositoryConfigurationDelegate : Bootstrapping Spring Data JPA repositories in DEFAULT mode.
2026-04-14T14:07:39.712-04:00  INFO 70193 --- [dsp-demo-project] [restartedMain] .s.d.r.c.RepositoryConfigurationDelegate : Finished Spring Data repository scanning in 3 ms. Found 2 JPA repository interfaces.
2026-04-14T14:07:39.743-04:00  INFO 70193 --- [dsp-demo-project] [restartedMain] o.s.boot.tomcat.TomcatWebServer          : Tomcat initialized with port 8080 (http)
2026-04-14T14:07:39.743-04:00  INFO 70193 --- [dsp-demo-project] [restartedMain] o.apache.catalina.core.StandardService   : Starting service [Tomcat]
2026-04-14T14:07:39.743-04:00  INFO 70193 --- [dsp-demo-project] [restartedMain] o.apache.catalina.core.StandardEngine    : Starting Servlet engine: [Apache Tomcat/11.0.20]
2026-04-14T14:07:39.748-04:00  INFO 70193 --- [dsp-demo-project] [restartedMain] b.w.c.s.WebApplicationContextInitializer : Root WebApplicationContext: initialization completed in 89 ms
2026-04-14T14:07:39.763-04:00  INFO 70193 --- [dsp-demo-project] [restartedMain] org.hibernate.orm.jpa                    : HHH008540: Processing PersistenceUnitInfo [name: default]
2026-04-14T14:07:39.774-04:00  INFO 70193 --- [dsp-demo-project] [restartedMain] o.s.o.j.p.SpringPersistenceUnitInfo      : No LoadTimeWeaver setup: ignoring JPA class transformer
2026-04-14T14:07:39.775-04:00  INFO 70193 --- [dsp-demo-project] [restartedMain] com.zaxxer.hikari.HikariDataSource       : HikariPool-2 - Starting...
2026-04-14T14:07:40.081-04:00  INFO 70193 --- [dsp-demo-project] [restartedMain] com.zaxxer.hikari.pool.HikariPool        : HikariPool-2 - Added connection org.postgresql.jdbc.PgConnection@3addaeef
2026-04-14T14:07:40.081-04:00  INFO 70193 --- [dsp-demo-project] [restartedMain] com.zaxxer.hikari.HikariDataSource       : HikariPool-2 - Start completed.
2026-04-14T14:07:40.115-04:00  WARN 70193 --- [dsp-demo-project] [restartedMain] org.hibernate.orm.deprecation            : HHH90000025: PostgreSQLDialect does not need to be specified explicitly using 'hibernate.dialect' (remove the property setting and it will be selected by default)
2026-04-14T14:07:40.238-04:00  INFO 70193 --- [dsp-demo-project] [restartedMain] org.hibernate.orm.connections.pooling    : HHH10001005: Database info:
	Database JDBC URL [jdbc:postgresql://dsp-demo-1.cwomfw6wy9rv.us-east-1.rds.amazonaws.com:5432/postgres?sslmode=verify-full&sslrootcert=./global-bundle.pem]
	Database driver: PostgreSQL JDBC Driver
	Database dialect: PostgreSQLDialect
	Database version: 17.6
	Default catalog/schema: postgres/public
	Autocommit mode: undefined/unknown
	Isolation level: READ_COMMITTED [default READ_COMMITTED]
	JDBC fetch size: none
	Pool: DataSourceConnectionProvider
	Minimum pool size: undefined/unknown
	Maximum pool size: undefined/unknown
2026-04-14T14:07:40.296-04:00  INFO 70193 --- [dsp-demo-project] [restartedMain] org.hibernate.orm.core                   : HHH000489: No JTA platform available (set 'hibernate.transaction.jta.platform' to enable JTA platform integration)
2026-04-14T14:07:40.535-04:00  INFO 70193 --- [dsp-demo-project] [restartedMain] j.LocalContainerEntityManagerFactoryBean : Initialized JPA EntityManagerFactory for persistence unit 'default'
2026-04-14T14:07:40.572-04:00  WARN 70193 --- [dsp-demo-project] [restartedMain] JpaBaseConfiguration$JpaWebConfiguration : spring.jpa.open-in-view is enabled by default. Therefore, database queries may be performed during view rendering. Explicitly configure spring.jpa.open-in-view to disable this warning
2026-04-14T14:07:40.590-04:00 DEBUG 70193 --- [dsp-demo-project] [restartedMain] s.w.s.m.m.a.RequestMappingHandlerMapping : 6 mappings in 'requestMappingHandlerMapping'
2026-04-14T14:07:40.595-04:00 DEBUG 70193 --- [dsp-demo-project] [restartedMain] o.s.w.s.handler.SimpleUrlHandlerMapping  : Patterns [/webjars/**, /**] in 'resourceHandlerMapping'
2026-04-14T14:07:40.598-04:00 DEBUG 70193 --- [dsp-demo-project] [restartedMain] s.w.s.m.m.a.RequestMappingHandlerAdapter : ControllerAdvice beans: 0 @ModelAttribute, 0 @InitBinder, 2 RequestBodyAdvice, 1 ResponseBodyAdvice
2026-04-14T14:07:40.602-04:00 DEBUG 70193 --- [dsp-demo-project] [restartedMain] .m.m.a.ExceptionHandlerExceptionResolver : ControllerAdvice beans: 1 @ExceptionHandler, 1 ResponseBodyAdvice
2026-04-14T14:07:40.617-04:00  INFO 70193 --- [dsp-demo-project] [restartedMain] o.s.boot.tomcat.TomcatWebServer          : Tomcat started on port 8080 (http) with context path '/'
2026-04-14T14:07:40.618-04:00  INFO 70193 --- [dsp-demo-project] [restartedMain] c.e.d.DspDemoProjectApplication          : Started DspDemoProjectApplication in 0.97 seconds (process running for 5.573)
2026-04-14T14:07:40.619-04:00  INFO 70193 --- [dsp-demo-project] [restartedMain] .ConditionEvaluationDeltaLoggingListener : Condition evaluation unchanged
2026-04-14T14:07:43.086-04:00  INFO 70193 --- [dsp-demo-project] [http-nio-8080-exec-2] o.a.c.c.C.[Tomcat].[localhost].[/]       : Initializing Spring DispatcherServlet 'dispatcherServlet'
2026-04-14T14:07:43.086-04:00  INFO 70193 --- [dsp-demo-project] [http-nio-8080-exec-2] o.s.web.servlet.DispatcherServlet        : Initializing Servlet 'dispatcherServlet'
2026-04-14T14:07:43.086-04:00 DEBUG 70193 --- [dsp-demo-project] [http-nio-8080-exec-2] o.s.web.servlet.DispatcherServlet        : Detected StandardServletMultipartResolver
2026-04-14T14:07:43.086-04:00 DEBUG 70193 --- [dsp-demo-project] [http-nio-8080-exec-2] o.s.web.servlet.DispatcherServlet        : Detected AcceptHeaderLocaleResolver
2026-04-14T14:07:43.087-04:00 DEBUG 70193 --- [dsp-demo-project] [http-nio-8080-exec-2] o.s.web.servlet.DispatcherServlet        : Detected org.springframework.web.servlet.view.DefaultRequestToViewNameTranslator@5d194ee9
2026-04-14T14:07:43.087-04:00 DEBUG 70193 --- [dsp-demo-project] [http-nio-8080-exec-2] o.s.web.servlet.DispatcherServlet        : Detected org.springframework.web.servlet.support.SessionFlashMapManager@2bd9bed2
2026-04-14T14:07:43.087-04:00 DEBUG 70193 --- [dsp-demo-project] [http-nio-8080-exec-2] o.s.web.servlet.DispatcherServlet        : enableLoggingRequestDetails='false': request parameters and headers will be masked to prevent unsafe logging of potentially sensitive data
2026-04-14T14:07:43.087-04:00  INFO 70193 --- [dsp-demo-project] [http-nio-8080-exec-2] o.s.web.servlet.DispatcherServlet        : Completed initialization in 1 ms
2026-04-14T14:07:43.091-04:00 DEBUG 70193 --- [dsp-demo-project] [http-nio-8080-exec-2] o.s.web.servlet.DispatcherServlet        : POST "/advertisers", parameters={}
2026-04-14T14:07:43.096-04:00 DEBUG 70193 --- [dsp-demo-project] [http-nio-8080-exec-2] s.w.s.m.m.a.RequestMappingHandlerMapping : Mapped to controller.com.garygz.dspdemoproject.RestEndpointController#addAdvertiser(Advertiser)
2026-04-14T14:07:43.169-04:00 DEBUG 70193 --- [dsp-demo-project] [http-nio-8080-exec-2] m.m.a.RequestResponseBodyMethodProcessor : Read "application/json;charset=UTF-8" to [entity.com.garygz.dspdemoproject.Advertiser@4dc2733c]
2026-04-14T14:07:43.173-04:00 DEBUG 70193 --- [dsp-demo-project] [http-nio-8080-exec-2] c.e.d.controller.RestEndpointController  : Creating advertiser AdvName4
2026-04-14T14:07:43.470-04:00 DEBUG 70193 --- [dsp-demo-project] [http-nio-8080-exec-2] .m.m.a.ExceptionHandlerExceptionResolver : Using @ExceptionHandler controller.com.garygz.dspdemoproject.GlobalExceptionHandler#handleBadRequest(InvalidInputDataProvided)
2026-04-14T14:07:43.473-04:00 DEBUG 70193 --- [dsp-demo-project] [http-nio-8080-exec-2] o.s.w.s.m.m.a.HttpEntityMethodProcessor  : Using 'text/plain', given [*/*] and supported [text/plain, */*, application/json, application/*+json]
2026-04-14T14:07:43.474-04:00 DEBUG 70193 --- [dsp-demo-project] [http-nio-8080-exec-2] o.s.w.s.m.m.a.HttpEntityMethodProcessor  : Writing ["name already exists"]
2026-04-14T14:07:43.476-04:00  WARN 70193 --- [dsp-demo-project] [http-nio-8080-exec-2] .m.m.a.ExceptionHandlerExceptionResolver : Resolved [exceptions.controller.com.garygz.dspdemoproject.InvalidInputDataProvided: name already exists]
2026-04-14T14:07:43.477-04:00 DEBUG 70193 --- [dsp-demo-project] [http-nio-8080-exec-2] o.s.web.servlet.DispatcherServlet        : Completed 400 BAD_REQUEST
2026-04-14T14:07:55.333-04:00 DEBUG 70193 --- [dsp-demo-project] [http-nio-8080-exec-4] o.s.web.servlet.DispatcherServlet        : POST "/advertisers", parameters={}
2026-04-14T14:07:55.333-04:00 DEBUG 70193 --- [dsp-demo-project] [http-nio-8080-exec-4] s.w.s.m.m.a.RequestMappingHandlerMapping : Mapped to controller.com.garygz.dspdemoproject.RestEndpointController#addAdvertiser(Advertiser)
2026-04-14T14:07:55.334-04:00 DEBUG 70193 --- [dsp-demo-project] [http-nio-8080-exec-4] m.m.a.RequestResponseBodyMethodProcessor : Read "application/json;charset=UTF-8" to [entity.com.garygz.dspdemoproject.Advertiser@3672ad1f]
2026-04-14T14:07:55.335-04:00 DEBUG 70193 --- [dsp-demo-project] [http-nio-8080-exec-4] c.e.d.controller.RestEndpointController  : Creating advertiser AdvName5
2026-04-14T14:07:55.492-04:00 DEBUG 70193 --- [dsp-demo-project] [http-nio-8080-exec-4] o.s.w.s.m.m.a.HttpEntityMethodProcessor  : Using 'application/json', given [*/*] and supported [application/json, application/*+json]
2026-04-14T14:07:55.493-04:00 DEBUG 70193 --- [dsp-demo-project] [http-nio-8080-exec-4] o.s.w.s.m.m.a.HttpEntityMethodProcessor  : Nothing to write: null body
2026-04-14T14:07:55.495-04:00 DEBUG 70193 --- [dsp-demo-project] [http-nio-8080-exec-4] o.s.web.servlet.DispatcherServlet        : Completed 201 CREATED
2026-04-14T14:10:07.692-04:00 DEBUG 70193 --- [dsp-demo-project] [http-nio-8080-exec-6] o.s.web.servlet.DispatcherServlet        : GET "/advertisers", parameters={}
2026-04-14T14:10:07.697-04:00 DEBUG 70193 --- [dsp-demo-project] [http-nio-8080-exec-6] s.w.s.m.m.a.RequestMappingHandlerMapping : Mapped to controller.com.garygz.dspdemoproject.RestEndpointController#listAllAdvertisers()
2026-04-14T14:10:07.832-04:00 DEBUG 70193 --- [dsp-demo-project] [http-nio-8080-exec-6] m.m.a.RequestResponseBodyMethodProcessor : Using 'application/json', given [*/*] and supported [application/json, application/*+json]
2026-04-14T14:10:07.833-04:00 DEBUG 70193 --- [dsp-demo-project] [http-nio-8080-exec-6] m.m.a.RequestResponseBodyMethodProcessor : Writing [[entity.com.garygz.dspdemoproject.Advertiser@44935d58, entity.com.garygz.dspdemoproject.Advertiser (truncated)...]
2026-04-14T14:10:07.859-04:00 DEBUG 70193 --- [dsp-demo-project] [http-nio-8080-exec-6] o.s.web.servlet.DispatcherServlet        : Completed 200 OK
2026-04-14T14:11:23.027-04:00  INFO 70193 --- [dsp-demo-project] [File Watcher] rtingClassPathChangeChangedEventListener : Restarting due to 1 class path change (0 additions, 1 deletion, 0 modifications)
2026-04-14T14:11:23.035-04:00  INFO 70193 --- [dsp-demo-project] [Thread-5] o.s.boot.tomcat.GracefulShutdown         : Commencing graceful shutdown. Waiting for active requests to complete
2026-04-14T14:11:23.039-04:00  INFO 70193 --- [dsp-demo-project] [tomcat-shutdown] o.s.boot.tomcat.GracefulShutdown         : Graceful shutdown complete
2026-04-14T14:11:23.045-04:00  INFO 70193 --- [dsp-demo-project] [Thread-5] j.LocalContainerEntityManagerFactoryBean : Closing JPA EntityManagerFactory for persistence unit 'default'
2026-04-14T14:11:23.049-04:00  INFO 70193 --- [dsp-demo-project] [Thread-5] com.zaxxer.hikari.HikariDataSource       : HikariPool-2 - Shutdown initiated...
2026-04-14T14:11:23.366-04:00  INFO 70193 --- [dsp-demo-project] [Thread-5] com.zaxxer.hikari.HikariDataSource       : HikariPool-2 - Shutdown completed.
2026-04-14T14:11:23.448-04:00  INFO 70193 --- [dsp-demo-project] [restartedMain] c.e.d.DspDemoProjectApplication          : Starting DspDemoProjectApplication using Java 17.0.18 with PID 70193 (/Users/garygz/IdeaProjects/dsp-demo-project/build/classes/java/main started by garygz in /Users/garygz/IdeaProjects/dsp-demo-project)
2026-04-14T14:11:23.448-04:00 DEBUG 70193 --- [dsp-demo-project] [restartedMain] c.e.d.DspDemoProjectApplication          : Running with Spring Boot v4.0.5, Spring v7.0.6
2026-04-14T14:11:23.448-04:00  INFO 70193 --- [dsp-demo-project] [restartedMain] c.e.d.DspDemoProjectApplication          : No active profile set, falling back to 1 default profile: "default"
2026-04-14T14:11:23.515-04:00  INFO 70193 --- [dsp-demo-project] [restartedMain] .s.d.r.c.RepositoryConfigurationDelegate : Bootstrapping Spring Data JPA repositories in DEFAULT mode.
2026-04-14T14:11:23.520-04:00  INFO 70193 --- [dsp-demo-project] [restartedMain] .s.d.r.c.RepositoryConfigurationDelegate : Finished Spring Data repository scanning in 4 ms. Found 2 JPA repository interfaces.
2026-04-14T14:11:23.559-04:00  INFO 70193 --- [dsp-demo-project] [restartedMain] o.s.boot.tomcat.TomcatWebServer          : Tomcat initialized with port 8080 (http)
2026-04-14T14:11:23.560-04:00  INFO 70193 --- [dsp-demo-project] [restartedMain] o.apache.catalina.core.StandardService   : Starting service [Tomcat]
2026-04-14T14:11:23.560-04:00  INFO 70193 --- [dsp-demo-project] [restartedMain] o.apache.catalina.core.StandardEngine    : Starting Servlet engine: [Apache Tomcat/11.0.20]
2026-04-14T14:11:23.565-04:00  INFO 70193 --- [dsp-demo-project] [restartedMain] b.w.c.s.WebApplicationContextInitializer : Root WebApplicationContext: initialization completed in 116 ms
2026-04-14T14:11:23.582-04:00  INFO 70193 --- [dsp-demo-project] [restartedMain] org.hibernate.orm.jpa                    : HHH008540: Processing PersistenceUnitInfo [name: default]
2026-04-14T14:11:23.596-04:00  INFO 70193 --- [dsp-demo-project] [restartedMain] o.s.o.j.p.SpringPersistenceUnitInfo      : No LoadTimeWeaver setup: ignoring JPA class transformer
2026-04-14T14:11:23.597-04:00  INFO 70193 --- [dsp-demo-project] [restartedMain] com.zaxxer.hikari.HikariDataSource       : HikariPool-3 - Starting...
2026-04-14T14:11:24.023-04:00  INFO 70193 --- [dsp-demo-project] [restartedMain] com.zaxxer.hikari.pool.HikariPool        : HikariPool-3 - Added connection org.postgresql.jdbc.PgConnection@6b0f11ee
2026-04-14T14:11:24.024-04:00  INFO 70193 --- [dsp-demo-project] [restartedMain] com.zaxxer.hikari.HikariDataSource       : HikariPool-3 - Start completed.
2026-04-14T14:11:24.055-04:00  WARN 70193 --- [dsp-demo-project] [restartedMain] org.hibernate.orm.deprecation            : HHH90000025: PostgreSQLDialect does not need to be specified explicitly using 'hibernate.dialect' (remove the property setting and it will be selected by default)
2026-04-14T14:11:24.177-04:00  INFO 70193 --- [dsp-demo-project] [restartedMain] org.hibernate.orm.connections.pooling    : HHH10001005: Database info:
	Database JDBC URL [jdbc:postgresql://dsp-demo-1.cwomfw6wy9rv.us-east-1.rds.amazonaws.com:5432/postgres?sslmode=verify-full&sslrootcert=./global-bundle.pem]
	Database driver: PostgreSQL JDBC Driver
	Database dialect: PostgreSQLDialect
	Database version: 17.6
	Default catalog/schema: postgres/public
	Autocommit mode: undefined/unknown
	Isolation level: READ_COMMITTED [default READ_COMMITTED]
	JDBC fetch size: none
	Pool: DataSourceConnectionProvider
	Minimum pool size: undefined/unknown
	Maximum pool size: undefined/unknown
2026-04-14T14:11:24.217-04:00  INFO 70193 --- [dsp-demo-project] [restartedMain] org.hibernate.orm.core                   : HHH000489: No JTA platform available (set 'hibernate.transaction.jta.platform' to enable JTA platform integration)
2026-04-14T14:11:24.452-04:00  INFO 70193 --- [dsp-demo-project] [restartedMain] j.LocalContainerEntityManagerFactoryBean : Initialized JPA EntityManagerFactory for persistence unit 'default'
2026-04-14T14:11:24.491-04:00  WARN 70193 --- [dsp-demo-project] [restartedMain] JpaBaseConfiguration$JpaWebConfiguration : spring.jpa.open-in-view is enabled by default. Therefore, database queries may be performed during view rendering. Explicitly configure spring.jpa.open-in-view to disable this warning
2026-04-14T14:11:24.512-04:00 DEBUG 70193 --- [dsp-demo-project] [restartedMain] s.w.s.m.m.a.RequestMappingHandlerMapping : 4 mappings in 'requestMappingHandlerMapping'
2026-04-14T14:11:24.518-04:00 DEBUG 70193 --- [dsp-demo-project] [restartedMain] o.s.w.s.handler.SimpleUrlHandlerMapping  : Patterns [/webjars/**, /**] in 'resourceHandlerMapping'
2026-04-14T14:11:24.521-04:00 DEBUG 70193 --- [dsp-demo-project] [restartedMain] s.w.s.m.m.a.RequestMappingHandlerAdapter : ControllerAdvice beans: 0 @ModelAttribute, 0 @InitBinder, 2 RequestBodyAdvice, 1 ResponseBodyAdvice
2026-04-14T14:11:24.525-04:00 DEBUG 70193 --- [dsp-demo-project] [restartedMain] .m.m.a.ExceptionHandlerExceptionResolver : ControllerAdvice beans: 1 @ExceptionHandler, 1 ResponseBodyAdvice
2026-04-14T14:11:24.543-04:00  INFO 70193 --- [dsp-demo-project] [restartedMain] o.s.boot.tomcat.TomcatWebServer          : Tomcat started on port 8080 (http) with context path '/'
2026-04-14T14:11:24.544-04:00  INFO 70193 --- [dsp-demo-project] [restartedMain] c.e.d.DspDemoProjectApplication          : Started DspDemoProjectApplication in 1.111 seconds (process running for 229.499)
2026-04-14T14:11:24.544-04:00  INFO 70193 --- [dsp-demo-project] [restartedMain] .ConditionEvaluationDeltaLoggingListener : Condition evaluation unchanged
2026-04-14T14:11:59.246-04:00  INFO 70193 --- [dsp-demo-project] [File Watcher] rtingClassPathChangeChangedEventListener : Restarting due to 1 class path change (1 addition, 0 deletions, 0 modifications)
2026-04-14T14:11:59.253-04:00  INFO 70193 --- [dsp-demo-project] [Thread-9] o.s.boot.tomcat.GracefulShutdown         : Commencing graceful shutdown. Waiting for active requests to complete
2026-04-14T14:11:59.256-04:00  INFO 70193 --- [dsp-demo-project] [tomcat-shutdown] o.s.boot.tomcat.GracefulShutdown         : Graceful shutdown complete
2026-04-14T14:11:59.259-04:00  INFO 70193 --- [dsp-demo-project] [Thread-9] j.LocalContainerEntityManagerFactoryBean : Closing JPA EntityManagerFactory for persistence unit 'default'
2026-04-14T14:11:59.261-04:00  INFO 70193 --- [dsp-demo-project] [Thread-9] com.zaxxer.hikari.HikariDataSource       : HikariPool-3 - Shutdown initiated...
2026-04-14T14:11:59.578-04:00  INFO 70193 --- [dsp-demo-project] [Thread-9] com.zaxxer.hikari.HikariDataSource       : HikariPool-3 - Shutdown completed.
2026-04-14T14:11:59.655-04:00  INFO 70193 --- [dsp-demo-project] [restartedMain] c.e.d.DspDemoProjectApplication          : Starting DspDemoProjectApplication using Java 17.0.18 with PID 70193 (/Users/garygz/IdeaProjects/dsp-demo-project/build/classes/java/main started by garygz in /Users/garygz/IdeaProjects/dsp-demo-project)
2026-04-14T14:11:59.655-04:00 DEBUG 70193 --- [dsp-demo-project] [restartedMain] c.e.d.DspDemoProjectApplication          : Running with Spring Boot v4.0.5, Spring v7.0.6
2026-04-14T14:11:59.655-04:00  INFO 70193 --- [dsp-demo-project] [restartedMain] c.e.d.DspDemoProjectApplication          : No active profile set, falling back to 1 default profile: "default"
2026-04-14T14:11:59.699-04:00  INFO 70193 --- [dsp-demo-project] [restartedMain] .s.d.r.c.RepositoryConfigurationDelegate : Bootstrapping Spring Data JPA repositories in DEFAULT mode.
2026-04-14T14:11:59.703-04:00  INFO 70193 --- [dsp-demo-project] [restartedMain] .s.d.r.c.RepositoryConfigurationDelegate : Finished Spring Data repository scanning in 3 ms. Found 2 JPA repository interfaces.
2026-04-14T14:11:59.733-04:00  INFO 70193 --- [dsp-demo-project] [restartedMain] o.s.boot.tomcat.TomcatWebServer          : Tomcat initialized with port 8080 (http)
2026-04-14T14:11:59.733-04:00  INFO 70193 --- [dsp-demo-project] [restartedMain] o.apache.catalina.core.StandardService   : Starting service [Tomcat]
2026-04-14T14:11:59.733-04:00  INFO 70193 --- [dsp-demo-project] [restartedMain] o.apache.catalina.core.StandardEngine    : Starting Servlet engine: [Apache Tomcat/11.0.20]
2026-04-14T14:11:59.738-04:00  INFO 70193 --- [dsp-demo-project] [restartedMain] b.w.c.s.WebApplicationContextInitializer : Root WebApplicationContext: initialization completed in 82 ms
2026-04-14T14:11:59.752-04:00  INFO 70193 --- [dsp-demo-project] [restartedMain] org.hibernate.orm.jpa                    : HHH008540: Processing PersistenceUnitInfo [name: default]
2026-04-14T14:11:59.762-04:00  INFO 70193 --- [dsp-demo-project] [restartedMain] o.s.o.j.p.SpringPersistenceUnitInfo      : No LoadTimeWeaver setup: ignoring JPA class transformer
2026-04-14T14:11:59.762-04:00  INFO 70193 --- [dsp-demo-project] [restartedMain] com.zaxxer.hikari.HikariDataSource       : HikariPool-4 - Starting...
2026-04-14T14:12:00.122-04:00  INFO 70193 --- [dsp-demo-project] [restartedMain] com.zaxxer.hikari.pool.HikariPool        : HikariPool-4 - Added connection org.postgresql.jdbc.PgConnection@6cd0ee98
2026-04-14T14:12:00.123-04:00  INFO 70193 --- [dsp-demo-project] [restartedMain] com.zaxxer.hikari.HikariDataSource       : HikariPool-4 - Start completed.
2026-04-14T14:12:00.157-04:00  WARN 70193 --- [dsp-demo-project] [restartedMain] org.hibernate.orm.deprecation            : HHH90000025: PostgreSQLDialect does not need to be specified explicitly using 'hibernate.dialect' (remove the property setting and it will be selected by default)
2026-04-14T14:12:00.282-04:00  INFO 70193 --- [dsp-demo-project] [restartedMain] org.hibernate.orm.connections.pooling    : HHH10001005: Database info:
	Database JDBC URL [jdbc:postgresql://dsp-demo-1.cwomfw6wy9rv.us-east-1.rds.amazonaws.com:5432/postgres?sslmode=verify-full&sslrootcert=./global-bundle.pem]
	Database driver: PostgreSQL JDBC Driver
	Database dialect: PostgreSQLDialect
	Database version: 17.6
	Default catalog/schema: postgres/public
	Autocommit mode: undefined/unknown
	Isolation level: READ_COMMITTED [default READ_COMMITTED]
	JDBC fetch size: none
	Pool: DataSourceConnectionProvider
	Minimum pool size: undefined/unknown
	Maximum pool size: undefined/unknown
2026-04-14T14:12:00.329-04:00  INFO 70193 --- [dsp-demo-project] [restartedMain] org.hibernate.orm.core                   : HHH000489: No JTA platform available (set 'hibernate.transaction.jta.platform' to enable JTA platform integration)
2026-04-14T14:12:00.575-04:00  INFO 70193 --- [dsp-demo-project] [restartedMain] j.LocalContainerEntityManagerFactoryBean : Initialized JPA EntityManagerFactory for persistence unit 'default'
2026-04-14T14:12:00.621-04:00  WARN 70193 --- [dsp-demo-project] [restartedMain] JpaBaseConfiguration$JpaWebConfiguration : spring.jpa.open-in-view is enabled by default. Therefore, database queries may be performed during view rendering. Explicitly configure spring.jpa.open-in-view to disable this warning
2026-04-14T14:12:00.640-04:00 DEBUG 70193 --- [dsp-demo-project] [restartedMain] s.w.s.m.m.a.RequestMappingHandlerMapping : 6 mappings in 'requestMappingHandlerMapping'
2026-04-14T14:12:00.645-04:00 DEBUG 70193 --- [dsp-demo-project] [restartedMain] o.s.w.s.handler.SimpleUrlHandlerMapping  : Patterns [/webjars/**, /**] in 'resourceHandlerMapping'
2026-04-14T14:12:00.648-04:00 DEBUG 70193 --- [dsp-demo-project] [restartedMain] s.w.s.m.m.a.RequestMappingHandlerAdapter : ControllerAdvice beans: 0 @ModelAttribute, 0 @InitBinder, 2 RequestBodyAdvice, 1 ResponseBodyAdvice
2026-04-14T14:12:00.651-04:00 DEBUG 70193 --- [dsp-demo-project] [restartedMain] .m.m.a.ExceptionHandlerExceptionResolver : ControllerAdvice beans: 1 @ExceptionHandler, 1 ResponseBodyAdvice
2026-04-14T14:12:00.667-04:00  INFO 70193 --- [dsp-demo-project] [restartedMain] o.s.boot.tomcat.TomcatWebServer          : Tomcat started on port 8080 (http) with context path '/'
2026-04-14T14:12:00.668-04:00  INFO 70193 --- [dsp-demo-project] [restartedMain] c.e.d.DspDemoProjectApplication          : Started DspDemoProjectApplication in 1.023 seconds (process running for 265.623)
2026-04-14T14:12:00.668-04:00  INFO 70193 --- [dsp-demo-project] [restartedMain] .ConditionEvaluationDeltaLoggingListener : Condition evaluation unchanged
2026-04-14T14:12:07.755-04:00  INFO 70193 --- [dsp-demo-project] [http-nio-8080-exec-2] o.a.c.c.C.[Tomcat].[localhost].[/]       : Initializing Spring DispatcherServlet 'dispatcherServlet'
2026-04-14T14:12:07.755-04:00  INFO 70193 --- [dsp-demo-project] [http-nio-8080-exec-2] o.s.web.servlet.DispatcherServlet        : Initializing Servlet 'dispatcherServlet'
2026-04-14T14:12:07.755-04:00 DEBUG 70193 --- [dsp-demo-project] [http-nio-8080-exec-2] o.s.web.servlet.DispatcherServlet        : Detected StandardServletMultipartResolver
2026-04-14T14:12:07.756-04:00 DEBUG 70193 --- [dsp-demo-project] [http-nio-8080-exec-2] o.s.web.servlet.DispatcherServlet        : Detected AcceptHeaderLocaleResolver
2026-04-14T14:12:07.757-04:00 DEBUG 70193 --- [dsp-demo-project] [http-nio-8080-exec-2] o.s.web.servlet.DispatcherServlet        : Detected org.springframework.web.servlet.view.DefaultRequestToViewNameTranslator@7d8f51e0
2026-04-14T14:12:07.757-04:00 DEBUG 70193 --- [dsp-demo-project] [http-nio-8080-exec-2] o.s.web.servlet.DispatcherServlet        : Detected org.springframework.web.servlet.support.SessionFlashMapManager@51cbde5f
2026-04-14T14:12:07.757-04:00 DEBUG 70193 --- [dsp-demo-project] [http-nio-8080-exec-2] o.s.web.servlet.DispatcherServlet        : enableLoggingRequestDetails='false': request parameters and headers will be masked to prevent unsafe logging of potentially sensitive data
2026-04-14T14:12:07.757-04:00  INFO 70193 --- [dsp-demo-project] [http-nio-8080-exec-2] o.s.web.servlet.DispatcherServlet        : Completed initialization in 2 ms
2026-04-14T14:12:07.758-04:00 DEBUG 70193 --- [dsp-demo-project] [http-nio-8080-exec-2] o.s.web.servlet.DispatcherServlet        : GET "/advertisers", parameters={}
2026-04-14T14:12:07.758-04:00 DEBUG 70193 --- [dsp-demo-project] [http-nio-8080-exec-2] s.w.s.m.m.a.RequestMappingHandlerMapping : Mapped to controller.com.garygz.dspdemoproject.RestEndpointController#listAllAdvertisers()
2026-04-14T14:12:07.860-04:00 DEBUG 70193 --- [dsp-demo-project] [http-nio-8080-exec-2] o.s.w.s.m.m.a.HttpEntityMethodProcessor  : Using 'application/json', given [*/*] and supported [application/json, application/*+json]
2026-04-14T14:12:07.861-04:00 DEBUG 70193 --- [dsp-demo-project] [http-nio-8080-exec-2] o.s.w.s.m.m.a.HttpEntityMethodProcessor  : Writing [[entity.com.garygz.dspdemoproject.Advertiser@56ac3d4f, entity.com.garygz.dspdemoproject.Advertiser (truncated)...]
2026-04-14T14:12:07.865-04:00 DEBUG 70193 --- [dsp-demo-project] [http-nio-8080-exec-2] o.s.web.servlet.DispatcherServlet        : Completed 200 OK
2026-04-14T14:30:00.207-04:00  INFO 70193 --- [dsp-demo-project] [SpringApplicationShutdownHook] o.s.boot.tomcat.GracefulShutdown         : Commencing graceful shutdown. Waiting for active requests to complete
2026-04-14T14:30:00.211-04:00  INFO 70193 --- [dsp-demo-project] [tomcat-shutdown] o.s.boot.tomcat.GracefulShutdown         : Graceful shutdown complete
2026-04-14T14:30:00.213-04:00  INFO 70193 --- [dsp-demo-project] [SpringApplicationShutdownHook] j.LocalContainerEntityManagerFactoryBean : Closing JPA EntityManagerFactory for persistence unit 'default'
2026-04-14T14:30:00.215-04:00  INFO 70193 --- [dsp-demo-project] [SpringApplicationShutdownHook] com.zaxxer.hikari.HikariDataSource       : HikariPool-4 - Shutdown initiated...
2026-04-14T14:30:00.553-04:00  INFO 70193 --- [dsp-demo-project] [SpringApplicationShutdownHook] com.zaxxer.hikari.HikariDataSource       : HikariPool-4 - Shutdown completed.
2026-04-14T14:30:02.857-04:00  INFO 70516 --- [dsp-demo-project] [restartedMain] c.e.d.DspDemoProjectApplication          : Starting DspDemoProjectApplication using Java 17.0.18 with PID 70516 (/Users/garygz/IdeaProjects/dsp-demo-project/build/classes/java/main started by garygz in /Users/garygz/IdeaProjects/dsp-demo-project)
2026-04-14T14:30:02.858-04:00 DEBUG 70516 --- [dsp-demo-project] [restartedMain] c.e.d.DspDemoProjectApplication          : Running with Spring Boot v4.0.5, Spring v7.0.6
2026-04-14T14:30:02.858-04:00  INFO 70516 --- [dsp-demo-project] [restartedMain] c.e.d.DspDemoProjectApplication          : No active profile set, falling back to 1 default profile: "default"
2026-04-14T14:30:02.873-04:00  INFO 70516 --- [dsp-demo-project] [restartedMain] .e.DevToolsPropertyDefaultsPostProcessor : Devtools property defaults active! Set 'spring.devtools.add-properties' to 'false' to disable
2026-04-14T14:30:02.873-04:00  INFO 70516 --- [dsp-demo-project] [restartedMain] .e.DevToolsPropertyDefaultsPostProcessor : For additional web related logging consider setting the 'logging.level.web' property to 'DEBUG'
2026-04-14T14:30:03.086-04:00  INFO 70516 --- [dsp-demo-project] [restartedMain] .s.d.r.c.RepositoryConfigurationDelegate : Bootstrapping Spring Data JPA repositories in DEFAULT mode.
2026-04-14T14:30:03.106-04:00  INFO 70516 --- [dsp-demo-project] [restartedMain] .s.d.r.c.RepositoryConfigurationDelegate : Finished Spring Data repository scanning in 16 ms. Found 2 JPA repository interfaces.
2026-04-14T14:30:03.268-04:00  INFO 70516 --- [dsp-demo-project] [restartedMain] o.s.boot.tomcat.TomcatWebServer          : Tomcat initialized with port 8080 (http)
2026-04-14T14:30:03.273-04:00  INFO 70516 --- [dsp-demo-project] [restartedMain] o.apache.catalina.core.StandardService   : Starting service [Tomcat]
2026-04-14T14:30:03.273-04:00  INFO 70516 --- [dsp-demo-project] [restartedMain] o.apache.catalina.core.StandardEngine    : Starting Servlet engine: [Apache Tomcat/11.0.20]
2026-04-14T14:30:03.289-04:00  INFO 70516 --- [dsp-demo-project] [restartedMain] b.w.c.s.WebApplicationContextInitializer : Root WebApplicationContext: initialization completed in 416 ms
2026-04-14T14:30:03.358-04:00  INFO 70516 --- [dsp-demo-project] [restartedMain] org.hibernate.orm.jpa                    : HHH008540: Processing PersistenceUnitInfo [name: default]
2026-04-14T14:30:03.386-04:00  INFO 70516 --- [dsp-demo-project] [restartedMain] org.hibernate.orm.core                   : HHH000001: Hibernate ORM core version 7.2.7.Final
2026-04-14T14:30:03.582-04:00  INFO 70516 --- [dsp-demo-project] [restartedMain] o.s.o.j.p.SpringPersistenceUnitInfo      : No LoadTimeWeaver setup: ignoring JPA class transformer
2026-04-14T14:30:03.596-04:00  INFO 70516 --- [dsp-demo-project] [restartedMain] com.zaxxer.hikari.HikariDataSource       : HikariPool-1 - Starting...
2026-04-14T14:30:04.100-04:00  INFO 70516 --- [dsp-demo-project] [restartedMain] com.zaxxer.hikari.pool.HikariPool        : HikariPool-1 - Added connection org.postgresql.jdbc.PgConnection@10c87bfa
2026-04-14T14:30:04.101-04:00  INFO 70516 --- [dsp-demo-project] [restartedMain] com.zaxxer.hikari.HikariDataSource       : HikariPool-1 - Start completed.
2026-04-14T14:30:04.154-04:00  WARN 70516 --- [dsp-demo-project] [restartedMain] org.hibernate.orm.deprecation            : HHH90000025: PostgreSQLDialect does not need to be specified explicitly using 'hibernate.dialect' (remove the property setting and it will be selected by default)
2026-04-14T14:30:04.295-04:00  INFO 70516 --- [dsp-demo-project] [restartedMain] org.hibernate.orm.connections.pooling    : HHH10001005: Database info:
	Database JDBC URL [jdbc:postgresql://dsp-demo-1.cwomfw6wy9rv.us-east-1.rds.amazonaws.com:5432/postgres?sslmode=verify-full&sslrootcert=./global-bundle.pem]
	Database driver: PostgreSQL JDBC Driver
	Database dialect: PostgreSQLDialect
	Database version: 17.6
	Default catalog/schema: postgres/public
	Autocommit mode: undefined/unknown
	Isolation level: READ_COMMITTED [default READ_COMMITTED]
	JDBC fetch size: none
	Pool: DataSourceConnectionProvider
	Minimum pool size: undefined/unknown
	Maximum pool size: undefined/unknown
2026-04-14T14:30:04.711-04:00  INFO 70516 --- [dsp-demo-project] [restartedMain] org.hibernate.orm.core                   : HHH000489: No JTA platform available (set 'hibernate.transaction.jta.platform' to enable JTA platform integration)
2026-04-14T14:30:04.974-04:00  INFO 70516 --- [dsp-demo-project] [restartedMain] j.LocalContainerEntityManagerFactoryBean : Initialized JPA EntityManagerFactory for persistence unit 'default'
2026-04-14T14:30:05.025-04:00  INFO 70516 --- [dsp-demo-project] [restartedMain] o.s.d.j.r.query.QueryEnhancerFactories   : Hibernate is in classpath; If applicable, HQL parser will be used.
2026-04-14T14:30:05.100-04:00  WARN 70516 --- [dsp-demo-project] [restartedMain] JpaBaseConfiguration$JpaWebConfiguration : spring.jpa.open-in-view is enabled by default. Therefore, database queries may be performed during view rendering. Explicitly configure spring.jpa.open-in-view to disable this warning
2026-04-14T14:30:05.145-04:00 DEBUG 70516 --- [dsp-demo-project] [restartedMain] s.w.s.m.m.a.RequestMappingHandlerMapping : 6 mappings in 'requestMappingHandlerMapping'
2026-04-14T14:30:05.156-04:00 DEBUG 70516 --- [dsp-demo-project] [restartedMain] o.s.w.s.handler.SimpleUrlHandlerMapping  : Patterns [/webjars/**, /**] in 'resourceHandlerMapping'
2026-04-14T14:30:05.164-04:00 DEBUG 70516 --- [dsp-demo-project] [restartedMain] s.w.s.m.m.a.RequestMappingHandlerAdapter : ControllerAdvice beans: 0 @ModelAttribute, 0 @InitBinder, 2 RequestBodyAdvice, 1 ResponseBodyAdvice
2026-04-14T14:30:05.179-04:00 DEBUG 70516 --- [dsp-demo-project] [restartedMain] .m.m.a.ExceptionHandlerExceptionResolver : ControllerAdvice beans: 1 @ExceptionHandler, 1 ResponseBodyAdvice
2026-04-14T14:30:05.237-04:00  INFO 70516 --- [dsp-demo-project] [restartedMain] o.s.boot.tomcat.TomcatWebServer          : Tomcat started on port 8080 (http) with context path '/'
2026-04-14T14:30:05.243-04:00  INFO 70516 --- [dsp-demo-project] [restartedMain] c.e.d.DspDemoProjectApplication          : Started DspDemoProjectApplication in 2.538 seconds (process running for 2.781)
2026-04-14T14:30:21.778-04:00  INFO 70516 --- [dsp-demo-project] [http-nio-8080-exec-1] o.a.c.c.C.[Tomcat].[localhost].[/]       : Initializing Spring DispatcherServlet 'dispatcherServlet'
2026-04-14T14:30:21.779-04:00  INFO 70516 --- [dsp-demo-project] [http-nio-8080-exec-1] o.s.web.servlet.DispatcherServlet        : Initializing Servlet 'dispatcherServlet'
2026-04-14T14:30:21.779-04:00 DEBUG 70516 --- [dsp-demo-project] [http-nio-8080-exec-1] o.s.web.servlet.DispatcherServlet        : Detected StandardServletMultipartResolver
2026-04-14T14:30:21.779-04:00 DEBUG 70516 --- [dsp-demo-project] [http-nio-8080-exec-1] o.s.web.servlet.DispatcherServlet        : Detected AcceptHeaderLocaleResolver
2026-04-14T14:30:21.780-04:00 DEBUG 70516 --- [dsp-demo-project] [http-nio-8080-exec-1] o.s.web.servlet.DispatcherServlet        : Detected org.springframework.web.servlet.view.DefaultRequestToViewNameTranslator@2aef9cac
2026-04-14T14:30:21.780-04:00 DEBUG 70516 --- [dsp-demo-project] [http-nio-8080-exec-1] o.s.web.servlet.DispatcherServlet        : Detected org.springframework.web.servlet.support.SessionFlashMapManager@5f7ed8b3
2026-04-14T14:30:21.780-04:00 DEBUG 70516 --- [dsp-demo-project] [http-nio-8080-exec-1] o.s.web.servlet.DispatcherServlet        : enableLoggingRequestDetails='false': request parameters and headers will be masked to prevent unsafe logging of potentially sensitive data
2026-04-14T14:30:21.780-04:00  INFO 70516 --- [dsp-demo-project] [http-nio-8080-exec-1] o.s.web.servlet.DispatcherServlet        : Completed initialization in 1 ms
2026-04-14T14:30:21.783-04:00 DEBUG 70516 --- [dsp-demo-project] [http-nio-8080-exec-1] o.s.web.servlet.DispatcherServlet        : GET "/actuator", parameters={}
2026-04-14T14:30:21.788-04:00 DEBUG 70516 --- [dsp-demo-project] [http-nio-8080-exec-1] o.s.w.s.handler.SimpleUrlHandlerMapping  : Mapped to ResourceHttpRequestHandler [classpath [META-INF/resources/], classpath [resources/], classpath [static/], classpath [public/], ServletContext [/]]
2026-04-14T14:30:21.793-04:00 DEBUG 70516 --- [dsp-demo-project] [http-nio-8080-exec-1] o.s.w.s.r.ResourceHttpRequestHandler     : Resource not found
2026-04-14T14:30:21.795-04:00 DEBUG 70516 --- [dsp-demo-project] [http-nio-8080-exec-1] .m.m.a.ExceptionHandlerExceptionResolver : Using @ExceptionHandler controller.com.garygz.dspdemoproject.GlobalExceptionHandler#handleGeneric(Exception)
2026-04-14T14:30:21.799-04:00 DEBUG 70516 --- [dsp-demo-project] [http-nio-8080-exec-1] o.s.w.s.m.m.a.HttpEntityMethodProcessor  : Using 'text/plain', given [*/*] and supported [text/plain, */*, application/json, application/*+json]
2026-04-14T14:30:21.800-04:00 DEBUG 70516 --- [dsp-demo-project] [http-nio-8080-exec-1] o.s.w.s.m.m.a.HttpEntityMethodProcessor  : Writing ["Something went wrong"]
2026-04-14T14:30:21.802-04:00  WARN 70516 --- [dsp-demo-project] [http-nio-8080-exec-1] .m.m.a.ExceptionHandlerExceptionResolver : Resolved [org.springframework.web.servlet.resource.NoResourceFoundException: No static resource actuator for request '/actuator'.]
2026-04-14T14:30:21.803-04:00 DEBUG 70516 --- [dsp-demo-project] [http-nio-8080-exec-1] o.s.web.servlet.DispatcherServlet        : Completed 500 INTERNAL_SERVER_ERROR
2026-04-14T14:33:08.512-04:00  INFO 70516 --- [dsp-demo-project] [SpringApplicationShutdownHook] o.s.boot.tomcat.GracefulShutdown         : Commencing graceful shutdown. Waiting for active requests to complete
2026-04-14T14:33:08.517-04:00  INFO 70516 --- [dsp-demo-project] [tomcat-shutdown] o.s.boot.tomcat.GracefulShutdown         : Graceful shutdown complete
2026-04-14T14:33:08.519-04:00  INFO 70516 --- [dsp-demo-project] [SpringApplicationShutdownHook] j.LocalContainerEntityManagerFactoryBean : Closing JPA EntityManagerFactory for persistence unit 'default'
2026-04-14T14:33:08.522-04:00  INFO 70516 --- [dsp-demo-project] [SpringApplicationShutdownHook] com.zaxxer.hikari.HikariDataSource       : HikariPool-1 - Shutdown initiated...
2026-04-14T14:33:08.844-04:00  INFO 70516 --- [dsp-demo-project] [SpringApplicationShutdownHook] com.zaxxer.hikari.HikariDataSource       : HikariPool-1 - Shutdown completed.
2026-04-14T14:33:10.154-04:00  INFO 70626 --- [dsp-demo-project] [restartedMain] c.e.d.DspDemoProjectApplication          : Starting DspDemoProjectApplication using Java 17.0.18 with PID 70626 (/Users/garygz/IdeaProjects/dsp-demo-project/build/classes/java/main started by garygz in /Users/garygz/IdeaProjects/dsp-demo-project)
2026-04-14T14:33:10.155-04:00 DEBUG 70626 --- [dsp-demo-project] [restartedMain] c.e.d.DspDemoProjectApplication          : Running with Spring Boot v4.0.5, Spring v7.0.6
2026-04-14T14:33:10.155-04:00  INFO 70626 --- [dsp-demo-project] [restartedMain] c.e.d.DspDemoProjectApplication          : No active profile set, falling back to 1 default profile: "default"
2026-04-14T14:33:10.170-04:00  INFO 70626 --- [dsp-demo-project] [restartedMain] .e.DevToolsPropertyDefaultsPostProcessor : Devtools property defaults active! Set 'spring.devtools.add-properties' to 'false' to disable
2026-04-14T14:33:10.170-04:00  INFO 70626 --- [dsp-demo-project] [restartedMain] .e.DevToolsPropertyDefaultsPostProcessor : For additional web related logging consider setting the 'logging.level.web' property to 'DEBUG'
2026-04-14T14:33:10.384-04:00  INFO 70626 --- [dsp-demo-project] [restartedMain] .s.d.r.c.RepositoryConfigurationDelegate : Bootstrapping Spring Data JPA repositories in DEFAULT mode.
2026-04-14T14:33:10.402-04:00  INFO 70626 --- [dsp-demo-project] [restartedMain] .s.d.r.c.RepositoryConfigurationDelegate : Finished Spring Data repository scanning in 15 ms. Found 2 JPA repository interfaces.
2026-04-14T14:33:10.563-04:00  INFO 70626 --- [dsp-demo-project] [restartedMain] o.s.boot.tomcat.TomcatWebServer          : Tomcat initialized with port 8080 (http)
2026-04-14T14:33:10.568-04:00  INFO 70626 --- [dsp-demo-project] [restartedMain] o.apache.catalina.core.StandardService   : Starting service [Tomcat]
2026-04-14T14:33:10.568-04:00  INFO 70626 --- [dsp-demo-project] [restartedMain] o.apache.catalina.core.StandardEngine    : Starting Servlet engine: [Apache Tomcat/11.0.20]
2026-04-14T14:33:10.581-04:00  INFO 70626 --- [dsp-demo-project] [restartedMain] b.w.c.s.WebApplicationContextInitializer : Root WebApplicationContext: initialization completed in 410 ms
2026-04-14T14:33:10.652-04:00  INFO 70626 --- [dsp-demo-project] [restartedMain] org.hibernate.orm.jpa                    : HHH008540: Processing PersistenceUnitInfo [name: default]
2026-04-14T14:33:10.675-04:00  INFO 70626 --- [dsp-demo-project] [restartedMain] org.hibernate.orm.core                   : HHH000001: Hibernate ORM core version 7.2.7.Final
2026-04-14T14:33:10.843-04:00  INFO 70626 --- [dsp-demo-project] [restartedMain] o.s.o.j.p.SpringPersistenceUnitInfo      : No LoadTimeWeaver setup: ignoring JPA class transformer
2026-04-14T14:33:10.856-04:00  INFO 70626 --- [dsp-demo-project] [restartedMain] com.zaxxer.hikari.HikariDataSource       : HikariPool-1 - Starting...
2026-04-14T14:33:11.342-04:00  INFO 70626 --- [dsp-demo-project] [restartedMain] com.zaxxer.hikari.pool.HikariPool        : HikariPool-1 - Added connection org.postgresql.jdbc.PgConnection@5c29b981
2026-04-14T14:33:11.343-04:00  INFO 70626 --- [dsp-demo-project] [restartedMain] com.zaxxer.hikari.HikariDataSource       : HikariPool-1 - Start completed.
2026-04-14T14:33:11.395-04:00  WARN 70626 --- [dsp-demo-project] [restartedMain] org.hibernate.orm.deprecation            : HHH90000025: PostgreSQLDialect does not need to be specified explicitly using 'hibernate.dialect' (remove the property setting and it will be selected by default)
2026-04-14T14:33:11.527-04:00  INFO 70626 --- [dsp-demo-project] [restartedMain] org.hibernate.orm.connections.pooling    : HHH10001005: Database info:
	Database JDBC URL [jdbc:postgresql://dsp-demo-1.cwomfw6wy9rv.us-east-1.rds.amazonaws.com:5432/postgres?sslmode=verify-full&sslrootcert=./global-bundle.pem]
	Database driver: PostgreSQL JDBC Driver
	Database dialect: PostgreSQLDialect
	Database version: 17.6
	Default catalog/schema: postgres/public
	Autocommit mode: undefined/unknown
	Isolation level: READ_COMMITTED [default READ_COMMITTED]
	JDBC fetch size: none
	Pool: DataSourceConnectionProvider
	Minimum pool size: undefined/unknown
	Maximum pool size: undefined/unknown
2026-04-14T14:33:11.912-04:00  INFO 70626 --- [dsp-demo-project] [restartedMain] org.hibernate.orm.core                   : HHH000489: No JTA platform available (set 'hibernate.transaction.jta.platform' to enable JTA platform integration)
2026-04-14T14:33:12.169-04:00  INFO 70626 --- [dsp-demo-project] [restartedMain] j.LocalContainerEntityManagerFactoryBean : Initialized JPA EntityManagerFactory for persistence unit 'default'
2026-04-14T14:33:12.216-04:00  INFO 70626 --- [dsp-demo-project] [restartedMain] o.s.d.j.r.query.QueryEnhancerFactories   : Hibernate is in classpath; If applicable, HQL parser will be used.
2026-04-14T14:33:12.291-04:00  WARN 70626 --- [dsp-demo-project] [restartedMain] JpaBaseConfiguration$JpaWebConfiguration : spring.jpa.open-in-view is enabled by default. Therefore, database queries may be performed during view rendering. Explicitly configure spring.jpa.open-in-view to disable this warning
2026-04-14T14:33:12.337-04:00 DEBUG 70626 --- [dsp-demo-project] [restartedMain] s.w.s.m.m.a.RequestMappingHandlerMapping : 6 mappings in 'requestMappingHandlerMapping'
2026-04-14T14:33:12.348-04:00 DEBUG 70626 --- [dsp-demo-project] [restartedMain] o.s.w.s.handler.SimpleUrlHandlerMapping  : Patterns [/webjars/**, /**] in 'resourceHandlerMapping'
2026-04-14T14:33:12.356-04:00 DEBUG 70626 --- [dsp-demo-project] [restartedMain] s.w.s.m.m.a.RequestMappingHandlerAdapter : ControllerAdvice beans: 0 @ModelAttribute, 0 @InitBinder, 2 RequestBodyAdvice, 1 ResponseBodyAdvice
2026-04-14T14:33:12.372-04:00 DEBUG 70626 --- [dsp-demo-project] [restartedMain] .m.m.a.ExceptionHandlerExceptionResolver : ControllerAdvice beans: 1 @ExceptionHandler, 1 ResponseBodyAdvice
2026-04-14T14:33:12.420-04:00  INFO 70626 --- [dsp-demo-project] [restartedMain] o.s.boot.tomcat.TomcatWebServer          : Tomcat started on port 8080 (http) with context path '/'
2026-04-14T14:33:12.423-04:00  INFO 70626 --- [dsp-demo-project] [restartedMain] c.e.d.DspDemoProjectApplication          : Started DspDemoProjectApplication in 2.413 seconds (process running for 2.736)
2026-04-14T14:34:35.622-04:00  INFO 70626 --- [dsp-demo-project] [SpringApplicationShutdownHook] o.s.boot.tomcat.GracefulShutdown         : Commencing graceful shutdown. Waiting for active requests to complete
2026-04-14T14:34:35.633-04:00  INFO 70626 --- [dsp-demo-project] [tomcat-shutdown] o.s.boot.tomcat.GracefulShutdown         : Graceful shutdown complete
2026-04-14T14:34:35.637-04:00  INFO 70626 --- [dsp-demo-project] [SpringApplicationShutdownHook] j.LocalContainerEntityManagerFactoryBean : Closing JPA EntityManagerFactory for persistence unit 'default'
2026-04-14T14:34:35.641-04:00  INFO 70626 --- [dsp-demo-project] [SpringApplicationShutdownHook] com.zaxxer.hikari.HikariDataSource       : HikariPool-1 - Shutdown initiated...
2026-04-14T14:34:35.960-04:00  INFO 70626 --- [dsp-demo-project] [SpringApplicationShutdownHook] com.zaxxer.hikari.HikariDataSource       : HikariPool-1 - Shutdown completed.
2026-04-14T14:34:37.654-04:00  INFO 70648 --- [dsp-demo-project] [restartedMain] c.e.d.DspDemoProjectApplication          : Starting DspDemoProjectApplication using Java 17.0.18 with PID 70648 (/Users/garygz/IdeaProjects/dsp-demo-project/build/classes/java/main started by garygz in /Users/garygz/IdeaProjects/dsp-demo-project)
2026-04-14T14:34:37.655-04:00 DEBUG 70648 --- [dsp-demo-project] [restartedMain] c.e.d.DspDemoProjectApplication          : Running with Spring Boot v4.0.5, Spring v7.0.6
2026-04-14T14:34:37.655-04:00  INFO 70648 --- [dsp-demo-project] [restartedMain] c.e.d.DspDemoProjectApplication          : No active profile set, falling back to 1 default profile: "default"
2026-04-14T14:34:37.670-04:00  INFO 70648 --- [dsp-demo-project] [restartedMain] .e.DevToolsPropertyDefaultsPostProcessor : Devtools property defaults active! Set 'spring.devtools.add-properties' to 'false' to disable
2026-04-14T14:34:37.670-04:00  INFO 70648 --- [dsp-demo-project] [restartedMain] .e.DevToolsPropertyDefaultsPostProcessor : For additional web related logging consider setting the 'logging.level.web' property to 'DEBUG'
2026-04-14T14:34:37.879-04:00  INFO 70648 --- [dsp-demo-project] [restartedMain] .s.d.r.c.RepositoryConfigurationDelegate : Bootstrapping Spring Data JPA repositories in DEFAULT mode.
2026-04-14T14:34:37.901-04:00  INFO 70648 --- [dsp-demo-project] [restartedMain] .s.d.r.c.RepositoryConfigurationDelegate : Finished Spring Data repository scanning in 17 ms. Found 2 JPA repository interfaces.
2026-04-14T14:34:38.058-04:00  INFO 70648 --- [dsp-demo-project] [restartedMain] o.s.boot.tomcat.TomcatWebServer          : Tomcat initialized with port 8080 (http)
2026-04-14T14:34:38.063-04:00  INFO 70648 --- [dsp-demo-project] [restartedMain] o.apache.catalina.core.StandardService   : Starting service [Tomcat]
2026-04-14T14:34:38.063-04:00  INFO 70648 --- [dsp-demo-project] [restartedMain] o.apache.catalina.core.StandardEngine    : Starting Servlet engine: [Apache Tomcat/11.0.20]
2026-04-14T14:34:38.076-04:00  INFO 70648 --- [dsp-demo-project] [restartedMain] b.w.c.s.WebApplicationContextInitializer : Root WebApplicationContext: initialization completed in 406 ms
2026-04-14T14:34:38.147-04:00  INFO 70648 --- [dsp-demo-project] [restartedMain] org.hibernate.orm.jpa                    : HHH008540: Processing PersistenceUnitInfo [name: default]
2026-04-14T14:34:38.171-04:00  INFO 70648 --- [dsp-demo-project] [restartedMain] org.hibernate.orm.core                   : HHH000001: Hibernate ORM core version 7.2.7.Final
2026-04-14T14:34:38.341-04:00  INFO 70648 --- [dsp-demo-project] [restartedMain] o.s.o.j.p.SpringPersistenceUnitInfo      : No LoadTimeWeaver setup: ignoring JPA class transformer
2026-04-14T14:34:38.354-04:00  INFO 70648 --- [dsp-demo-project] [restartedMain] com.zaxxer.hikari.HikariDataSource       : HikariPool-1 - Starting...
2026-04-14T14:34:38.858-04:00  INFO 70648 --- [dsp-demo-project] [restartedMain] com.zaxxer.hikari.pool.HikariPool        : HikariPool-1 - Added connection org.postgresql.jdbc.PgConnection@3f07b13f
2026-04-14T14:34:38.859-04:00  INFO 70648 --- [dsp-demo-project] [restartedMain] com.zaxxer.hikari.HikariDataSource       : HikariPool-1 - Start completed.
2026-04-14T14:34:38.905-04:00  WARN 70648 --- [dsp-demo-project] [restartedMain] org.hibernate.orm.deprecation            : HHH90000025: PostgreSQLDialect does not need to be specified explicitly using 'hibernate.dialect' (remove the property setting and it will be selected by default)
2026-04-14T14:34:39.033-04:00  INFO 70648 --- [dsp-demo-project] [restartedMain] org.hibernate.orm.connections.pooling    : HHH10001005: Database info:
	Database JDBC URL [jdbc:postgresql://dsp-demo-1.cwomfw6wy9rv.us-east-1.rds.amazonaws.com:5432/postgres?sslmode=verify-full&sslrootcert=./global-bundle.pem]
	Database driver: PostgreSQL JDBC Driver
	Database dialect: PostgreSQLDialect
	Database version: 17.6
	Default catalog/schema: postgres/public
	Autocommit mode: undefined/unknown
	Isolation level: READ_COMMITTED [default READ_COMMITTED]
	JDBC fetch size: none
	Pool: DataSourceConnectionProvider
	Minimum pool size: undefined/unknown
	Maximum pool size: undefined/unknown
2026-04-14T14:34:39.436-04:00  INFO 70648 --- [dsp-demo-project] [restartedMain] org.hibernate.orm.core                   : HHH000489: No JTA platform available (set 'hibernate.transaction.jta.platform' to enable JTA platform integration)
2026-04-14T14:34:39.685-04:00  INFO 70648 --- [dsp-demo-project] [restartedMain] j.LocalContainerEntityManagerFactoryBean : Initialized JPA EntityManagerFactory for persistence unit 'default'
2026-04-14T14:34:39.735-04:00  INFO 70648 --- [dsp-demo-project] [restartedMain] o.s.d.j.r.query.QueryEnhancerFactories   : Hibernate is in classpath; If applicable, HQL parser will be used.
2026-04-14T14:34:39.808-04:00  WARN 70648 --- [dsp-demo-project] [restartedMain] JpaBaseConfiguration$JpaWebConfiguration : spring.jpa.open-in-view is enabled by default. Therefore, database queries may be performed during view rendering. Explicitly configure spring.jpa.open-in-view to disable this warning
2026-04-14T14:34:39.857-04:00 DEBUG 70648 --- [dsp-demo-project] [restartedMain] s.w.s.m.m.a.RequestMappingHandlerMapping : 6 mappings in 'requestMappingHandlerMapping'
2026-04-14T14:34:39.868-04:00 DEBUG 70648 --- [dsp-demo-project] [restartedMain] o.s.w.s.handler.SimpleUrlHandlerMapping  : Patterns [/webjars/**, /**] in 'resourceHandlerMapping'
2026-04-14T14:34:39.876-04:00 DEBUG 70648 --- [dsp-demo-project] [restartedMain] s.w.s.m.m.a.RequestMappingHandlerAdapter : ControllerAdvice beans: 0 @ModelAttribute, 0 @InitBinder, 2 RequestBodyAdvice, 1 ResponseBodyAdvice
2026-04-14T14:34:39.892-04:00 DEBUG 70648 --- [dsp-demo-project] [restartedMain] .m.m.a.ExceptionHandlerExceptionResolver : ControllerAdvice beans: 1 @ExceptionHandler, 1 ResponseBodyAdvice
2026-04-14T14:34:39.939-04:00  INFO 70648 --- [dsp-demo-project] [restartedMain] o.s.boot.tomcat.TomcatWebServer          : Tomcat started on port 8080 (http) with context path '/'
2026-04-14T14:34:39.942-04:00  INFO 70648 --- [dsp-demo-project] [restartedMain] c.e.d.DspDemoProjectApplication          : Started DspDemoProjectApplication in 2.44 seconds (process running for 2.664)
2026-04-14T14:35:32.195-04:00  INFO 70648 --- [dsp-demo-project] [File Watcher] rtingClassPathChangeChangedEventListener : Restarting due to 18 class path changes (0 additions, 0 deletions, 18 modifications)
2026-04-14T14:35:32.211-04:00  INFO 70648 --- [dsp-demo-project] [Thread-1] o.s.boot.tomcat.GracefulShutdown         : Commencing graceful shutdown. Waiting for active requests to complete
2026-04-14T14:35:32.219-04:00  INFO 70648 --- [dsp-demo-project] [tomcat-shutdown] o.s.boot.tomcat.GracefulShutdown         : Graceful shutdown complete
2026-04-14T14:35:32.223-04:00  INFO 70648 --- [dsp-demo-project] [Thread-1] j.LocalContainerEntityManagerFactoryBean : Closing JPA EntityManagerFactory for persistence unit 'default'
2026-04-14T14:35:32.226-04:00  INFO 70648 --- [dsp-demo-project] [Thread-1] com.zaxxer.hikari.HikariDataSource       : HikariPool-1 - Shutdown initiated...
2026-04-14T14:35:32.546-04:00  INFO 70648 --- [dsp-demo-project] [Thread-1] com.zaxxer.hikari.HikariDataSource       : HikariPool-1 - Shutdown completed.
2026-04-14T14:35:32.631-04:00  INFO 70648 --- [dsp-demo-project] [restartedMain] c.e.d.DspDemoProjectApplication          : Starting DspDemoProjectApplication using Java 17.0.18 with PID 70648 (/Users/garygz/IdeaProjects/dsp-demo-project/build/classes/java/main started by garygz in /Users/garygz/IdeaProjects/dsp-demo-project)
2026-04-14T14:35:32.631-04:00 DEBUG 70648 --- [dsp-demo-project] [restartedMain] c.e.d.DspDemoProjectApplication          : Running with Spring Boot v4.0.5, Spring v7.0.6
2026-04-14T14:35:32.631-04:00  INFO 70648 --- [dsp-demo-project] [restartedMain] c.e.d.DspDemoProjectApplication          : No active profile set, falling back to 1 default profile: "default"
2026-04-14T14:35:32.687-04:00  INFO 70648 --- [dsp-demo-project] [restartedMain] .s.d.r.c.RepositoryConfigurationDelegate : Bootstrapping Spring Data JPA repositories in DEFAULT mode.
2026-04-14T14:35:32.691-04:00  INFO 70648 --- [dsp-demo-project] [restartedMain] .s.d.r.c.RepositoryConfigurationDelegate : Finished Spring Data repository scanning in 3 ms. Found 2 JPA repository interfaces.
2026-04-14T14:35:32.725-04:00  INFO 70648 --- [dsp-demo-project] [restartedMain] o.s.boot.tomcat.TomcatWebServer          : Tomcat initialized with port 8080 (http)
2026-04-14T14:35:32.726-04:00  INFO 70648 --- [dsp-demo-project] [restartedMain] o.apache.catalina.core.StandardService   : Starting service [Tomcat]
2026-04-14T14:35:32.726-04:00  INFO 70648 --- [dsp-demo-project] [restartedMain] o.apache.catalina.core.StandardEngine    : Starting Servlet engine: [Apache Tomcat/11.0.20]
2026-04-14T14:35:32.731-04:00  INFO 70648 --- [dsp-demo-project] [restartedMain] b.w.c.s.WebApplicationContextInitializer : Root WebApplicationContext: initialization completed in 99 ms
2026-04-14T14:35:32.748-04:00  INFO 70648 --- [dsp-demo-project] [restartedMain] org.hibernate.orm.jpa                    : HHH008540: Processing PersistenceUnitInfo [name: default]
2026-04-14T14:35:32.762-04:00  INFO 70648 --- [dsp-demo-project] [restartedMain] o.s.o.j.p.SpringPersistenceUnitInfo      : No LoadTimeWeaver setup: ignoring JPA class transformer
2026-04-14T14:35:32.762-04:00  INFO 70648 --- [dsp-demo-project] [restartedMain] com.zaxxer.hikari.HikariDataSource       : HikariPool-2 - Starting...
2026-04-14T14:35:33.111-04:00  INFO 70648 --- [dsp-demo-project] [restartedMain] com.zaxxer.hikari.pool.HikariPool        : HikariPool-2 - Added connection org.postgresql.jdbc.PgConnection@32eff56d
2026-04-14T14:35:33.111-04:00  INFO 70648 --- [dsp-demo-project] [restartedMain] com.zaxxer.hikari.HikariDataSource       : HikariPool-2 - Start completed.
2026-04-14T14:35:33.147-04:00  WARN 70648 --- [dsp-demo-project] [restartedMain] org.hibernate.orm.deprecation            : HHH90000025: PostgreSQLDialect does not need to be specified explicitly using 'hibernate.dialect' (remove the property setting and it will be selected by default)
2026-04-14T14:35:33.276-04:00  INFO 70648 --- [dsp-demo-project] [restartedMain] org.hibernate.orm.connections.pooling    : HHH10001005: Database info:
	Database JDBC URL [jdbc:postgresql://dsp-demo-1.cwomfw6wy9rv.us-east-1.rds.amazonaws.com:5432/postgres?sslmode=verify-full&sslrootcert=./global-bundle.pem]
	Database driver: PostgreSQL JDBC Driver
	Database dialect: PostgreSQLDialect
	Database version: 17.6
	Default catalog/schema: postgres/public
	Autocommit mode: undefined/unknown
	Isolation level: READ_COMMITTED [default READ_COMMITTED]
	JDBC fetch size: none
	Pool: DataSourceConnectionProvider
	Minimum pool size: undefined/unknown
	Maximum pool size: undefined/unknown
2026-04-14T14:35:33.331-04:00  INFO 70648 --- [dsp-demo-project] [restartedMain] org.hibernate.orm.core                   : HHH000489: No JTA platform available (set 'hibernate.transaction.jta.platform' to enable JTA platform integration)
2026-04-14T14:35:33.573-04:00  INFO 70648 --- [dsp-demo-project] [restartedMain] j.LocalContainerEntityManagerFactoryBean : Initialized JPA EntityManagerFactory for persistence unit 'default'
2026-04-14T14:35:33.617-04:00  WARN 70648 --- [dsp-demo-project] [restartedMain] JpaBaseConfiguration$JpaWebConfiguration : spring.jpa.open-in-view is enabled by default. Therefore, database queries may be performed during view rendering. Explicitly configure spring.jpa.open-in-view to disable this warning
2026-04-14T14:35:33.635-04:00 DEBUG 70648 --- [dsp-demo-project] [restartedMain] s.w.s.m.m.a.RequestMappingHandlerMapping : 6 mappings in 'requestMappingHandlerMapping'
2026-04-14T14:35:33.640-04:00 DEBUG 70648 --- [dsp-demo-project] [restartedMain] o.s.w.s.handler.SimpleUrlHandlerMapping  : Patterns [/webjars/**, /**] in 'resourceHandlerMapping'
2026-04-14T14:35:33.642-04:00 DEBUG 70648 --- [dsp-demo-project] [restartedMain] s.w.s.m.m.a.RequestMappingHandlerAdapter : ControllerAdvice beans: 0 @ModelAttribute, 0 @InitBinder, 2 RequestBodyAdvice, 1 ResponseBodyAdvice
2026-04-14T14:35:33.646-04:00 DEBUG 70648 --- [dsp-demo-project] [restartedMain] .m.m.a.ExceptionHandlerExceptionResolver : ControllerAdvice beans: 1 @ExceptionHandler, 1 ResponseBodyAdvice
2026-04-14T14:35:33.660-04:00  INFO 70648 --- [dsp-demo-project] [restartedMain] o.s.boot.tomcat.TomcatWebServer          : Tomcat started on port 8080 (http) with context path '/'
2026-04-14T14:35:33.662-04:00  INFO 70648 --- [dsp-demo-project] [restartedMain] c.e.d.DspDemoProjectApplication          : Started DspDemoProjectApplication in 1.043 seconds (process running for 56.383)
2026-04-14T14:35:33.662-04:00  INFO 70648 --- [dsp-demo-project] [restartedMain] .ConditionEvaluationDeltaLoggingListener : Condition evaluation unchanged
2026-04-14T14:37:10.270-04:00  INFO 70648 --- [dsp-demo-project] [http-nio-8080-exec-1] o.a.c.c.C.[Tomcat].[localhost].[/]       : Initializing Spring DispatcherServlet 'dispatcherServlet'
2026-04-14T14:37:10.271-04:00  INFO 70648 --- [dsp-demo-project] [http-nio-8080-exec-1] o.s.web.servlet.DispatcherServlet        : Initializing Servlet 'dispatcherServlet'
2026-04-14T14:37:10.271-04:00 DEBUG 70648 --- [dsp-demo-project] [http-nio-8080-exec-1] o.s.web.servlet.DispatcherServlet        : Detected StandardServletMultipartResolver
2026-04-14T14:37:10.271-04:00 DEBUG 70648 --- [dsp-demo-project] [http-nio-8080-exec-1] o.s.web.servlet.DispatcherServlet        : Detected AcceptHeaderLocaleResolver
2026-04-14T14:37:10.273-04:00 DEBUG 70648 --- [dsp-demo-project] [http-nio-8080-exec-1] o.s.web.servlet.DispatcherServlet        : Detected org.springframework.web.servlet.view.DefaultRequestToViewNameTranslator@4c0a6973
2026-04-14T14:37:10.273-04:00 DEBUG 70648 --- [dsp-demo-project] [http-nio-8080-exec-1] o.s.web.servlet.DispatcherServlet        : Detected org.springframework.web.servlet.support.SessionFlashMapManager@4ab6eb54
2026-04-14T14:37:10.274-04:00 DEBUG 70648 --- [dsp-demo-project] [http-nio-8080-exec-1] o.s.web.servlet.DispatcherServlet        : enableLoggingRequestDetails='false': request parameters and headers will be masked to prevent unsafe logging of potentially sensitive data
2026-04-14T14:37:10.274-04:00  INFO 70648 --- [dsp-demo-project] [http-nio-8080-exec-1] o.s.web.servlet.DispatcherServlet        : Completed initialization in 3 ms
2026-04-14T14:37:10.279-04:00 DEBUG 70648 --- [dsp-demo-project] [http-nio-8080-exec-1] o.s.web.servlet.DispatcherServlet        : GET "/actuator/health", parameters={}
2026-04-14T14:37:10.284-04:00 DEBUG 70648 --- [dsp-demo-project] [http-nio-8080-exec-1] o.s.w.s.handler.SimpleUrlHandlerMapping  : Mapped to ResourceHttpRequestHandler [classpath [META-INF/resources/], classpath [resources/], classpath [static/], classpath [public/], ServletContext [/]]
2026-04-14T14:37:10.290-04:00 DEBUG 70648 --- [dsp-demo-project] [http-nio-8080-exec-1] o.s.w.s.r.ResourceHttpRequestHandler     : Resource not found
2026-04-14T14:37:10.293-04:00 DEBUG 70648 --- [dsp-demo-project] [http-nio-8080-exec-1] .m.m.a.ExceptionHandlerExceptionResolver : Using @ExceptionHandler controller.com.garygz.dspdemoproject.GlobalExceptionHandler#handleGeneric(Exception)
2026-04-14T14:37:10.298-04:00 DEBUG 70648 --- [dsp-demo-project] [http-nio-8080-exec-1] o.s.w.s.m.m.a.HttpEntityMethodProcessor  : Using 'text/plain', given [*/*] and supported [text/plain, */*, application/json, application/*+json]
2026-04-14T14:37:10.299-04:00 DEBUG 70648 --- [dsp-demo-project] [http-nio-8080-exec-1] o.s.w.s.m.m.a.HttpEntityMethodProcessor  : Writing ["Something went wrong"]
2026-04-14T14:37:10.302-04:00  WARN 70648 --- [dsp-demo-project] [http-nio-8080-exec-1] .m.m.a.ExceptionHandlerExceptionResolver : Resolved [org.springframework.web.servlet.resource.NoResourceFoundException: No static resource actuator/health for request '/actuator/health'.]
2026-04-14T14:37:10.302-04:00 DEBUG 70648 --- [dsp-demo-project] [http-nio-8080-exec-1] o.s.web.servlet.DispatcherServlet        : Completed 500 INTERNAL_SERVER_ERROR
2026-04-14T14:38:29.662-04:00  INFO 70648 --- [dsp-demo-project] [File Watcher] rtingClassPathChangeChangedEventListener : Restarting due to 18 class path changes (0 additions, 0 deletions, 18 modifications)
2026-04-14T14:38:29.675-04:00  INFO 70648 --- [dsp-demo-project] [Thread-5] o.s.boot.tomcat.GracefulShutdown         : Commencing graceful shutdown. Waiting for active requests to complete
2026-04-14T14:38:29.681-04:00  INFO 70648 --- [dsp-demo-project] [tomcat-shutdown] o.s.boot.tomcat.GracefulShutdown         : Graceful shutdown complete
2026-04-14T14:38:29.689-04:00  INFO 70648 --- [dsp-demo-project] [Thread-5] j.LocalContainerEntityManagerFactoryBean : Closing JPA EntityManagerFactory for persistence unit 'default'
2026-04-14T14:38:29.695-04:00  INFO 70648 --- [dsp-demo-project] [Thread-5] com.zaxxer.hikari.HikariDataSource       : HikariPool-2 - Shutdown initiated...
2026-04-14T14:38:30.023-04:00  INFO 70648 --- [dsp-demo-project] [Thread-5] com.zaxxer.hikari.HikariDataSource       : HikariPool-2 - Shutdown completed.
2026-04-14T14:38:30.101-04:00  INFO 70648 --- [dsp-demo-project] [restartedMain] c.e.d.DspDemoProjectApplication          : Starting DspDemoProjectApplication using Java 17.0.18 with PID 70648 (/Users/garygz/IdeaProjects/dsp-demo-project/build/classes/java/main started by garygz in /Users/garygz/IdeaProjects/dsp-demo-project)
2026-04-14T14:38:30.101-04:00 DEBUG 70648 --- [dsp-demo-project] [restartedMain] c.e.d.DspDemoProjectApplication          : Running with Spring Boot v4.0.5, Spring v7.0.6
2026-04-14T14:38:30.101-04:00  INFO 70648 --- [dsp-demo-project] [restartedMain] c.e.d.DspDemoProjectApplication          : No active profile set, falling back to 1 default profile: "default"
2026-04-14T14:38:30.152-04:00  INFO 70648 --- [dsp-demo-project] [restartedMain] .s.d.r.c.RepositoryConfigurationDelegate : Bootstrapping Spring Data JPA repositories in DEFAULT mode.
2026-04-14T14:38:30.156-04:00  INFO 70648 --- [dsp-demo-project] [restartedMain] .s.d.r.c.RepositoryConfigurationDelegate : Finished Spring Data repository scanning in 3 ms. Found 2 JPA repository interfaces.
2026-04-14T14:38:30.187-04:00  INFO 70648 --- [dsp-demo-project] [restartedMain] o.s.boot.tomcat.TomcatWebServer          : Tomcat initialized with port 8080 (http)
2026-04-14T14:38:30.187-04:00  INFO 70648 --- [dsp-demo-project] [restartedMain] o.apache.catalina.core.StandardService   : Starting service [Tomcat]
2026-04-14T14:38:30.187-04:00  INFO 70648 --- [dsp-demo-project] [restartedMain] o.apache.catalina.core.StandardEngine    : Starting Servlet engine: [Apache Tomcat/11.0.20]
2026-04-14T14:38:30.194-04:00  INFO 70648 --- [dsp-demo-project] [restartedMain] b.w.c.s.WebApplicationContextInitializer : Root WebApplicationContext: initialization completed in 92 ms
2026-04-14T14:38:30.208-04:00  INFO 70648 --- [dsp-demo-project] [restartedMain] org.hibernate.orm.jpa                    : HHH008540: Processing PersistenceUnitInfo [name: default]
2026-04-14T14:38:30.218-04:00  INFO 70648 --- [dsp-demo-project] [restartedMain] o.s.o.j.p.SpringPersistenceUnitInfo      : No LoadTimeWeaver setup: ignoring JPA class transformer
2026-04-14T14:38:30.218-04:00  INFO 70648 --- [dsp-demo-project] [restartedMain] com.zaxxer.hikari.HikariDataSource       : HikariPool-3 - Starting...
2026-04-14T14:38:30.573-04:00  INFO 70648 --- [dsp-demo-project] [restartedMain] com.zaxxer.hikari.pool.HikariPool        : HikariPool-3 - Added connection org.postgresql.jdbc.PgConnection@3d6fa584
2026-04-14T14:38:30.574-04:00  INFO 70648 --- [dsp-demo-project] [restartedMain] com.zaxxer.hikari.HikariDataSource       : HikariPool-3 - Start completed.
2026-04-14T14:38:30.608-04:00  WARN 70648 --- [dsp-demo-project] [restartedMain] org.hibernate.orm.deprecation            : HHH90000025: PostgreSQLDialect does not need to be specified explicitly using 'hibernate.dialect' (remove the property setting and it will be selected by default)
2026-04-14T14:38:30.730-04:00  INFO 70648 --- [dsp-demo-project] [restartedMain] org.hibernate.orm.connections.pooling    : HHH10001005: Database info:
	Database JDBC URL [jdbc:postgresql://dsp-demo-1.cwomfw6wy9rv.us-east-1.rds.amazonaws.com:5432/postgres?sslmode=verify-full&sslrootcert=./global-bundle.pem]
	Database driver: PostgreSQL JDBC Driver
	Database dialect: PostgreSQLDialect
	Database version: 17.6
	Default catalog/schema: postgres/public
	Autocommit mode: undefined/unknown
	Isolation level: READ_COMMITTED [default READ_COMMITTED]
	JDBC fetch size: none
	Pool: DataSourceConnectionProvider
	Minimum pool size: undefined/unknown
	Maximum pool size: undefined/unknown
2026-04-14T14:38:30.780-04:00  INFO 70648 --- [dsp-demo-project] [restartedMain] org.hibernate.orm.core                   : HHH000489: No JTA platform available (set 'hibernate.transaction.jta.platform' to enable JTA platform integration)
2026-04-14T14:38:31.011-04:00  INFO 70648 --- [dsp-demo-project] [restartedMain] j.LocalContainerEntityManagerFactoryBean : Initialized JPA EntityManagerFactory for persistence unit 'default'
2026-04-14T14:38:31.060-04:00  WARN 70648 --- [dsp-demo-project] [restartedMain] JpaBaseConfiguration$JpaWebConfiguration : spring.jpa.open-in-view is enabled by default. Therefore, database queries may be performed during view rendering. Explicitly configure spring.jpa.open-in-view to disable this warning
2026-04-14T14:38:31.079-04:00 DEBUG 70648 --- [dsp-demo-project] [restartedMain] s.w.s.m.m.a.RequestMappingHandlerMapping : 6 mappings in 'requestMappingHandlerMapping'
2026-04-14T14:38:31.084-04:00 DEBUG 70648 --- [dsp-demo-project] [restartedMain] o.s.w.s.handler.SimpleUrlHandlerMapping  : Patterns [/webjars/**, /**] in 'resourceHandlerMapping'
2026-04-14T14:38:31.087-04:00 DEBUG 70648 --- [dsp-demo-project] [restartedMain] s.w.s.m.m.a.RequestMappingHandlerAdapter : ControllerAdvice beans: 0 @ModelAttribute, 0 @InitBinder, 2 RequestBodyAdvice, 1 ResponseBodyAdvice
2026-04-14T14:38:31.091-04:00 DEBUG 70648 --- [dsp-demo-project] [restartedMain] .m.m.a.ExceptionHandlerExceptionResolver : ControllerAdvice beans: 1 @ExceptionHandler, 1 ResponseBodyAdvice
2026-04-14T14:38:31.106-04:00  INFO 70648 --- [dsp-demo-project] [restartedMain] o.s.boot.tomcat.TomcatWebServer          : Tomcat started on port 8080 (http) with context path '/'
2026-04-14T14:38:31.107-04:00  INFO 70648 --- [dsp-demo-project] [restartedMain] c.e.d.DspDemoProjectApplication          : Started DspDemoProjectApplication in 1.017 seconds (process running for 233.828)
2026-04-14T14:38:31.107-04:00  INFO 70648 --- [dsp-demo-project] [restartedMain] .ConditionEvaluationDeltaLoggingListener : Condition evaluation unchanged
2026-04-14T14:39:27.152-04:00  INFO 70648 --- [dsp-demo-project] [SpringApplicationShutdownHook] o.s.boot.tomcat.GracefulShutdown         : Commencing graceful shutdown. Waiting for active requests to complete
2026-04-14T14:39:27.155-04:00  INFO 70648 --- [dsp-demo-project] [tomcat-shutdown] o.s.boot.tomcat.GracefulShutdown         : Graceful shutdown complete
2026-04-14T14:39:27.157-04:00  INFO 70648 --- [dsp-demo-project] [SpringApplicationShutdownHook] j.LocalContainerEntityManagerFactoryBean : Closing JPA EntityManagerFactory for persistence unit 'default'
2026-04-14T14:39:27.158-04:00  INFO 70648 --- [dsp-demo-project] [SpringApplicationShutdownHook] com.zaxxer.hikari.HikariDataSource       : HikariPool-3 - Shutdown initiated...
2026-04-14T14:39:27.481-04:00  INFO 70648 --- [dsp-demo-project] [SpringApplicationShutdownHook] com.zaxxer.hikari.HikariDataSource       : HikariPool-3 - Shutdown completed.
2026-04-14T14:39:28.715-04:00  INFO 70747 --- [dsp-demo-project] [restartedMain] c.e.d.DspDemoProjectApplication          : Starting DspDemoProjectApplication using Java 17.0.18 with PID 70747 (/Users/garygz/IdeaProjects/dsp-demo-project/build/classes/java/main started by garygz in /Users/garygz/IdeaProjects/dsp-demo-project)
2026-04-14T14:39:28.716-04:00 DEBUG 70747 --- [dsp-demo-project] [restartedMain] c.e.d.DspDemoProjectApplication          : Running with Spring Boot v4.0.5, Spring v7.0.6
2026-04-14T14:39:28.716-04:00  INFO 70747 --- [dsp-demo-project] [restartedMain] c.e.d.DspDemoProjectApplication          : No active profile set, falling back to 1 default profile: "default"
2026-04-14T14:39:28.731-04:00  INFO 70747 --- [dsp-demo-project] [restartedMain] .e.DevToolsPropertyDefaultsPostProcessor : Devtools property defaults active! Set 'spring.devtools.add-properties' to 'false' to disable
2026-04-14T14:39:28.731-04:00  INFO 70747 --- [dsp-demo-project] [restartedMain] .e.DevToolsPropertyDefaultsPostProcessor : For additional web related logging consider setting the 'logging.level.web' property to 'DEBUG'
2026-04-14T14:39:29.033-04:00  INFO 70747 --- [dsp-demo-project] [restartedMain] .s.d.r.c.RepositoryConfigurationDelegate : Bootstrapping Spring Data JPA repositories in DEFAULT mode.
2026-04-14T14:39:29.053-04:00  INFO 70747 --- [dsp-demo-project] [restartedMain] .s.d.r.c.RepositoryConfigurationDelegate : Finished Spring Data repository scanning in 15 ms. Found 2 JPA repository interfaces.
2026-04-14T14:39:29.225-04:00  INFO 70747 --- [dsp-demo-project] [restartedMain] o.s.boot.tomcat.TomcatWebServer          : Tomcat initialized with port 8080 (http)
2026-04-14T14:39:29.229-04:00  INFO 70747 --- [dsp-demo-project] [restartedMain] o.apache.catalina.core.StandardService   : Starting service [Tomcat]
2026-04-14T14:39:29.229-04:00  INFO 70747 --- [dsp-demo-project] [restartedMain] o.apache.catalina.core.StandardEngine    : Starting Servlet engine: [Apache Tomcat/11.0.20]
2026-04-14T14:39:29.244-04:00  INFO 70747 --- [dsp-demo-project] [restartedMain] b.w.c.s.WebApplicationContextInitializer : Root WebApplicationContext: initialization completed in 513 ms
2026-04-14T14:39:29.283-04:00 DEBUG 70747 --- [dsp-demo-project] [restartedMain] o.s.w.f.ServerHttpObservationFilter      : Filter 'webMvcObservationFilter' configured for use
2026-04-14T14:39:29.331-04:00  INFO 70747 --- [dsp-demo-project] [restartedMain] org.hibernate.orm.jpa                    : HHH008540: Processing PersistenceUnitInfo [name: default]
2026-04-14T14:39:29.350-04:00  INFO 70747 --- [dsp-demo-project] [restartedMain] org.hibernate.orm.core                   : HHH000001: Hibernate ORM core version 7.2.7.Final
2026-04-14T14:39:29.575-04:00  INFO 70747 --- [dsp-demo-project] [restartedMain] o.s.o.j.p.SpringPersistenceUnitInfo      : No LoadTimeWeaver setup: ignoring JPA class transformer
2026-04-14T14:39:29.592-04:00  INFO 70747 --- [dsp-demo-project] [restartedMain] com.zaxxer.hikari.HikariDataSource       : HikariPool-1 - Starting...
2026-04-14T14:39:30.110-04:00  INFO 70747 --- [dsp-demo-project] [restartedMain] com.zaxxer.hikari.pool.HikariPool        : HikariPool-1 - Added connection org.postgresql.jdbc.PgConnection@7f1ee93f
2026-04-14T14:39:30.111-04:00  INFO 70747 --- [dsp-demo-project] [restartedMain] com.zaxxer.hikari.HikariDataSource       : HikariPool-1 - Start completed.
2026-04-14T14:39:30.172-04:00  WARN 70747 --- [dsp-demo-project] [restartedMain] org.hibernate.orm.deprecation            : HHH90000025: PostgreSQLDialect does not need to be specified explicitly using 'hibernate.dialect' (remove the property setting and it will be selected by default)
2026-04-14T14:39:30.306-04:00  INFO 70747 --- [dsp-demo-project] [restartedMain] org.hibernate.orm.connections.pooling    : HHH10001005: Database info:
	Database JDBC URL [jdbc:postgresql://dsp-demo-1.cwomfw6wy9rv.us-east-1.rds.amazonaws.com:5432/postgres?sslmode=verify-full&sslrootcert=./global-bundle.pem]
	Database driver: PostgreSQL JDBC Driver
	Database dialect: PostgreSQLDialect
	Database version: 17.6
	Default catalog/schema: postgres/public
	Autocommit mode: undefined/unknown
	Isolation level: READ_COMMITTED [default READ_COMMITTED]
	JDBC fetch size: none
	Pool: DataSourceConnectionProvider
	Minimum pool size: undefined/unknown
	Maximum pool size: undefined/unknown
2026-04-14T14:39:30.707-04:00  INFO 70747 --- [dsp-demo-project] [restartedMain] org.hibernate.orm.core                   : HHH000489: No JTA platform available (set 'hibernate.transaction.jta.platform' to enable JTA platform integration)
2026-04-14T14:39:30.971-04:00  INFO 70747 --- [dsp-demo-project] [restartedMain] j.LocalContainerEntityManagerFactoryBean : Initialized JPA EntityManagerFactory for persistence unit 'default'
2026-04-14T14:39:31.029-04:00  INFO 70747 --- [dsp-demo-project] [restartedMain] o.s.d.j.r.query.QueryEnhancerFactories   : Hibernate is in classpath; If applicable, HQL parser will be used.
2026-04-14T14:39:31.114-04:00  WARN 70747 --- [dsp-demo-project] [restartedMain] JpaBaseConfiguration$JpaWebConfiguration : spring.jpa.open-in-view is enabled by default. Therefore, database queries may be performed during view rendering. Explicitly configure spring.jpa.open-in-view to disable this warning
2026-04-14T14:39:31.158-04:00 DEBUG 70747 --- [dsp-demo-project] [restartedMain] s.w.s.m.m.a.RequestMappingHandlerMapping : 6 mappings in 'requestMappingHandlerMapping'
2026-04-14T14:39:31.169-04:00 DEBUG 70747 --- [dsp-demo-project] [restartedMain] o.s.w.s.handler.SimpleUrlHandlerMapping  : Patterns [/webjars/**, /**] in 'resourceHandlerMapping'
2026-04-14T14:39:31.178-04:00 DEBUG 70747 --- [dsp-demo-project] [restartedMain] s.w.s.m.m.a.RequestMappingHandlerAdapter : ControllerAdvice beans: 0 @ModelAttribute, 0 @InitBinder, 2 RequestBodyAdvice, 1 ResponseBodyAdvice
2026-04-14T14:39:31.197-04:00 DEBUG 70747 --- [dsp-demo-project] [restartedMain] .m.m.a.ExceptionHandlerExceptionResolver : ControllerAdvice beans: 1 @ExceptionHandler, 1 ResponseBodyAdvice
2026-04-14T14:39:31.331-04:00  INFO 70747 --- [dsp-demo-project] [restartedMain] o.s.boot.tomcat.TomcatWebServer          : Tomcat started on port 8080 (http) with context path '/'
2026-04-14T14:39:31.358-04:00  INFO 70747 --- [dsp-demo-project] [restartedMain] o.s.boot.tomcat.TomcatWebServer          : Tomcat initialized with port 8081 (http)
2026-04-14T14:39:31.359-04:00  INFO 70747 --- [dsp-demo-project] [restartedMain] o.apache.catalina.core.StandardService   : Starting service [Tomcat]
2026-04-14T14:39:31.359-04:00  INFO 70747 --- [dsp-demo-project] [restartedMain] o.apache.catalina.core.StandardEngine    : Starting Servlet engine: [Apache Tomcat/11.0.20]
2026-04-14T14:39:31.364-04:00  INFO 70747 --- [dsp-demo-project] [restartedMain] b.w.c.s.WebApplicationContextInitializer : Root WebApplicationContext: initialization completed in 32 ms
2026-04-14T14:39:31.369-04:00  INFO 70747 --- [dsp-demo-project] [restartedMain] o.s.b.a.e.web.EndpointLinksResolver      : Exposing 13 endpoints beneath base path '/actuator'
2026-04-14T14:39:31.375-04:00 DEBUG 70747 --- [dsp-demo-project] [restartedMain] s.w.s.m.m.a.RequestMappingHandlerMapping : 1 mappings in 'requestMappingHandlerMapping'
2026-04-14T14:39:31.377-04:00 DEBUG 70747 --- [dsp-demo-project] [restartedMain] o.s.w.s.handler.SimpleUrlHandlerMapping  : Patterns [/webjars/**, /**] in 'resourceHandlerMapping'
2026-04-14T14:39:31.380-04:00 DEBUG 70747 --- [dsp-demo-project] [restartedMain] s.w.s.m.m.a.RequestMappingHandlerAdapter : ControllerAdvice beans: 0 @ModelAttribute, 0 @InitBinder, 2 RequestBodyAdvice, 1 ResponseBodyAdvice
2026-04-14T14:39:31.382-04:00  INFO 70747 --- [dsp-demo-project] [restartedMain] o.s.boot.tomcat.TomcatWebServer          : Tomcat started on port 8081 (http) with context path '/'
2026-04-14T14:39:31.386-04:00  INFO 70747 --- [dsp-demo-project] [restartedMain] c.e.d.DspDemoProjectApplication          : Started DspDemoProjectApplication in 2.814 seconds (process running for 3.039)
2026-04-14T14:39:31.523-04:00  INFO 70747 --- [dsp-demo-project] [RMI TCP Connection(1)-127.0.0.1] o.a.c.c.C.[Tomcat].[localhost].[/]       : Initializing Spring DispatcherServlet 'dispatcherServlet'
2026-04-14T14:39:31.523-04:00  INFO 70747 --- [dsp-demo-project] [RMI TCP Connection(1)-127.0.0.1] o.s.web.servlet.DispatcherServlet        : Initializing Servlet 'dispatcherServlet'
2026-04-14T14:39:31.523-04:00 DEBUG 70747 --- [dsp-demo-project] [RMI TCP Connection(1)-127.0.0.1] o.s.web.servlet.DispatcherServlet        : Detected StandardServletMultipartResolver
2026-04-14T14:39:31.523-04:00 DEBUG 70747 --- [dsp-demo-project] [RMI TCP Connection(1)-127.0.0.1] o.s.web.servlet.DispatcherServlet        : Detected AcceptHeaderLocaleResolver
2026-04-14T14:39:31.524-04:00 DEBUG 70747 --- [dsp-demo-project] [RMI TCP Connection(1)-127.0.0.1] o.s.web.servlet.DispatcherServlet        : Detected org.springframework.web.servlet.view.DefaultRequestToViewNameTranslator@6762d9bb
2026-04-14T14:39:31.524-04:00 DEBUG 70747 --- [dsp-demo-project] [RMI TCP Connection(1)-127.0.0.1] o.s.web.servlet.DispatcherServlet        : Detected org.springframework.web.servlet.support.SessionFlashMapManager@1a7204b
2026-04-14T14:39:31.524-04:00 DEBUG 70747 --- [dsp-demo-project] [RMI TCP Connection(1)-127.0.0.1] o.s.web.servlet.DispatcherServlet        : enableLoggingRequestDetails='false': request parameters and headers will be masked to prevent unsafe logging of potentially sensitive data
2026-04-14T14:39:31.524-04:00  INFO 70747 --- [dsp-demo-project] [RMI TCP Connection(1)-127.0.0.1] o.s.web.servlet.DispatcherServlet        : Completed initialization in 1 ms
2026-04-14T14:40:15.495-04:00 DEBUG 70747 --- [dsp-demo-project] [http-nio-8080-exec-1] o.s.web.servlet.DispatcherServlet        : GET "/actuator/health", parameters={}
2026-04-14T14:40:15.501-04:00 DEBUG 70747 --- [dsp-demo-project] [http-nio-8080-exec-1] o.s.w.s.handler.SimpleUrlHandlerMapping  : Mapped to ResourceHttpRequestHandler [classpath [META-INF/resources/], classpath [resources/], classpath [static/], classpath [public/], ServletContext [/]]
2026-04-14T14:40:15.504-04:00 DEBUG 70747 --- [dsp-demo-project] [http-nio-8080-exec-1] o.s.w.s.r.ResourceHttpRequestHandler     : Resource not found
2026-04-14T14:40:15.507-04:00 DEBUG 70747 --- [dsp-demo-project] [http-nio-8080-exec-1] .m.m.a.ExceptionHandlerExceptionResolver : Using @ExceptionHandler controller.com.garygz.dspdemoproject.GlobalExceptionHandler#handleGeneric(Exception)
2026-04-14T14:40:15.511-04:00 DEBUG 70747 --- [dsp-demo-project] [http-nio-8080-exec-1] o.s.w.s.m.m.a.HttpEntityMethodProcessor  : Using 'text/plain', given [*/*] and supported [text/plain, */*, application/json, application/*+json]
2026-04-14T14:40:15.512-04:00 DEBUG 70747 --- [dsp-demo-project] [http-nio-8080-exec-1] o.s.w.s.m.m.a.HttpEntityMethodProcessor  : Writing ["Something went wrong"]
2026-04-14T14:40:15.514-04:00  WARN 70747 --- [dsp-demo-project] [http-nio-8080-exec-1] .m.m.a.ExceptionHandlerExceptionResolver : Resolved [org.springframework.web.servlet.resource.NoResourceFoundException: No static resource actuator/health for request '/actuator/health'.]
2026-04-14T14:40:15.514-04:00 DEBUG 70747 --- [dsp-demo-project] [http-nio-8080-exec-1] o.s.web.servlet.DispatcherServlet        : Completed 500 INTERNAL_SERVER_ERROR
2026-04-14T14:40:18.870-04:00  INFO 70747 --- [dsp-demo-project] [http-nio-8081-exec-2] o.a.c.c.C.[Tomcat-1].[localhost].[/]     : Initializing Spring DispatcherServlet 'dispatcherServletRegistration'
2026-04-14T14:40:18.871-04:00  INFO 70747 --- [dsp-demo-project] [http-nio-8081-exec-2] o.s.web.servlet.DispatcherServlet        : Initializing Servlet 'dispatcherServletRegistration'
2026-04-14T14:40:18.871-04:00 DEBUG 70747 --- [dsp-demo-project] [http-nio-8081-exec-2] o.s.web.servlet.DispatcherServlet        : Detected StandardServletMultipartResolver
2026-04-14T14:40:18.871-04:00 DEBUG 70747 --- [dsp-demo-project] [http-nio-8081-exec-2] o.s.web.servlet.DispatcherServlet        : Detected AcceptHeaderLocaleResolver
2026-04-14T14:40:18.872-04:00 DEBUG 70747 --- [dsp-demo-project] [http-nio-8081-exec-2] o.s.web.servlet.DispatcherServlet        : Detected org.springframework.web.servlet.view.DefaultRequestToViewNameTranslator@4f5ca037
2026-04-14T14:40:18.872-04:00 DEBUG 70747 --- [dsp-demo-project] [http-nio-8081-exec-2] o.s.web.servlet.DispatcherServlet        : Detected org.springframework.web.servlet.support.SessionFlashMapManager@6df68f65
2026-04-14T14:40:18.872-04:00 DEBUG 70747 --- [dsp-demo-project] [http-nio-8081-exec-2] o.s.web.servlet.DispatcherServlet        : enableLoggingRequestDetails='false': request parameters and headers will be masked to prevent unsafe logging of potentially sensitive data
2026-04-14T14:40:18.872-04:00  INFO 70747 --- [dsp-demo-project] [http-nio-8081-exec-2] o.s.web.servlet.DispatcherServlet        : Completed initialization in 1 ms
2026-04-14T14:40:18.873-04:00 DEBUG 70747 --- [dsp-demo-project] [http-nio-8081-exec-2] o.s.web.servlet.DispatcherServlet        : GET "/actuator/health", parameters={}
2026-04-14T14:40:18.884-04:00 DEBUG 70747 --- [dsp-demo-project] [http-nio-8081-exec-2] m.m.a.RequestResponseBodyMethodProcessor : Read "application/octet-stream" to []
2026-04-14T14:40:18.953-04:00 DEBUG 70747 --- [dsp-demo-project] [http-nio-8081-exec-2] o.s.w.s.m.m.a.HttpEntityMethodProcessor  : Using 'application/vnd.spring-boot.actuator.v3+json', given [*/*] and supported [application/vnd.spring-boot.actuator.v3+json, application/vnd.spring-boot.actuator.v2+json, application/json]
2026-04-14T14:40:18.954-04:00 DEBUG 70747 --- [dsp-demo-project] [http-nio-8081-exec-2] o.s.w.s.m.m.a.HttpEntityMethodProcessor  : Writing [org.springframework.boot.health.actuate.endpoint.SystemHealthDescriptor@2fa19ae]
2026-04-14T14:40:18.967-04:00 DEBUG 70747 --- [dsp-demo-project] [http-nio-8081-exec-2] o.s.web.servlet.DispatcherServlet        : Completed 200 OK
2026-04-14T14:40:26.863-04:00 DEBUG 70747 --- [dsp-demo-project] [http-nio-8081-exec-3] o.s.web.servlet.DispatcherServlet        : GET "/actuator", parameters={}
2026-04-14T14:40:26.867-04:00 DEBUG 70747 --- [dsp-demo-project] [http-nio-8081-exec-3] m.m.a.RequestResponseBodyMethodProcessor : Using 'application/vnd.spring-boot.actuator.v3+json', given [*/*] and supported [application/vnd.spring-boot.actuator.v3+json, application/vnd.spring-boot.actuator.v2+json, application/json]
2026-04-14T14:40:26.867-04:00 DEBUG 70747 --- [dsp-demo-project] [http-nio-8081-exec-3] m.m.a.RequestResponseBodyMethodProcessor : Writing [{_links={self=[Link@25da4f5e href = 'http://localhost:8081/actuator'], beans=[Link@e90f950 href = 'h (truncated)...]
2026-04-14T14:40:26.869-04:00 DEBUG 70747 --- [dsp-demo-project] [http-nio-8081-exec-3] o.s.web.servlet.DispatcherServlet        : Completed 200 OK
2026-04-14T14:41:01.323-04:00 DEBUG 70747 --- [dsp-demo-project] [http-nio-8081-exec-4] o.s.web.servlet.DispatcherServlet        : GET "/actuator/health", parameters={}
2026-04-14T14:41:01.328-04:00 DEBUG 70747 --- [dsp-demo-project] [http-nio-8081-exec-4] m.m.a.RequestResponseBodyMethodProcessor : Read "application/octet-stream" to []
2026-04-14T14:41:01.395-04:00 DEBUG 70747 --- [dsp-demo-project] [http-nio-8081-exec-4] o.s.w.s.m.m.a.HttpEntityMethodProcessor  : Using 'application/vnd.spring-boot.actuator.v3+json', given [*/*] and supported [application/vnd.spring-boot.actuator.v3+json, application/vnd.spring-boot.actuator.v2+json, application/json]
2026-04-14T14:41:01.396-04:00 DEBUG 70747 --- [dsp-demo-project] [http-nio-8081-exec-4] o.s.w.s.m.m.a.HttpEntityMethodProcessor  : Writing [org.springframework.boot.health.actuate.endpoint.SystemHealthDescriptor@631939e4]
2026-04-14T14:41:01.400-04:00 DEBUG 70747 --- [dsp-demo-project] [http-nio-8081-exec-4] o.s.web.servlet.DispatcherServlet        : Completed 200 OK
2026-04-14T15:00:09.807-04:00  WARN 70747 --- [dsp-demo-project] [HikariPool-1:housekeeper] com.zaxxer.hikari.pool.PoolBase          : HikariPool-1 - Failed to validate connection org.postgresql.jdbc.PgConnection@79193a84 (This connection has been closed.). Possibly consider using a shorter maxLifetime value.
2026-04-14T15:00:19.875-04:00  WARN 70747 --- [dsp-demo-project] [HikariPool-1:housekeeper] com.zaxxer.hikari.pool.PoolBase          : HikariPool-1 - Failed to validate connection org.postgresql.jdbc.PgConnection@554b4ba0 (This connection has been closed.). Possibly consider using a shorter maxLifetime value.
2026-04-14T15:00:21.064-04:00  WARN 70747 --- [dsp-demo-project] [HikariPool-1:housekeeper] com.zaxxer.hikari.pool.PoolBase          : HikariPool-1 - Failed to validate connection org.postgresql.jdbc.PgConnection@d223888 (This connection has been closed.). Possibly consider using a shorter maxLifetime value.
2026-04-14T15:00:23.865-04:00  WARN 70747 --- [dsp-demo-project] [HikariPool-1:housekeeper] com.zaxxer.hikari.pool.PoolBase          : HikariPool-1 - Failed to validate connection org.postgresql.jdbc.PgConnection@4341e094 (This connection has been closed.). Possibly consider using a shorter maxLifetime value.
2026-04-14T15:00:24.930-04:00  WARN 70747 --- [dsp-demo-project] [HikariPool-1:housekeeper] com.zaxxer.hikari.pool.PoolBase          : HikariPool-1 - Failed to validate connection org.postgresql.jdbc.PgConnection@4c58b517 (This connection has been closed.). Possibly consider using a shorter maxLifetime value.
2026-04-14T15:00:25.816-04:00  WARN 70747 --- [dsp-demo-project] [HikariPool-1:housekeeper] com.zaxxer.hikari.pool.HikariPool        : HikariPool-1 - Thread starvation or clock leap detected (housekeeper delta=8m24s325ms).
2026-04-14T15:00:26.419-04:00  WARN 70747 --- [dsp-demo-project] [HikariPool-1:housekeeper] com.zaxxer.hikari.pool.PoolBase          : HikariPool-1 - Failed to validate connection org.postgresql.jdbc.PgConnection@1d8b1025 (This connection has been closed.). Possibly consider using a shorter maxLifetime value.
2026-04-14T15:00:35.000-04:00  WARN 70747 --- [dsp-demo-project] [HikariPool-1:housekeeper] com.zaxxer.hikari.pool.PoolBase          : HikariPool-1 - Failed to validate connection org.postgresql.jdbc.PgConnection@7f1ee93f (This connection has been closed.). Possibly consider using a shorter maxLifetime value.
2026-04-14T15:00:59.595-04:00  WARN 70747 --- [dsp-demo-project] [HikariPool-1:housekeeper] com.zaxxer.hikari.pool.PoolBase          : HikariPool-1 - Failed to validate connection org.postgresql.jdbc.PgConnection@4df8988e (This connection has been closed.). Possibly consider using a shorter maxLifetime value.
2026-04-14T15:01:02.925-04:00  WARN 70747 --- [dsp-demo-project] [HikariPool-1:housekeeper] com.zaxxer.hikari.pool.PoolBase          : HikariPool-1 - Failed to validate connection org.postgresql.jdbc.PgConnection@1ce46a6 (This connection has been closed.). Possibly consider using a shorter maxLifetime value.
2026-04-14T15:01:14.833-04:00  WARN 70747 --- [dsp-demo-project] [HikariPool-1:housekeeper] com.zaxxer.hikari.pool.PoolBase          : HikariPool-1 - Failed to validate connection org.postgresql.jdbc.PgConnection@c597156 (This connection has been closed.). Possibly consider using a shorter maxLifetime value.
2026-04-14T15:26:08.209-04:00  WARN 70747 --- [dsp-demo-project] [HikariPool-1:housekeeper] com.zaxxer.hikari.pool.PoolBase          : HikariPool-1 - Failed to validate connection org.postgresql.jdbc.PgConnection@4a43e019 (This connection has been closed.). Possibly consider using a shorter maxLifetime value.
2026-04-14T15:26:17.092-04:00  WARN 70747 --- [dsp-demo-project] [HikariPool-1:housekeeper] com.zaxxer.hikari.pool.PoolBase          : HikariPool-1 - Failed to validate connection org.postgresql.jdbc.PgConnection@7edf712f (This connection has been closed.). Possibly consider using a shorter maxLifetime value.
2026-04-14T15:26:20.034-04:00  WARN 70747 --- [dsp-demo-project] [HikariPool-1:housekeeper] com.zaxxer.hikari.pool.HikariPool        : HikariPool-1 - Thread starvation or clock leap detected (housekeeper delta=11m54s99ms).
2026-04-14T15:26:22.699-04:00  WARN 70747 --- [dsp-demo-project] [HikariPool-1:housekeeper] com.zaxxer.hikari.pool.PoolBase          : HikariPool-1 - Failed to validate connection org.postgresql.jdbc.PgConnection@4be023dc (This connection has been closed.). Possibly consider using a shorter maxLifetime value.
2026-04-14T15:43:04.371-04:00  WARN 70747 --- [dsp-demo-project] [HikariPool-1:housekeeper] com.zaxxer.hikari.pool.HikariPool        : HikariPool-1 - Thread starvation or clock leap detected (housekeeper delta=16m44s337ms).
2026-04-14T15:43:07.165-04:00  WARN 70747 --- [dsp-demo-project] [HikariPool-1:housekeeper] com.zaxxer.hikari.pool.PoolBase          : HikariPool-1 - Failed to validate connection org.postgresql.jdbc.PgConnection@2c3ef346 (This connection has been closed.). Possibly consider using a shorter maxLifetime value.
2026-04-14T15:43:10.378-04:00  WARN 70747 --- [dsp-demo-project] [HikariPool-1:housekeeper] com.zaxxer.hikari.pool.PoolBase          : HikariPool-1 - Failed to validate connection org.postgresql.jdbc.PgConnection@4a092729 (This connection has been closed.). Possibly consider using a shorter maxLifetime value.
2026-04-14T15:43:31.002-04:00  WARN 70747 --- [dsp-demo-project] [HikariPool-1:housekeeper] com.zaxxer.hikari.pool.PoolBase          : HikariPool-1 - Failed to validate connection org.postgresql.jdbc.PgConnection@e6a58f4 (This connection has been closed.). Possibly consider using a shorter maxLifetime value.
2026-04-14T15:43:33.131-04:00  WARN 70747 --- [dsp-demo-project] [HikariPool-1:housekeeper] com.zaxxer.hikari.pool.PoolBase          : HikariPool-1 - Failed to validate connection org.postgresql.jdbc.PgConnection@3d91dabd (This connection has been closed.). Possibly consider using a shorter maxLifetime value.
2026-04-14T15:43:35.864-04:00  WARN 70747 --- [dsp-demo-project] [HikariPool-1:housekeeper] com.zaxxer.hikari.pool.PoolBase          : HikariPool-1 - Failed to validate connection org.postgresql.jdbc.PgConnection@3ea29249 (This connection has been closed.). Possibly consider using a shorter maxLifetime value.
2026-04-14T15:44:03.858-04:00  WARN 70747 --- [dsp-demo-project] [HikariPool-1:housekeeper] com.zaxxer.hikari.pool.PoolBase          : HikariPool-1 - Failed to validate connection org.postgresql.jdbc.PgConnection@62d3d091 (This connection has been closed.). Possibly consider using a shorter maxLifetime value.
2026-04-14T15:44:05.553-04:00  WARN 70747 --- [dsp-demo-project] [HikariPool-1:housekeeper] com.zaxxer.hikari.pool.PoolBase          : HikariPool-1 - Failed to validate connection org.postgresql.jdbc.PgConnection@2d3887ff (This connection has been closed.). Possibly consider using a shorter maxLifetime value.
2026-04-14T15:44:21.162-04:00  WARN 70747 --- [dsp-demo-project] [HikariPool-1:housekeeper] com.zaxxer.hikari.pool.PoolBase          : HikariPool-1 - Failed to validate connection org.postgresql.jdbc.PgConnection@7a268cb (This connection has been closed.). Possibly consider using a shorter maxLifetime value.
2026-04-14T15:44:32.224-04:00  WARN 70747 --- [dsp-demo-project] [HikariPool-1:housekeeper] com.zaxxer.hikari.pool.PoolBase          : HikariPool-1 - Failed to validate connection org.postgresql.jdbc.PgConnection@1ab29814 (This connection has been closed.). Possibly consider using a shorter maxLifetime value.
2026-04-14T15:44:44.270-04:00  WARN 70747 --- [dsp-demo-project] [HikariPool-1:housekeeper] com.zaxxer.hikari.pool.PoolBase          : HikariPool-1 - Failed to validate connection org.postgresql.jdbc.PgConnection@672c2952 (This connection has been closed.). Possibly consider using a shorter maxLifetime value.
2026-04-14T15:56:14.904-04:00  WARN 70747 --- [dsp-demo-project] [HikariPool-1:housekeeper] com.zaxxer.hikari.pool.HikariPool        : HikariPool-1 - Thread starvation or clock leap detected (housekeeper delta=58s438ms).
2026-04-14T16:27:33.198-04:00  INFO 70747 --- [dsp-demo-project] [SpringApplicationShutdownHook] o.s.boot.tomcat.GracefulShutdown         : Commencing graceful shutdown. Waiting for active requests to complete
2026-04-14T16:27:33.211-04:00  INFO 70747 --- [dsp-demo-project] [tomcat-shutdown] o.s.boot.tomcat.GracefulShutdown         : Graceful shutdown complete
2026-04-14T16:27:33.212-04:00  INFO 70747 --- [dsp-demo-project] [SpringApplicationShutdownHook] o.s.boot.tomcat.GracefulShutdown         : Commencing graceful shutdown. Waiting for active requests to complete
2026-04-14T16:27:33.213-04:00  INFO 70747 --- [dsp-demo-project] [tomcat-shutdown] o.s.boot.tomcat.GracefulShutdown         : Graceful shutdown complete
2026-04-14T16:27:33.231-04:00  INFO 70747 --- [dsp-demo-project] [SpringApplicationShutdownHook] j.LocalContainerEntityManagerFactoryBean : Closing JPA EntityManagerFactory for persistence unit 'default'
2026-04-14T16:27:33.243-04:00  INFO 70747 --- [dsp-demo-project] [SpringApplicationShutdownHook] com.zaxxer.hikari.HikariDataSource       : HikariPool-1 - Shutdown initiated...
2026-04-14T16:27:33.563-04:00  INFO 70747 --- [dsp-demo-project] [SpringApplicationShutdownHook] com.zaxxer.hikari.HikariDataSource       : HikariPool-1 - Shutdown completed.
